account_id,customer_id,account_type,balance,created_at
1,798,savings,31651.15,2024-04-02 17:54:34.876907
2,4434,savings,18776.09,2024-10-20 11:11:07.672004
3,404,checking,16868.54,2024-09-05 13:42:03.363879
4,2640,checking,14335.14,2024-07-08 16:37:16.528942
5,2515,savings,3209.83,2023-12-28 22:40:17.895346
6,2119,savings,13952.82,2025-06-05 17:51:43.572052
7,4052,savings,10955.78,2026-04-10 04:09:04.466038
8,4569,checking,15629.04,2026-04-14 03:27:06.085359
9,4881,savings,5658.52,2023-10-20 23:01:42.175053
10,4227,checking,36230.31,2025-12-13 15:25:06.186218
11,3981,checking,15472.13,2023-11-27 12:00:30.555165
12,4319,savings,37011.88,2024-10-27 16:26:38.586332
13,573,savings,5833.17,2024-11-03 00:23:41.633071
14,3250,savings,43479.11,2025-12-16 14:16:08.515960
15,4406,savings,40126.57,2024-01-05 15:01:18.838516
16,2714,checking,45387.52,2025-11-24 17:17:01.391630
17,1354,checking,14316.07,2023-10-29 08:54:12.174534
18,351,checking,47289.99,2024-11-09 02:35:44.387002
19,3118,checking,24922.86,2024-12-23 21:32:04.841513
20,2925,savings,1766.63,2024-05-18 20:25:14.502994
21,1185,savings,45505.34,2025-10-12 18:25:24.151184
22,3956,checking,18759.21,2023-11-13 03:35:58.295224
23,1056,savings,20494.83,2025-03-03 02:29:50.113235
24,4902,checking,13977.84,2026-05-07 00:01:45.054712
25,3765,checking,18744.19,2024-07-18 18:42:31.753881
26,1618,savings,45765.31,2025-07-17 08:33:22.465160
27,1089,savings,45154.78,2025-07-19 10:23:47.970886
28,1285,savings,40602.61,2025-08-01 23:58:23.865831
29,1985,checking,3404.01,2023-10-16 13:31:20.810107
30,905,checking,19285.86,2023-11-07 22:26:24.676954
31,2725,checking,10473.17,2024-04-06 10:19:14.887345
32,4178,checking,42163.96,2025-09-28 21:34:21.265989
33,1909,checking,24504.65,2026-03-20 15:15:16.499486
34,2751,checking,25111.27,2023-06-25 14:22:29.359408
35,545,checking,27747.45,2023-06-21 12:42:50.039805
36,365,checking,18260.58,2024-04-29 08:50:59.814880
37,85,savings,15461.33,2025-03-07 02:17:05.866696
38,949,savings,13526.62,2026-03-14 01:09:04.686382
39,2762,checking,5117.63,2025-08-09 16:48:12.673142
40,8,checking,14619.69,2025-01-19 08:48:22.412803
41,769,savings,49781.93,2023-12-09 03:51:13.176462
42,1433,savings,31444.25,2024-10-12 02:53:23.320866
43,619,checking,14507.15,2025-10-04 18:07:34.814251
44,1371,savings,37088.73,2026-03-07 21:29:56.063390
45,3544,checking,36208.41,2024-05-11 03:10:06.830469
46,647,savings,4641.36,2025-02-19 18:30:21.061130
47,1031,checking,6309.22,2024-01-23 02:01:46.282311
48,3129,savings,17809.02,2026-05-06 20:01:16.303600
49,4377,savings,12784.28,2025-08-25 03:45:33.283148
50,2981,savings,10994.04,2025-07-30 05:04:18.544672
51,536,savings,18678.8,2024-06-07 17:43:20.043235
52,2989,savings,40420.27,2023-07-12 05:21:32.809660
53,1849,checking,23508.45,2024-11-28 19:01:16.908693
54,3286,savings,42354.81,2025-04-26 16:32:38.435014
55,667,savings,10156.45,2025-06-07 19:24:32.607195
56,1522,checking,28444.19,2025-10-20 15:11:28.216607
57,3750,savings,10532.72,2024-10-19 15:40:24.484236
58,3177,checking,5298.21,2025-10-29 16:19:36.236312
59,1741,savings,30618.29,2024-04-19 09:08:01.904947
60,522,savings,20804.78,2024-03-14 08:14:16.688744
61,2287,checking,20331.94,2026-01-30 09:20:16.192639
62,2459,savings,17196.11,2026-06-10 17:15:21.478048
63,991,savings,42006.53,2026-04-13 16:37:13.263123
64,1131,checking,38096.15,2024-09-17 20:16:19.973058
65,610,savings,26695.4,2026-01-13 09:05:11.613489
66,3216,savings,39210.09,2024-12-01 20:03:36.940941
67,2330,savings,13877.42,2025-05-23 01:19:54.092070
68,1149,checking,24589.73,2024-02-12 18:35:28.149441
69,1307,savings,12979.08,2023-08-05 04:41:39.364813
70,97,savings,48494.24,2023-09-11 20:41:37.156714
71,3393,savings,43060.13,2025-12-10 06:52:49.322306
72,4364,checking,2656.69,2024-01-16 07:58:00.227019
73,4618,savings,22658.99,2024-04-11 09:21:32.587132
74,3705,checking,38311.48,2025-07-23 19:40:17.325654
75,1831,savings,41324.4,2026-04-08 10:09:59.419820
76,4085,savings,8847.84,2024-05-16 10:30:13.732404
77,1359,checking,6084.64,2024-04-08 22:59:55.223220
78,2627,checking,13146.94,2024-05-02 10:28:02.349441
79,2713,checking,21297.83,2025-09-28 02:03:42.124599
80,4075,savings,11875.55,2025-06-01 06:07:18.309153
81,3877,savings,38798.52,2025-09-17 05:50:20.641642
82,2030,checking,2963.07,2024-01-29 16:05:45.833610
83,1795,checking,12195.96,2023-11-16 14:46:59.566948
84,3043,savings,48392.48,2025-05-22 09:45:43.460422
85,168,checking,14219.67,2024-02-11 11:30:46.130781
86,3746,checking,10822.6,2025-10-03 07:59:18.248499
87,366,savings,21670.89,2024-07-17 09:42:15.951111
88,650,checking,21514.04,2024-01-06 05:31:34.468681
89,4307,savings,42720.09,2024-08-01 15:21:44.793830
90,2783,savings,39305.47,2025-11-13 14:47:07.174272
91,4848,savings,41433.46,2025-10-25 12:02:12.662385
92,4744,savings,3399.42,2024-10-04 03:13:22.282857
93,2312,checking,36693.64,2024-12-18 15:57:07.675634
94,2199,checking,29797.21,2024-05-19 11:17:26.851990
95,2190,savings,35442.67,2023-09-13 18:15:12.789791
96,2833,checking,17546.54,2025-08-03 03:53:06.129451
97,4908,savings,33761.41,2024-05-05 13:39:41.667893
98,158,checking,5785.58,2025-06-03 22:37:59.909572
99,3067,checking,41385.96,2026-02-27 23:40:56.631954
100,4920,checking,40427.67,2024-03-27 01:08:51.150392
101,2202,checking,95.39,2023-08-02 14:28:08.726473
102,3202,savings,21435.92,2025-07-27 20:31:48.926159
103,4831,savings,49099.69,2025-07-08 04:40:12.967507
104,3276,checking,24131.16,2024-07-21 13:45:46.463541
105,492,savings,26701.76,2024-12-15 20:09:57.418236
106,1372,savings,36557.23,2023-07-13 09:04:12.078065
107,409,checking,24244.82,2023-11-15 14:45:03.379326
108,3340,checking,45319.74,2024-08-23 13:44:45.179695
109,4390,savings,39721.97,2024-11-09 23:02:50.233773
110,4522,checking,49082.98,2023-10-28 02:24:51.586939
111,4739,savings,16015.01,2023-11-29 17:14:45.667034
112,151,savings,33705.74,2024-09-11 02:31:45.262333
113,2198,checking,1508.24,2023-07-23 08:27:05.889459
114,2817,checking,46339.88,2025-05-24 10:14:16.672771
115,36,savings,34195.47,2023-10-21 01:46:03.390367
116,695,checking,33971.1,2026-04-03 05:25:49.494593
117,3197,checking,42294.52,2024-02-03 14:08:20.934975
118,3511,checking,21980.98,2024-04-02 04:15:43.227753
119,2819,checking,47341.89,2023-11-03 12:16:25.490197
120,956,savings,24520.5,2023-10-11 10:10:40.816317
121,3753,savings,17695.08,2023-12-24 10:32:29.092899
122,2609,checking,17410.16,2024-06-19 18:05:41.063376
123,4908,savings,18898.69,2023-10-02 10:56:52.486865
124,4676,checking,43765.58,2024-06-02 15:49:17.944615
125,3488,checking,43024.47,2025-11-01 16:43:48.318385
126,2029,checking,36193.57,2026-01-26 14:16:02.874937
127,2814,savings,9366.31,2023-08-25 17:11:57.227878
128,4081,savings,44773.02,2024-05-20 12:13:49.081442
129,3377,checking,20704.41,2025-10-26 16:57:10.152295
130,2614,checking,41128.45,2024-01-30 09:22:21.362005
131,98,savings,33115.23,2024-03-01 19:26:59.345591
132,1380,checking,10647.83,2026-01-07 08:59:58.316561
133,1534,checking,14707.75,2026-02-21 06:18:37.142323
134,71,checking,1058.77,2023-12-21 16:56:02.676561
135,567,savings,44752.8,2024-01-12 08:04:44.459084
136,529,savings,7244.08,2024-12-18 14:23:46.957551
137,4564,checking,21045.7,2023-07-03 12:51:04.854982
138,662,savings,27337.65,2026-05-09 22:51:23.883546
139,978,checking,39423.96,2025-12-14 16:03:58.357266
140,186,savings,43985.57,2023-11-23 20:48:59.670531
141,433,checking,31251.05,2024-10-18 05:16:49.262396
142,2004,savings,9537.41,2023-08-30 21:46:58.076603
143,1896,savings,38430.17,2024-03-07 15:53:29.414667
144,2614,checking,37482.87,2023-11-13 18:49:18.079318
145,2207,checking,42617.75,2026-03-05 16:19:40.669241
146,3740,checking,2491.59,2025-08-29 10:18:02.284319
147,3458,savings,47031.18,2025-09-21 18:23:08.483772
148,2979,checking,23065.65,2024-05-16 23:46:16.937108
149,169,checking,26153.68,2024-05-10 05:30:39.901366
150,1949,checking,44205.48,2023-08-26 10:05:05.506728
151,1581,checking,19044.31,2025-11-21 14:38:10.731785
152,693,savings,16548.35,2025-01-01 15:11:45.457103
153,4567,checking,44292.02,2025-11-03 07:51:00.923434
154,2950,savings,47771.4,2025-10-28 03:58:06.433240
155,3438,savings,14789.29,2023-08-01 01:25:47.497018
156,557,checking,47885.84,2024-01-30 15:21:49.288502
157,4709,checking,28544.81,2025-04-26 01:40:18.178732
158,3166,savings,7760.55,2024-05-31 11:10:14.158489
159,2478,checking,35884.29,2023-12-12 10:23:01.747870
160,4878,savings,7223.65,2025-08-23 18:19:28.725180
161,1886,checking,1685.56,2025-03-08 18:56:56.080541
162,3015,checking,15405.22,2023-07-07 03:32:13.520175
163,4737,savings,23094.16,2025-12-24 14:27:49.833691
164,1603,checking,27432.75,2025-08-04 06:15:13.459690
165,834,savings,26942.42,2024-02-25 18:32:58.386717
166,4458,savings,44471.2,2025-05-13 08:45:15.674363
167,3743,savings,42796.73,2025-12-19 02:48:08.804074
168,3989,checking,9480.19,2024-06-21 15:04:30.684020
169,1413,savings,42887.9,2023-07-05 02:59:43.689173
170,861,checking,23675.07,2025-10-11 06:52:16.276015
171,1520,savings,35078.5,2023-09-21 19:53:27.656566
172,2907,savings,43795.78,2025-05-16 20:54:39.219864
173,4169,savings,44231.62,2025-02-13 10:31:19.435638
174,353,savings,35925.77,2025-03-29 03:57:20.431938
175,337,checking,16952.13,2025-02-13 18:13:33.969620
176,3456,savings,36822.24,2025-07-18 16:01:21.921407
177,3294,checking,44511.92,2024-11-16 09:13:31.143403
178,2539,savings,10910.22,2025-10-31 13:40:13.352077
179,3729,savings,17366.5,2025-06-21 20:25:48.513374
180,3675,savings,19064.01,2025-09-27 06:56:42.768865
181,3318,savings,2587.08,2024-04-01 15:37:41.980654
182,48,savings,23459.91,2023-10-14 17:52:13.483610
183,2536,savings,18599.86,2023-07-20 05:42:08.173094
184,157,checking,33692.53,2024-12-01 17:36:54.853002
185,2233,checking,1734.47,2023-11-15 11:02:23.395069
186,1550,savings,41470.89,2026-04-28 03:19:04.268493
187,4740,savings,47.02,2026-01-28 12:28:58.934158
188,460,savings,14122.13,2025-06-17 22:52:17.729606
189,2193,checking,12255.83,2024-11-24 13:50:57.935705
190,1520,checking,37342.49,2023-11-30 15:42:00.760892
191,158,savings,45033.53,2024-11-27 17:41:37.467344
192,4970,checking,10713.98,2025-07-20 11:26:41.094203
193,2656,checking,4596.39,2025-05-23 06:37:44.298418
194,2952,savings,37203.76,2024-01-29 05:07:34.296951
195,1123,checking,144.82,2025-08-11 14:31:59.501680
196,216,checking,39481.01,2024-09-11 01:37:50.086688
197,2957,checking,40193.73,2023-07-27 08:34:16.481992
198,4173,checking,2911.11,2025-06-28 22:01:41.883957
199,2027,savings,43033.19,2025-03-17 03:54:08.669357
200,3602,savings,46751.35,2025-02-04 06:03:17.063759
201,1223,savings,49373.45,2026-01-05 21:14:01.328459
202,3764,savings,14002.73,2025-04-07 14:51:45.608454
203,4305,savings,46597.13,2026-04-29 00:40:01.347298
204,2424,checking,14108.99,2023-10-05 10:49:16.096744
205,383,savings,7824.31,2025-11-24 06:13:26.219721
206,1971,checking,31363.3,2024-12-28 14:19:09.343992
207,4474,checking,8547.78,2024-07-30 08:25:13.056641
208,4690,savings,18202.38,2024-12-16 17:15:32.552814
209,3005,savings,47412.42,2025-11-13 07:02:44.873135
210,2362,checking,31704.95,2026-01-10 18:18:21.634482
211,1616,checking,42909.78,2025-08-10 19:56:27.353605
212,521,savings,28801.64,2025-11-16 18:29:51.288339
213,3628,checking,38891.08,2024-12-19 15:36:24.882297
214,1544,savings,31664.19,2024-02-24 09:43:31.191993
215,3502,savings,18570.7,2026-06-11 14:14:56.677276
216,1610,checking,34984.01,2025-08-25 10:41:28.173887
217,221,checking,8763.36,2025-05-16 16:43:26.880786
218,4695,checking,43834.38,2025-04-17 16:05:23.940139
219,978,savings,47788.12,2025-08-24 12:43:58.771917
220,2098,checking,1196.91,2024-09-17 05:30:38.233248
221,4853,checking,1743.94,2026-04-07 22:48:48.049786
222,2812,savings,18852.54,2026-03-10 16:19:35.055290
223,4418,savings,20738.7,2024-03-30 12:23:36.405849
224,3484,savings,45947.48,2024-10-06 11:32:57.628176
225,4005,checking,14725.26,2024-05-22 07:55:48.043504
226,1501,checking,47224.11,2024-04-18 20:11:09.495165
227,8,checking,35947.02,2026-01-13 14:52:12.702021
228,3961,checking,49159.83,2024-05-10 22:41:35.570124
229,1348,savings,14494.22,2026-05-18 23:02:41.176965
230,860,checking,2254.65,2025-12-18 13:07:23.037237
231,4159,checking,11795.39,2024-11-02 07:16:16.607988
232,391,checking,48057.37,2024-02-07 00:22:17.365417
233,1033,checking,6157.98,2025-05-24 22:37:06.297327
234,2486,savings,45416.66,2024-03-08 13:32:26.645712
235,1445,checking,15848.38,2023-09-28 12:22:23.696334
236,4469,savings,30323.31,2024-08-15 20:28:04.960994
237,2858,savings,43775.25,2026-04-10 08:56:39.152746
238,3709,savings,18567.29,2026-04-19 12:08:57.094837
239,2565,savings,45996.26,2024-08-15 11:47:53.000165
240,139,savings,5069.6,2025-02-17 08:15:17.539228
241,3016,savings,35997.97,2023-08-16 21:27:50.552914
242,4486,savings,15111.04,2025-06-03 23:53:31.772366
243,3025,checking,48266.01,2024-12-25 15:58:51.527307
244,4410,savings,43211.7,2024-07-18 18:31:16.725800
245,171,checking,7836.2,2025-02-12 21:45:50.629730
246,4435,savings,41532.06,2025-12-13 14:49:13.511154
247,4409,savings,18199.23,2024-02-06 20:05:30.359705
248,2397,savings,18320.82,2024-11-19 15:39:28.628473
249,1152,checking,30955.79,2025-05-29 06:37:56.082242
250,4604,checking,42061.31,2025-12-27 15:43:11.532243
251,3597,savings,42774.51,2025-08-15 13:14:04.817150
252,1796,savings,43362.3,2025-08-10 06:43:39.394629
253,596,checking,12246.96,2023-11-29 16:14:37.381554
254,2718,savings,13433.16,2025-10-11 12:00:50.611286
255,3498,checking,19219.87,2024-01-22 12:03:41.469292
256,375,savings,42872.2,2026-06-05 18:46:15.298055
257,1431,checking,45496.19,2024-06-04 18:37:42.738566
258,246,checking,3726.99,2024-04-27 08:55:07.870990
259,3413,savings,15765.71,2024-11-04 02:43:02.327287
260,4009,savings,15293.37,2024-03-19 21:37:36.903759
261,2874,checking,22933.7,2023-09-07 16:53:02.362945
262,4007,savings,43066.17,2025-06-22 01:23:46.257931
263,131,checking,37193.77,2023-07-07 22:59:08.493757
264,2409,savings,41057.37,2024-12-25 03:31:13.152277
265,297,savings,2407.9,2023-10-28 09:14:52.125239
266,3809,savings,32918.86,2023-11-28 23:38:03.419582
267,4429,savings,25292.78,2026-04-04 23:47:41.793876
268,4815,checking,15156.32,2026-05-10 11:19:29.516125
269,3333,savings,32958.83,2024-04-02 20:35:20.432485
270,4484,checking,29145.12,2024-03-30 06:57:26.184800
271,1042,checking,26430.51,2025-02-10 17:22:32.164500
272,2512,savings,6021.68,2024-12-09 16:44:17.873357
273,4893,checking,3509.46,2026-01-07 06:50:26.475437
274,4835,savings,38413.96,2024-05-10 12:09:32.552922
275,1679,savings,45777.35,2025-02-27 15:03:28.344244
276,1386,savings,29886.06,2024-03-03 20:46:20.847593
277,2177,savings,29155.61,2026-06-01 15:56:07.062734
278,1122,savings,24118.94,2026-03-07 11:48:55.043428
279,4090,checking,17509.21,2025-02-24 00:49:31.221574
280,1380,savings,9152.8,2025-04-04 04:40:12.941594
281,1469,savings,42674.62,2023-11-01 05:36:43.972349
282,1205,checking,22877.47,2025-09-18 04:05:59.616806
283,1704,checking,46762.78,2023-08-19 08:06:02.940243
284,3222,savings,12420.2,2025-09-30 19:34:18.409393
285,26,checking,40611.81,2025-10-20 03:58:19.755157
286,1563,checking,26027.95,2023-12-30 03:39:24.208800
287,1334,savings,5019.04,2024-09-13 03:57:15.304229
288,233,savings,13001.71,2025-06-04 12:02:46.025543
289,2562,checking,26299.88,2025-04-22 02:38:38.402545
290,3329,savings,28409.74,2025-10-20 10:42:31.541483
291,1734,savings,45542.43,2026-05-16 08:27:36.750857
292,3340,checking,37616.75,2023-06-17 06:59:36.919266
293,4209,savings,32087.01,2025-01-01 01:14:37.535077
294,862,checking,14309.9,2024-08-19 13:05:20.407283
295,2894,checking,49867.77,2023-12-11 07:43:05.521963
296,4602,checking,45951.7,2025-01-01 17:22:57.827303
297,1509,checking,7293.65,2023-12-23 20:09:48.250177
298,4149,savings,28532.39,2023-11-29 18:19:27.554143
299,1020,savings,12126.12,2024-01-08 02:08:22.838611
300,4706,savings,29444.75,2023-10-03 00:48:43.619464
301,4777,checking,28536.32,2024-08-07 12:26:41.967489
302,2830,checking,39187.21,2025-10-12 16:51:51.191813
303,3424,checking,27890.36,2023-11-17 12:48:34.057818
304,4662,savings,9751.42,2024-08-27 07:32:13.577670
305,709,savings,36520.26,2023-11-08 11:15:29.105830
306,4374,savings,29065.64,2024-06-10 16:12:08.556873
307,1328,checking,21054.19,2025-09-09 03:09:44.546409
308,2727,savings,22338.66,2026-01-11 22:46:32.250155
309,1817,savings,49967.45,2026-04-24 15:17:31.620163
310,385,savings,42082.96,2026-05-07 08:42:34.277516
311,847,savings,39233.38,2025-08-09 18:44:52.726891
312,716,savings,3796.24,2025-07-30 06:07:20.226521
313,1137,checking,2853.8,2024-11-29 05:43:10.970664
314,4851,savings,36899.22,2024-10-06 13:42:41.847153
315,163,checking,609.2,2025-09-21 22:48:00.830502
316,2097,checking,30277.76,2023-06-14 08:36:02.209518
317,2921,checking,40501.23,2023-10-09 23:58:23.906002
318,2131,checking,11272.11,2024-08-20 09:58:21.131411
319,4227,checking,25497.22,2024-02-16 13:55:37.249058
320,3450,checking,2796.18,2024-02-01 16:33:01.446396
321,2896,checking,39733.51,2023-12-12 01:58:47.776250
322,1676,savings,23353.63,2024-10-21 19:11:40.787596
323,3646,checking,25692.49,2024-06-26 23:45:43.455912
324,4781,savings,23097.37,2025-01-11 05:39:10.796752
325,701,checking,48587.94,2024-07-25 19:23:23.438099
326,4785,checking,22237.59,2024-11-23 04:00:39.318451
327,1485,checking,31859.39,2023-07-05 21:16:20.616795
328,3623,savings,9546.93,2024-08-15 10:47:55.192495
329,1245,savings,37734.21,2023-11-24 16:36:50.624033
330,2807,savings,31219.37,2023-08-16 08:47:19.713278
331,2573,checking,49474.37,2023-11-11 23:08:56.068045
332,2752,checking,11604.24,2023-07-13 04:18:25.225123
333,2950,savings,8555.79,2026-06-11 08:13:59.312958
334,2855,savings,41729.7,2026-05-03 10:54:28.714296
335,2485,checking,25274.2,2024-10-25 21:40:53.408695
336,2052,checking,40337.69,2024-07-26 09:43:13.606178
337,323,savings,19475.25,2026-04-26 19:21:34.272295
338,245,savings,36710.69,2023-11-18 05:29:29.082089
339,3098,savings,26191.11,2025-10-08 07:21:40.715834
340,4566,savings,745.69,2024-08-20 21:30:18.059812
341,1230,checking,33845.43,2023-06-29 15:49:24.236892
342,4031,checking,9129.48,2025-05-20 10:48:49.634702
343,4808,savings,907.82,2023-08-01 05:22:04.134259
344,3202,checking,31613.99,2024-11-18 16:05:04.296484
345,3769,checking,32792.37,2024-05-23 00:37:04.217622
346,3998,checking,1918.8,2026-06-05 22:24:42.025416
347,3985,checking,3044.97,2026-02-21 14:00:20.049871
348,4932,savings,32699.99,2025-08-01 01:52:04.465324
349,2178,savings,17959.0,2023-09-28 09:59:49.996967
350,2679,checking,43214.41,2023-12-20 18:22:54.803392
351,1360,checking,7971.17,2023-10-26 21:06:44.752024
352,717,savings,20417.24,2023-12-10 17:32:13.435528
353,4546,checking,46981.34,2026-06-06 16:16:42.385338
354,1594,savings,26621.06,2023-10-18 02:24:52.477627
355,2556,savings,48041.58,2024-03-18 06:52:26.352985
356,3709,savings,8540.29,2024-12-01 02:30:42.438006
357,3421,savings,36446.7,2023-10-29 05:53:03.966376
358,759,savings,12533.9,2026-06-10 04:59:30.736919
359,1485,savings,34038.8,2024-10-08 00:33:06.001484
360,127,savings,20354.41,2026-01-10 19:28:24.189164
361,1026,checking,37496.1,2026-04-09 19:23:52.908228
362,2579,checking,38597.1,2025-01-14 07:47:54.429459
363,2439,checking,6789.41,2023-10-08 11:14:36.540030
364,1918,savings,958.59,2026-04-08 02:54:47.543927
365,3656,savings,15660.66,2024-10-07 00:10:45.424282
366,1572,savings,23454.84,2024-08-30 04:52:08.170782
367,723,savings,34542.53,2025-04-24 09:34:36.048120
368,3962,savings,45565.44,2023-07-17 10:13:31.811113
369,2696,savings,41897.39,2024-05-11 23:13:11.444027
370,2496,checking,44918.03,2025-07-09 10:07:24.210313
371,3372,savings,44790.48,2024-03-02 07:19:29.893143
372,166,checking,15283.47,2024-08-08 22:37:59.800277
373,1046,savings,1229.24,2023-10-04 17:27:13.415809
374,2096,savings,36766.18,2023-12-21 08:20:34.959966
375,4225,checking,25918.15,2024-06-04 07:43:21.736184
376,146,checking,44174.71,2026-06-05 01:45:05.977076
377,3226,checking,49833.17,2026-05-24 17:06:20.000191
378,2760,checking,29734.12,2025-06-17 01:49:42.365865
379,2077,savings,20253.14,2026-02-14 19:43:26.224825
380,1804,checking,22699.33,2026-02-18 03:32:05.947475
381,3892,savings,6195.46,2025-05-06 21:30:40.795377
382,3302,checking,813.11,2024-01-15 23:54:12.342963
383,2971,savings,28853.84,2025-04-09 13:07:08.635746
384,1099,savings,40118.75,2025-03-28 06:39:39.003316
385,1149,savings,24543.92,2024-03-08 07:12:05.124190
386,4998,checking,37382.33,2023-11-17 11:13:18.811629
387,3185,checking,6922.72,2025-11-01 10:16:09.635325
388,4855,checking,6944.9,2023-10-15 17:02:37.848444
389,717,checking,18361.27,2025-05-07 15:04:40.497730
390,3815,checking,22186.17,2024-01-13 21:33:36.213341
391,2241,checking,24145.11,2025-01-16 22:23:40.903470
392,2506,checking,39864.13,2026-03-09 03:46:02.435131
393,3850,checking,27040.64,2024-08-05 00:49:17.522611
394,1617,checking,24172.89,2026-01-01 01:24:31.763570
395,3297,checking,20174.86,2023-11-05 16:50:46.216508
396,2266,savings,13056.73,2025-04-22 01:18:09.206334
397,2669,savings,13129.36,2023-11-01 21:03:01.513597
398,4451,checking,26093.68,2025-11-12 16:13:22.293727
399,4125,savings,46992.98,2024-11-20 08:53:32.288866
400,3864,checking,21629.35,2023-09-23 04:21:02.536119
401,3119,checking,34181.5,2025-10-04 13:41:08.915812
402,874,checking,4277.11,2024-03-16 12:59:15.279392
403,3135,savings,1948.41,2025-01-03 01:21:08.420133
404,1791,savings,7607.32,2024-07-11 01:23:34.749483
405,3946,checking,33886.62,2025-11-28 05:57:31.466598
406,2919,savings,25481.0,2024-07-11 21:48:39.789242
407,1971,savings,39595.4,2024-12-24 22:43:42.581894
408,4908,checking,27147.96,2025-04-04 12:53:41.658401
409,4793,checking,29420.47,2023-09-26 10:44:59.811709
410,3480,checking,24956.69,2023-07-19 14:53:26.353080
411,1130,checking,22215.09,2024-11-09 05:07:54.513532
412,2144,savings,4648.43,2024-05-05 15:01:36.726875
413,3660,savings,48154.39,2026-02-06 03:07:13.595218
414,2020,savings,45654.9,2025-12-23 01:06:22.810535
415,4696,savings,16145.38,2025-01-25 20:07:35.517414
416,3431,checking,30121.23,2024-01-26 14:10:41.417223
417,1539,savings,30728.8,2026-04-22 11:51:37.936528
418,51,savings,42323.79,2026-02-06 09:25:39.536177
419,4995,savings,42079.04,2023-10-15 22:55:23.405672
420,4454,savings,37710.75,2025-06-14 09:20:33.650448
421,2764,checking,33572.01,2023-09-15 23:58:15.679606
422,2515,savings,39308.88,2023-07-10 08:08:16.058225
423,451,checking,26463.83,2023-08-10 01:35:12.897059
424,1537,checking,38954.43,2024-08-28 06:15:43.307014
425,3905,checking,12774.99,2023-07-14 17:56:41.099034
426,684,savings,13468.71,2023-06-15 02:35:58.635677
427,3169,savings,13192.51,2023-11-18 04:58:28.362040
428,1597,savings,14079.75,2025-06-06 07:37:52.405519
429,723,savings,40988.13,2025-04-22 02:35:08.266443
430,337,checking,49703.38,2026-05-09 05:13:28.691478
431,3133,checking,9424.14,2025-03-05 17:32:22.185668
432,1566,savings,4669.5,2023-12-21 01:00:52.735278
433,352,savings,21235.79,2024-10-17 10:23:26.012982
434,4121,checking,32144.93,2023-11-09 05:29:09.504651
435,2046,savings,8870.95,2024-01-04 09:08:23.000162
436,550,checking,33544.18,2023-11-30 14:20:52.234025
437,654,savings,37176.38,2024-10-09 21:00:12.675021
438,37,savings,44695.05,2023-08-16 22:18:09.312382
439,4926,savings,11497.9,2024-09-29 11:01:46.779369
440,1925,checking,10124.12,2024-05-30 16:33:56.501057
441,4789,checking,23765.5,2025-09-30 17:58:13.864014
442,983,savings,11917.07,2023-08-22 09:44:12.815518
443,2223,savings,43882.2,2026-02-11 03:42:10.070925
444,3389,checking,26075.89,2023-10-03 10:24:49.472434
445,4844,checking,19625.16,2023-10-19 06:32:53.495122
446,1429,checking,4600.41,2025-08-20 16:57:59.166124
447,3172,savings,19065.26,2025-04-30 12:50:40.995563
448,4353,savings,2857.66,2024-05-12 13:26:13.105847
449,3647,savings,15697.05,2026-04-23 10:13:22.178219
450,2421,checking,9302.77,2024-09-23 09:23:02.987141
451,3786,savings,12011.35,2024-04-23 22:57:44.152126
452,3624,checking,6791.63,2023-10-15 12:31:16.283552
453,4966,checking,31114.89,2026-03-03 12:42:54.051545
454,3669,checking,21369.47,2023-09-30 20:05:07.820966
455,209,checking,31934.17,2024-03-28 08:23:49.496571
456,3687,savings,18275.75,2025-11-15 23:51:56.219849
457,115,savings,12709.21,2024-10-17 04:28:23.169398
458,2821,savings,14318.14,2025-03-24 23:49:36.469943
459,3569,savings,3149.98,2023-09-10 10:08:45.565150
460,3353,checking,27503.32,2025-06-13 05:26:28.205646
461,36,savings,28350.44,2023-06-28 01:35:29.257035
462,3575,savings,30995.16,2023-07-25 09:08:02.544630
463,2828,savings,12893.65,2024-08-11 03:04:27.607365
464,955,savings,8785.47,2025-08-07 17:37:56.341198
465,617,savings,7066.23,2025-04-09 11:04:13.723351
466,1270,checking,10966.97,2025-05-27 03:46:29.081942
467,2338,checking,33487.65,2024-07-05 07:34:16.336748
468,1170,savings,29849.53,2024-05-21 00:44:00.174475
469,2595,savings,20994.3,2024-11-13 16:06:03.741356
470,1845,savings,8972.36,2024-09-11 18:27:15.309276
471,456,savings,44701.12,2025-10-08 23:24:31.453859
472,1021,checking,32092.77,2025-08-18 06:09:50.186727
473,3664,savings,23204.68,2024-08-26 05:09:16.198464
474,1036,checking,14753.22,2024-07-16 22:50:39.834782
475,436,savings,31631.71,2026-05-10 12:30:40.440557
476,4311,checking,47649.87,2025-10-26 15:33:12.081305
477,126,checking,6989.91,2026-02-12 19:19:49.446617
478,3434,checking,44032.72,2025-09-05 11:28:43.457721
479,2477,savings,19131.24,2024-10-31 21:57:00.929810
480,3129,savings,4248.83,2024-10-31 12:56:50.633879
481,134,savings,40852.67,2023-06-16 23:56:37.603373
482,366,checking,21470.5,2025-01-20 23:15:56.997679
483,1982,savings,12038.81,2025-04-26 09:30:38.601837
484,1502,savings,31194.97,2024-12-17 08:21:53.168465
485,964,checking,33642.98,2024-03-06 10:09:39.782241
486,1160,checking,42956.88,2023-07-12 08:06:51.071990
487,2145,savings,43954.86,2026-02-02 00:38:42.385711
488,2827,savings,17751.88,2025-11-28 13:32:41.307491
489,3149,checking,1092.42,2024-06-24 17:09:38.456591
490,4795,savings,18015.97,2023-12-20 19:30:33.696398
491,3472,savings,30129.31,2025-01-20 07:28:26.974311
492,4262,checking,7902.65,2026-05-27 03:16:14.873040
493,2138,checking,44894.29,2024-10-14 12:39:55.092074
494,1585,savings,3935.04,2025-10-11 06:41:54.525218
495,4748,savings,25955.91,2025-11-24 23:35:18.712511
496,65,checking,23974.57,2026-05-23 19:00:10.686389
497,2856,savings,12070.08,2024-03-21 05:43:53.681130
498,3365,savings,35560.36,2025-01-16 17:27:07.282658
499,1834,checking,27013.35,2023-09-15 15:08:24.215579
500,67,checking,8589.47,2024-08-25 04:44:52.172968
501,1966,savings,31321.86,2023-09-08 04:08:53.389449
502,1961,savings,30868.91,2024-10-27 05:50:11.050480
503,609,savings,1298.83,2024-05-05 19:36:08.228556
504,1767,checking,24203.92,2024-05-27 08:13:30.238611
505,2157,checking,47797.56,2025-12-16 07:24:50.111970
506,1529,savings,15405.33,2024-07-19 10:49:30.665634
507,466,checking,47043.39,2026-05-23 01:39:22.493808
508,4487,savings,38061.87,2025-02-12 11:43:22.583114
509,4372,checking,14031.98,2023-07-16 07:13:53.304026
510,2633,savings,43371.56,2025-05-15 19:14:22.543698
511,675,savings,44466.71,2026-02-22 17:08:25.495139
512,2130,savings,30205.1,2026-03-11 13:04:21.581182
513,4413,checking,28963.99,2024-06-12 22:25:51.595583
514,1259,checking,22010.29,2024-05-05 03:57:51.877320
515,4730,savings,21563.28,2025-05-15 17:15:48.454716
516,42,checking,41445.42,2025-06-01 06:50:10.561358
517,1163,checking,7074.31,2024-07-10 23:11:01.146056
518,1928,checking,40649.27,2026-03-10 22:38:57.100828
519,4737,savings,30891.71,2025-12-11 23:18:57.051114
520,3565,checking,4270.73,2025-12-12 05:09:13.491273
521,495,savings,22496.53,2024-04-27 13:17:37.020159
522,2632,savings,31229.92,2023-10-16 14:55:04.305843
523,102,checking,45952.4,2024-04-08 19:06:22.329734
524,1694,savings,2790.2,2025-05-10 23:44:25.355274
525,627,checking,15835.62,2025-05-21 09:56:11.385114
526,3598,checking,29182.48,2025-02-16 09:06:37.800246
527,1115,checking,37652.38,2024-03-30 15:47:36.617923
528,3329,savings,23589.46,2024-10-21 10:50:33.134161
529,489,checking,34555.86,2024-10-06 10:22:36.680294
530,886,checking,6322.77,2024-02-21 02:27:58.587440
531,2653,checking,44373.58,2026-05-16 20:29:28.294334
532,1387,checking,36846.08,2024-08-31 10:48:07.748164
533,3158,checking,18568.18,2023-11-02 10:56:25.528409
534,3394,checking,5297.14,2025-05-12 06:03:14.940141
535,1781,savings,26158.88,2025-04-22 12:28:56.422566
536,3970,checking,22583.3,2024-06-14 15:10:00.528490
537,110,savings,12384.99,2023-08-28 12:45:21.157309
538,108,savings,45928.44,2025-09-29 20:31:17.512728
539,1630,savings,4625.89,2023-11-01 22:41:58.807925
540,4412,checking,48007.09,2023-10-25 12:25:36.098587
541,3779,checking,32477.34,2023-08-24 10:06:36.644068
542,2592,checking,4578.02,2026-05-06 17:34:22.547171
543,1137,checking,35082.54,2023-07-11 17:56:57.968498
544,4447,checking,28191.7,2024-06-18 07:19:02.625951
545,349,savings,43949.82,2023-09-04 01:30:49.361094
546,464,savings,8208.4,2023-08-23 06:32:53.859498
547,1122,savings,10809.9,2026-05-18 21:49:14.543468
548,218,checking,31357.38,2025-03-10 01:03:45.252047
549,2524,checking,9476.37,2024-04-21 04:18:51.967199
550,1003,checking,26086.41,2025-05-22 21:35:34.589448
551,144,savings,13049.66,2025-11-16 09:06:40.047182
552,3182,checking,22570.96,2026-03-08 23:40:46.216039
553,541,savings,35927.78,2023-11-16 00:04:41.971531
554,1825,savings,43752.68,2023-06-28 11:37:42.165935
555,2845,checking,42443.11,2023-08-02 22:31:29.012857
556,2633,checking,20004.79,2023-09-19 23:44:44.516210
557,2095,checking,9066.99,2025-12-18 07:57:07.384310
558,4863,savings,27354.16,2025-10-23 05:36:06.037675
559,2431,checking,25778.7,2025-02-22 07:14:33.156257
560,1444,checking,30620.68,2025-05-28 13:23:35.037699
561,3382,checking,23422.84,2026-05-20 05:28:09.711081
562,1091,checking,14627.3,2025-03-28 22:42:05.350958
563,1278,checking,6443.12,2025-04-10 21:55:30.902324
564,36,checking,6987.0,2025-08-04 12:06:44.501617
565,178,savings,8817.26,2024-12-05 15:33:26.494879
566,2898,savings,20085.71,2024-02-19 06:08:57.805564
567,1230,checking,23151.45,2025-09-26 00:40:26.589859
568,1751,checking,3783.37,2024-04-02 10:45:45.973230
569,1626,savings,40302.23,2023-09-19 16:37:44.827798
570,3592,checking,44477.25,2024-09-16 12:50:16.646781
571,299,checking,4002.42,2025-01-21 20:17:04.334364
572,2244,checking,10898.91,2024-04-08 18:12:24.095070
573,1387,savings,21961.96,2026-05-08 08:29:11.260182
574,1455,savings,21112.26,2024-02-08 20:37:38.848300
575,308,savings,38797.65,2026-01-25 16:26:39.715179
576,2104,checking,8577.58,2025-11-14 05:41:51.245280
577,1857,savings,49222.52,2025-07-15 04:06:00.806662
578,2577,savings,35181.81,2024-04-07 12:33:46.297138
579,2288,checking,49474.07,2025-10-21 14:00:37.294965
580,4319,checking,964.48,2025-08-14 16:12:31.411446
581,799,savings,24126.0,2023-08-22 13:19:02.915308
582,614,checking,2850.54,2024-05-31 13:40:34.705187
583,2787,savings,10057.18,2026-04-22 16:56:42.891424
584,2164,savings,25158.23,2025-09-02 12:34:35.526490
585,1169,savings,38174.1,2026-05-03 13:27:45.269129
586,1166,checking,15875.21,2025-11-06 23:00:04.667150
587,2607,savings,19996.52,2024-05-26 03:44:55.618351
588,2462,checking,5323.15,2025-04-16 19:15:21.484370
589,2373,savings,23896.12,2024-04-09 06:53:41.116367
590,1084,savings,43417.92,2024-03-06 03:16:32.120907
591,2500,checking,21453.05,2025-07-21 08:48:40.798704
592,690,checking,26147.26,2024-01-18 04:27:02.422181
593,655,checking,27134.18,2025-12-15 21:00:17.938454
594,2804,savings,49135.87,2025-04-04 20:21:37.648785
595,1632,savings,33802.58,2024-09-29 04:20:00.649297
596,78,checking,38078.52,2023-09-02 00:07:25.279635
597,1828,checking,21448.25,2025-08-13 19:44:28.532429
598,3463,checking,2062.05,2025-08-06 05:05:05.526822
599,4539,checking,41345.41,2024-07-24 17:47:39.701668
600,2946,savings,18504.5,2024-07-05 15:23:04.922477
601,696,savings,43405.38,2025-09-16 05:30:30.710479
602,2097,savings,49557.97,2024-02-20 06:04:47.011204
603,3199,checking,12989.88,2026-05-18 19:47:55.979204
604,846,savings,23487.03,2025-03-16 01:53:50.308083
605,3320,savings,21364.05,2023-09-01 09:10:28.523439
606,215,checking,33603.67,2025-03-19 13:22:10.092912
607,4438,checking,7895.35,2024-02-23 14:15:02.231004
608,3329,savings,16631.82,2025-05-10 08:52:58.154889
609,3696,savings,17195.85,2024-03-23 02:29:04.462337
610,4654,savings,30720.65,2026-04-13 15:17:10.218026
611,4716,savings,19963.26,2025-12-31 21:06:04.909206
612,335,savings,43650.05,2024-04-20 13:26:52.450834
613,4939,savings,48980.63,2025-11-02 22:45:44.538798
614,4487,savings,40281.57,2025-06-21 03:24:22.793079
615,476,checking,4585.38,2024-11-07 10:27:47.966330
616,1970,savings,18548.72,2026-06-02 13:36:08.749775
617,2131,savings,49465.9,2025-10-03 15:28:16.622829
618,2511,savings,43698.31,2025-04-10 19:00:19.796238
619,2488,savings,10449.04,2025-11-13 15:03:48.923929
620,2618,savings,30805.53,2024-09-28 21:01:24.570355
621,4716,savings,41923.54,2026-02-04 01:07:14.800760
622,1905,savings,14962.81,2025-05-31 14:00:01.166708
623,3532,checking,48212.91,2026-05-17 14:11:57.098062
624,4194,checking,17492.08,2023-08-25 13:26:24.562331
625,4711,savings,28957.4,2025-10-08 00:04:17.440990
626,603,checking,11969.91,2025-03-21 16:31:57.305038
627,2511,checking,12906.29,2025-12-01 12:41:40.936979
628,962,checking,6192.76,2024-04-28 07:16:10.965962
629,1642,checking,26914.54,2025-10-20 19:09:56.389083
630,2230,savings,48749.82,2024-05-10 23:19:43.458873
631,222,checking,38860.96,2024-07-04 00:23:27.950709
632,729,savings,4555.52,2023-11-01 15:13:15.871911
633,476,checking,24014.56,2023-08-02 12:32:10.629715
634,1513,savings,15527.42,2025-06-06 15:27:50.461935
635,4623,checking,35171.78,2025-08-10 13:38:45.222356
636,1015,savings,15848.11,2024-06-07 04:44:21.130683
637,183,checking,20919.09,2023-11-10 18:35:15.415424
638,1852,savings,26981.89,2026-02-13 17:06:16.864925
639,4531,checking,11242.72,2024-06-19 03:48:17.890074
640,3498,checking,19704.18,2024-09-17 22:34:56.183294
641,2902,savings,23952.01,2024-10-06 19:53:56.495879
642,1322,savings,32007.58,2025-02-19 21:25:38.678794
643,1190,checking,26736.56,2023-12-29 09:10:26.672925
644,3858,checking,37762.9,2023-08-18 17:57:41.496350
645,1771,savings,9815.6,2025-12-15 00:04:49.778493
646,3043,checking,34965.77,2024-12-29 12:41:31.081778
647,3074,savings,5012.17,2024-04-16 02:53:15.321750
648,4247,checking,19090.52,2025-04-30 11:16:00.610379
649,4548,savings,42803.93,2024-02-27 16:09:27.685410
650,315,savings,44887.64,2025-08-24 14:48:56.468669
651,843,checking,16835.2,2024-04-22 08:12:56.456134
652,2631,savings,4826.33,2024-05-23 06:56:34.922227
653,660,checking,47357.64,2026-01-14 20:00:25.915772
654,4082,checking,37830.28,2025-07-14 21:59:58.573916
655,1964,checking,19079.88,2024-08-28 11:29:46.314425
656,3826,savings,32406.26,2024-11-11 18:47:30.658568
657,3867,savings,21506.76,2024-02-06 16:13:06.348153
658,2875,checking,43497.48,2024-05-14 15:04:56.958354
659,4217,savings,36697.45,2023-09-12 10:42:32.704856
660,337,savings,44233.02,2025-08-15 06:08:56.564474
661,1742,savings,39395.84,2024-10-03 02:03:05.053819
662,222,savings,7501.29,2023-07-09 12:13:10.447988
663,2107,checking,4779.58,2025-06-30 00:28:33.197332
664,1027,checking,20640.01,2026-03-27 04:30:43.055408
665,2585,savings,24681.65,2023-08-31 08:10:32.356606
666,34,savings,49792.56,2025-02-17 01:29:03.644432
667,3939,savings,26143.09,2023-09-21 22:18:51.757516
668,127,savings,17954.14,2024-01-23 20:19:55.609919
669,4556,checking,30840.47,2024-03-18 19:48:33.644226
670,2424,checking,10562.41,2025-05-13 00:57:12.489157
671,2660,checking,29197.59,2023-09-25 04:21:33.353844
672,3244,checking,43647.74,2023-07-04 06:29:36.564858
673,4287,savings,2311.01,2024-04-07 12:09:40.411059
674,727,savings,6622.26,2025-10-08 00:46:04.157089
675,1959,savings,22085.37,2024-11-16 18:28:11.568324
676,1998,savings,45125.76,2025-01-13 16:08:22.383260
677,1470,savings,39821.53,2024-08-19 08:42:56.833805
678,4169,checking,10752.0,2024-02-21 02:55:50.712320
679,2058,checking,17588.75,2024-11-11 02:38:54.413743
680,3378,savings,32784.47,2024-06-30 16:54:20.499961
681,1886,savings,5720.54,2023-06-21 21:18:06.025919
682,4037,savings,9536.39,2024-07-25 09:00:32.732698
683,2182,checking,28077.4,2024-04-20 07:36:11.278931
684,3461,checking,15143.62,2025-07-14 23:04:24.018653
685,2321,checking,20549.72,2025-08-02 09:26:07.208598
686,4813,checking,5686.56,2024-05-25 05:16:28.461064
687,374,checking,8764.01,2025-12-13 17:26:47.606478
688,834,checking,12961.7,2023-10-14 10:46:26.308799
689,2150,checking,8419.7,2025-12-12 12:25:46.327084
690,2073,checking,32145.67,2024-12-02 13:26:12.022087
691,3227,savings,15976.06,2025-09-26 15:09:53.687872
692,977,savings,11779.28,2025-04-18 13:05:03.964175
693,2953,savings,4626.78,2026-05-24 03:41:42.422110
694,4035,checking,16721.64,2025-09-30 13:25:18.616688
695,2211,savings,39122.78,2023-06-25 21:09:28.716501
696,4841,checking,2820.22,2024-10-20 17:00:40.222375
697,1496,checking,16224.06,2025-02-17 22:34:02.241105
698,4199,savings,36954.71,2023-12-19 08:06:48.168850
699,738,checking,49889.39,2024-05-04 10:07:25.465533
700,4781,checking,7918.78,2024-12-24 11:21:51.281156
701,3023,savings,48983.15,2024-10-18 11:14:48.829292
702,4248,savings,14564.22,2024-04-27 09:35:48.816169
703,4336,checking,97.57,2024-06-04 20:33:33.282760
704,2689,savings,31325.74,2023-10-06 15:10:30.234234
705,2226,checking,5973.96,2025-12-15 17:23:29.946972
706,4405,savings,21542.65,2025-06-16 14:57:03.159988
707,2673,savings,15069.42,2026-04-29 20:55:51.538286
708,3799,checking,25975.37,2023-07-03 04:22:47.031178
709,2290,checking,38281.55,2025-09-04 18:29:19.846432
710,597,checking,42797.67,2025-01-02 17:43:35.061450
711,4416,savings,5194.4,2023-12-17 11:04:14.518457
712,3397,checking,5250.3,2025-07-30 05:34:50.484630
713,3211,savings,20891.54,2025-06-04 11:19:03.118492
714,3113,checking,14761.41,2023-09-23 16:54:30.912703
715,1850,checking,10210.48,2024-02-20 16:47:46.519002
716,1036,checking,31098.37,2024-06-24 16:33:55.044967
717,2352,savings,43418.09,2024-08-01 07:15:44.483381
718,2968,checking,34562.35,2025-07-22 15:37:09.648048
719,4663,savings,40090.72,2025-12-21 19:28:02.893332
720,4367,savings,77.14,2025-03-10 16:19:21.765201
721,2152,savings,14897.18,2025-12-07 20:50:18.965230
722,2899,checking,10775.49,2026-02-18 07:14:04.793340
723,1094,checking,44809.38,2025-04-12 02:48:11.525713
724,4686,savings,14182.38,2024-12-23 22:39:35.617572
725,4160,savings,40656.62,2023-07-18 14:23:13.370058
726,2023,checking,29925.21,2026-05-04 05:44:18.650502
727,2292,savings,7627.32,2024-03-20 20:57:40.590075
728,4209,savings,13480.06,2026-05-14 21:59:57.234924
729,1061,checking,22951.68,2024-02-29 07:24:17.399699
730,3856,checking,24859.95,2023-11-11 22:50:40.685015
731,2083,checking,19952.33,2024-10-24 09:53:51.413916
732,18,checking,9862.24,2026-05-06 00:11:42.318595
733,2616,checking,37097.08,2026-04-29 14:40:07.763874
734,3669,savings,28324.75,2025-10-09 15:08:01.262603
735,2851,savings,23302.83,2026-06-01 18:40:37.440535
736,4464,checking,44693.53,2024-10-31 20:04:18.929222
737,4479,savings,19301.35,2025-12-28 18:31:31.190514
738,1595,savings,21837.2,2024-11-04 23:17:57.388092
739,799,checking,1626.82,2024-11-01 02:16:31.671100
740,4728,savings,46828.43,2025-03-07 03:36:28.424849
741,3479,checking,10473.61,2023-09-17 01:09:36.310174
742,397,checking,32205.37,2025-02-22 01:01:37.039402
743,326,checking,12132.19,2024-04-30 01:53:00.993919
744,2209,savings,39157.75,2023-09-06 05:46:10.550987
745,3605,savings,3220.53,2023-07-16 06:48:42.564723
746,1861,checking,43143.61,2026-02-16 04:02:54.583552
747,1591,checking,30045.71,2025-07-04 21:48:16.084056
748,2294,savings,40787.81,2023-09-12 22:05:30.591905
749,2766,savings,3494.92,2023-12-19 07:21:00.928849
750,4846,checking,47043.84,2026-03-07 02:16:45.984925
751,3987,checking,43827.67,2024-07-01 05:21:31.602325
752,4044,checking,38707.85,2023-08-31 18:47:56.728985
753,2391,savings,44710.69,2023-09-03 01:38:16.815970
754,901,savings,39980.62,2023-11-11 22:43:46.485043
755,2300,checking,39222.52,2023-07-29 19:07:01.713943
756,840,checking,44213.53,2025-04-06 19:20:17.600076
757,4358,checking,36384.96,2023-07-31 01:16:50.596503
758,4898,savings,8269.0,2024-01-26 09:12:24.245009
759,2585,checking,16281.8,2023-08-28 11:04:14.028049
760,2041,checking,28339.81,2026-02-11 08:51:08.508543
761,1099,savings,45035.13,2025-07-06 09:27:18.471202
762,1335,checking,38261.11,2024-10-08 10:56:21.036493
763,2039,savings,31817.65,2025-04-18 05:27:24.591994
764,3100,savings,6081.84,2024-05-26 17:48:21.251489
765,3540,checking,14782.77,2025-12-28 23:35:31.874734
766,1356,savings,1813.27,2025-07-02 05:49:15.684604
767,533,checking,44354.44,2026-03-12 11:23:18.040817
768,4748,savings,16891.15,2026-05-04 00:32:25.153289
769,2000,checking,14946.1,2025-06-27 16:43:15.291715
770,4484,checking,33008.75,2024-01-17 15:15:56.226862
771,2360,savings,15047.3,2024-01-27 19:42:35.509465
772,4494,savings,31115.72,2025-05-24 19:43:45.927006
773,2913,savings,11465.26,2024-11-02 07:17:10.332247
774,3477,checking,24185.37,2023-07-21 20:46:39.581671
775,417,savings,22942.61,2024-01-19 21:09:00.864682
776,3788,savings,18458.99,2024-01-10 16:54:31.717719
777,1058,savings,13587.52,2025-08-28 10:15:27.476941
778,348,savings,12608.79,2025-02-12 22:32:57.623898
779,2898,checking,10390.17,2026-02-15 15:25:58.377656
780,1066,checking,10077.65,2026-02-12 02:36:11.630546
781,2033,checking,41303.88,2026-05-19 17:34:08.792576
782,3297,checking,24501.4,2024-07-12 04:13:23.962438
783,1565,savings,28132.95,2025-07-20 07:35:24.273244
784,4414,checking,5272.0,2023-07-19 07:38:32.092132
785,4721,savings,8434.89,2024-04-22 07:53:44.981993
786,4352,checking,31157.26,2024-10-10 07:54:39.296616
787,872,savings,41243.36,2024-03-23 09:34:33.930359
788,1738,savings,49056.13,2025-01-05 04:03:33.040565
789,1156,savings,11041.19,2024-10-02 05:09:47.989440
790,1626,checking,30760.77,2023-07-25 19:40:18.038738
791,980,checking,14347.57,2025-09-19 07:57:17.741546
792,339,checking,42698.42,2026-05-22 12:52:49.851388
793,2706,savings,47117.01,2023-12-19 20:46:44.493931
794,1158,checking,46279.46,2026-02-13 07:50:54.579952
795,3987,savings,26494.65,2026-01-03 22:14:22.703904
796,2448,checking,43443.8,2024-01-19 16:26:59.109044
797,4620,savings,1732.22,2026-03-23 18:01:58.579491
798,4905,savings,3835.76,2024-07-26 04:50:53.486073
799,285,checking,49104.6,2024-05-21 20:02:56.873416
800,4862,checking,24956.16,2025-03-27 12:58:15.052018
801,4553,savings,39880.77,2024-10-13 18:29:37.462802
802,4255,checking,47510.52,2024-09-24 18:41:28.011482
803,4443,savings,43869.19,2024-11-04 10:17:10.924738
804,1082,savings,32962.61,2024-07-11 04:18:44.500155
805,1022,savings,12117.3,2024-07-26 20:33:38.639556
806,1282,savings,26456.49,2024-11-24 09:40:57.618164
807,2314,checking,35081.61,2026-02-19 11:14:20.737340
808,4423,checking,20325.96,2025-05-26 18:00:27.470148
809,2437,checking,33270.51,2024-10-28 13:50:03.054292
810,2865,savings,31277.38,2024-09-22 10:24:12.235818
811,3902,checking,13304.98,2024-05-09 19:20:05.414347
812,147,checking,43500.65,2024-08-25 11:32:58.748589
813,2878,savings,17348.81,2024-12-21 06:57:49.737251
814,2470,checking,15951.65,2024-07-29 16:45:25.532388
815,4627,checking,3368.94,2025-09-08 00:37:43.110587
816,3458,checking,48338.62,2024-07-21 04:36:20.930339
817,900,checking,20346.96,2024-11-08 08:31:15.506767
818,4689,checking,4561.27,2025-05-04 08:34:13.584473
819,1837,checking,18318.34,2023-12-10 01:29:52.396847
820,791,checking,33587.1,2026-03-19 20:53:19.056483
821,1570,checking,47129.64,2024-01-11 13:49:18.612334
822,1969,savings,4132.01,2023-06-28 06:19:30.999124
823,675,savings,25588.35,2024-09-21 13:08:54.906123
824,141,savings,11383.19,2024-03-02 00:55:24.401368
825,4263,savings,26285.34,2025-12-31 03:21:57.793112
826,2,savings,18800.06,2025-04-05 20:13:24.402464
827,3408,savings,3774.9,2024-12-30 07:55:35.681959
828,2465,checking,44995.24,2025-02-08 01:05:13.020041
829,3372,savings,31875.99,2026-03-22 10:42:57.222109
830,3493,savings,14678.12,2024-11-13 11:48:56.150608
831,2829,savings,43884.56,2025-11-12 05:59:27.875757
832,557,checking,46091.23,2023-06-22 16:09:35.328407
833,2627,savings,49891.69,2023-06-17 03:41:07.093551
834,3408,savings,21488.51,2026-06-09 18:03:18.969456
835,2081,checking,3179.58,2025-09-06 10:03:28.118555
836,2239,checking,18022.06,2023-09-07 02:59:14.815607
837,432,checking,27642.32,2025-01-01 05:54:48.287145
838,934,savings,32065.02,2024-09-17 23:52:00.161289
839,2689,savings,22377.74,2024-08-25 21:48:55.589506
840,405,checking,33360.01,2024-06-15 15:57:52.013120
841,1914,savings,44509.09,2026-01-08 11:15:35.523411
842,1945,checking,11236.29,2025-03-13 00:18:46.176991
843,4433,checking,40096.05,2026-04-13 10:10:05.190476
844,1497,checking,4960.62,2023-10-10 18:36:29.746995
845,3008,checking,38730.28,2023-06-22 15:43:50.291533
846,1905,checking,43394.74,2026-03-15 22:42:34.336132
847,505,savings,17171.52,2024-12-24 03:36:23.302516
848,2859,savings,40661.7,2023-08-28 01:22:45.775008
849,3400,savings,41827.59,2023-10-07 00:40:07.432754
850,3185,checking,46134.81,2023-09-24 20:03:04.093443
851,2384,checking,33261.32,2025-09-16 05:33:16.496256
852,4272,checking,48669.59,2024-09-18 20:16:40.867725
853,3160,savings,17837.64,2024-09-27 13:14:27.850981
854,2660,checking,33936.21,2025-11-23 04:47:48.869436
855,3737,savings,16343.78,2024-06-23 13:50:05.124314
856,1986,savings,35462.4,2023-12-04 11:23:11.726080
857,4419,savings,43450.36,2026-03-22 02:36:43.447734
858,1514,savings,33755.08,2024-03-25 03:05:45.675776
859,1617,checking,49147.4,2025-08-24 22:50:13.296626
860,560,checking,19518.28,2024-04-24 15:44:39.374853
861,1270,checking,12298.33,2025-05-10 04:49:09.665802
862,4414,savings,39263.94,2023-11-11 20:25:24.709599
863,2763,savings,30291.99,2024-04-03 00:51:49.478517
864,2089,checking,38083.03,2025-03-10 16:14:43.632865
865,712,savings,14928.17,2023-08-31 18:51:29.416297
866,517,savings,43510.69,2023-06-15 02:10:54.906105
867,3269,checking,49343.41,2026-06-13 09:17:35.414429
868,808,savings,23329.15,2024-08-30 01:32:33.816758
869,2300,savings,4648.27,2025-07-06 15:47:50.077907
870,958,savings,48438.36,2024-02-14 20:15:37.419642
871,15,checking,27680.12,2025-09-25 12:26:57.409251
872,3228,checking,48796.29,2026-05-08 06:25:09.706577
873,3227,checking,36213.84,2024-02-09 13:50:20.720242
874,3939,checking,34235.86,2025-10-29 18:37:07.728277
875,2522,checking,4863.63,2025-07-15 00:50:05.204354
876,2951,savings,18718.07,2025-01-19 18:29:06.561579
877,4054,savings,17946.51,2025-10-12 03:01:08.794793
878,626,savings,35982.89,2026-03-19 07:01:50.295869
879,565,checking,1376.2,2026-04-27 15:59:46.007567
880,1670,savings,14938.26,2024-07-29 13:45:38.188957
881,4011,savings,42128.03,2025-08-31 02:45:37.141207
882,2709,checking,1422.9,2024-12-22 00:43:57.175609
883,2545,savings,11206.69,2025-07-16 15:31:01.828359
884,1648,savings,14760.31,2025-06-07 11:40:26.826484
885,4866,checking,318.96,2024-01-16 09:22:35.150092
886,3928,checking,42994.25,2025-08-20 21:50:54.451836
887,1529,checking,1754.43,2025-05-03 20:09:38.759455
888,33,checking,1117.01,2025-12-01 05:47:12.671855
889,4835,checking,31770.82,2025-10-10 07:15:45.782036
890,1844,checking,45984.64,2023-08-03 08:21:31.011478
891,696,checking,19568.39,2025-07-04 18:03:39.883881
892,781,savings,27281.46,2025-11-22 11:56:31.075669
893,1748,checking,32031.05,2025-04-06 09:47:54.098582
894,4873,savings,2594.57,2026-03-13 06:57:31.716198
895,2221,savings,5190.37,2025-01-28 02:58:19.545674
896,1368,checking,21463.23,2024-08-29 21:50:56.409706
897,1872,savings,19160.87,2025-08-31 21:41:25.644117
898,2218,checking,19280.03,2024-08-25 22:29:57.631894
899,3731,savings,21254.69,2023-11-22 06:51:41.372920
900,459,savings,7128.23,2024-04-09 11:18:33.218234
901,1945,checking,10908.55,2024-07-27 23:42:26.906985
902,2341,savings,7616.97,2024-01-21 07:49:50.922284
903,3502,savings,12082.93,2026-02-17 18:20:09.394693
904,4876,checking,17863.21,2024-04-30 10:10:01.431855
905,1891,savings,22385.31,2025-03-26 10:28:01.898461
906,3194,savings,17544.22,2024-06-02 22:00:48.247729
907,1198,checking,27924.29,2024-06-27 00:31:19.522064
908,2384,checking,19024.5,2026-01-26 08:06:45.552378
909,1717,checking,13061.51,2025-09-30 00:19:25.729964
910,4963,savings,28567.85,2024-10-21 22:37:19.372648
911,2292,checking,38386.48,2023-11-21 12:15:40.937776
912,187,savings,43742.99,2025-05-30 00:56:18.128953
913,1128,savings,16650.39,2025-06-01 00:03:17.515271
914,4848,savings,41372.87,2025-12-12 10:55:46.405939
915,716,savings,39128.21,2024-06-27 16:18:50.600833
916,2815,savings,1679.15,2024-07-26 06:46:12.508633
917,4408,checking,29578.17,2025-11-17 06:00:38.102734
918,4280,checking,24630.84,2024-08-19 23:51:04.920934
919,2252,savings,24398.93,2023-10-04 22:59:03.354013
920,1706,checking,41555.04,2026-04-18 20:13:52.350875
921,3085,checking,8266.86,2024-06-29 17:01:38.800728
922,3476,checking,49375.0,2024-07-17 23:55:17.675020
923,1774,savings,44242.76,2025-05-25 11:24:56.505685
924,2798,checking,10251.73,2024-04-07 02:19:24.086691
925,910,checking,28738.6,2025-01-18 01:31:12.669216
926,2065,checking,7655.86,2025-03-25 04:00:09.778522
927,3833,checking,6774.67,2025-07-25 05:11:33.150564
928,1653,checking,41443.01,2026-02-27 07:57:43.219891
929,4556,checking,6930.28,2026-01-25 00:59:12.748921
930,3487,savings,38266.23,2026-04-07 02:53:53.070382
931,3652,savings,17180.19,2024-01-01 10:19:01.297859
932,505,savings,28432.13,2024-08-07 11:30:07.202793
933,4268,savings,9056.88,2025-04-10 03:36:12.283671
934,1196,savings,24416.35,2023-08-18 14:49:10.806314
935,2461,savings,39610.34,2025-07-10 06:51:35.478199
936,3301,checking,25808.77,2025-06-16 15:23:21.607036
937,1442,checking,37699.44,2025-10-16 21:17:40.724025
938,663,savings,17066.48,2023-09-02 05:14:46.760623
939,4304,checking,35331.67,2025-06-12 11:18:04.265805
940,2223,checking,38111.75,2025-03-18 00:36:17.014458
941,4510,checking,41162.83,2024-02-13 23:45:11.878722
942,3561,savings,17646.66,2025-06-08 07:28:36.066263
943,1060,checking,36952.31,2024-05-09 04:59:49.311931
944,3138,checking,44546.11,2023-09-17 16:01:06.609061
945,2487,savings,25177.23,2025-10-30 16:53:49.802645
946,2271,savings,36776.54,2024-09-09 06:12:46.538319
947,4127,savings,4364.82,2024-10-12 18:29:08.627609
948,3273,checking,36049.67,2024-06-01 13:44:28.769774
949,3274,savings,9283.61,2024-09-15 04:50:07.554091
950,1689,savings,18490.34,2024-08-23 05:11:38.568688
951,1553,checking,36097.05,2024-04-29 00:33:04.685814
952,2739,savings,38344.32,2024-11-01 14:55:58.359941
953,2144,savings,47766.6,2023-12-01 08:10:37.753288
954,489,savings,8766.37,2023-07-01 18:57:51.515847
955,868,savings,36954.41,2025-10-08 07:59:10.159164
956,1402,savings,7540.37,2023-08-02 06:16:29.110043
957,4845,checking,20953.74,2026-04-21 21:20:48.295244
958,4180,checking,45431.15,2023-09-01 16:29:50.987299
959,1565,checking,5317.41,2025-12-18 20:12:34.550333
960,1909,savings,2644.84,2026-03-02 05:21:59.158527
961,3979,savings,24530.31,2025-01-21 04:01:30.096678
962,1540,savings,10217.55,2024-05-31 07:56:19.978580
963,1404,savings,36845.38,2023-12-12 01:57:54.614145
964,968,checking,32438.39,2025-05-04 21:04:28.717856
965,3631,checking,2158.72,2023-10-03 12:41:56.313577
966,2932,checking,4171.25,2025-08-29 10:42:29.234575
967,456,checking,30478.05,2024-01-01 22:59:32.575165
968,351,savings,21228.52,2024-04-28 17:41:05.461718
969,2913,checking,6553.15,2026-01-24 12:11:46.833191
970,2136,checking,3593.44,2026-04-14 06:17:06.115932
971,3817,checking,46463.9,2026-03-21 10:04:01.844985
972,2147,savings,473.06,2024-05-13 10:15:31.879220
973,204,savings,18619.07,2026-03-11 21:04:38.096086
974,1181,checking,18815.55,2023-08-08 05:26:07.943612
975,2872,checking,22123.36,2024-09-07 23:04:47.635245
976,4777,savings,47984.78,2026-04-25 08:51:54.045372
977,2913,savings,13191.84,2024-12-23 06:35:11.354960
978,1898,checking,15552.12,2026-02-03 16:24:55.176116
979,3523,savings,31984.14,2026-02-21 05:51:41.498641
980,3669,checking,19931.97,2023-08-06 06:34:44.496360
981,1679,checking,26937.57,2025-04-26 03:52:05.503834
982,4922,checking,32194.34,2024-10-07 16:10:55.298833
983,3155,checking,45481.37,2026-04-28 12:08:44.059481
984,4144,savings,26880.87,2024-03-27 07:47:31.826096
985,727,checking,14385.49,2025-03-10 12:26:13.745532
986,1763,checking,41460.03,2025-07-30 11:08:41.150761
987,3530,savings,35515.3,2025-11-12 11:37:37.240433
988,1603,checking,30256.48,2026-05-26 06:59:47.713446
989,2943,savings,28413.3,2025-07-27 10:37:33.159830
990,4946,checking,43654.12,2024-10-18 14:47:26.021204
991,1073,savings,30391.02,2023-09-19 21:50:00.196435
992,3542,checking,13863.1,2025-05-08 20:05:00.804314
993,2951,savings,45075.15,2025-03-14 15:08:33.478399
994,1607,checking,25814.77,2024-06-16 12:39:02.566301
995,4263,checking,10052.87,2025-12-09 04:44:31.186677
996,696,savings,43605.26,2024-02-28 09:39:48.290146
997,1800,savings,26651.5,2024-11-25 02:15:13.193090
998,4709,savings,600.83,2025-11-18 07:08:13.291061
999,4666,checking,19736.8,2024-10-04 02:25:15.044617
1000,1922,checking,16613.98,2026-02-22 23:51:40.209170
1001,1753,checking,13181.22,2023-12-07 07:41:40.592221
1002,518,savings,8482.12,2025-01-05 15:22:17.895485
1003,1762,savings,32623.48,2025-02-07 15:01:34.259957
1004,976,checking,21600.3,2024-04-26 07:46:46.625831
1005,2894,checking,26708.64,2023-10-20 02:32:19.980816
1006,3851,savings,41823.61,2025-07-12 21:01:27.093632
1007,313,checking,20230.73,2025-07-14 07:47:27.096449
1008,2277,savings,13512.08,2025-03-03 10:00:13.687065
1009,4314,savings,45750.62,2025-09-16 08:33:25.133801
1010,605,checking,1499.54,2025-02-07 01:40:38.506158
1011,2153,savings,31993.02,2025-06-14 17:41:29.447848
1012,4682,checking,3431.33,2026-02-09 22:05:00.639679
1013,3195,checking,5746.46,2025-08-11 23:48:32.874568
1014,4954,checking,39699.72,2025-10-13 05:04:16.970660
1015,3685,savings,25948.78,2025-08-18 08:34:01.687210
1016,88,savings,15865.27,2025-11-06 13:57:14.211161
1017,1402,savings,42908.26,2023-12-03 21:36:33.420217
1018,3227,savings,34122.99,2025-07-25 15:19:10.581153
1019,3088,savings,16893.49,2026-01-22 12:06:55.476267
1020,3203,savings,35936.75,2025-10-07 21:47:23.228020
1021,1481,savings,16527.08,2025-12-26 19:30:06.643258
1022,1895,savings,27456.79,2025-07-26 07:49:25.433418
1023,2379,savings,23633.97,2024-09-13 09:02:45.101242
1024,1618,checking,43173.73,2024-04-14 17:46:51.379176
1025,2444,checking,22697.48,2025-01-21 06:46:05.980765
1026,4635,savings,15419.94,2023-09-16 15:08:26.959972
1027,1256,savings,11085.07,2023-06-24 19:00:15.968946
1028,919,savings,33524.41,2023-06-23 12:27:29.933703
1029,2502,savings,40458.28,2025-10-24 20:19:03.017205
1030,2962,savings,43456.3,2024-04-11 23:11:30.925876
1031,1669,checking,19911.06,2023-12-22 01:55:24.772819
1032,262,checking,46570.69,2026-03-13 22:25:59.014734
1033,3912,savings,45780.09,2025-05-04 13:34:43.465798
1034,3627,savings,15328.05,2023-07-22 04:35:49.290721
1035,3643,checking,19747.12,2026-04-04 14:53:33.600191
1036,4673,savings,25809.78,2025-07-15 08:54:24.702790
1037,3334,checking,37739.25,2025-12-10 19:16:01.064162
1038,3428,savings,11359.37,2026-01-13 01:57:19.916054
1039,229,checking,33574.35,2025-05-13 03:32:22.525175
1040,3389,savings,17480.07,2025-11-24 07:44:34.273902
1041,805,checking,5073.48,2023-12-02 21:52:17.780351
1042,3152,checking,2373.87,2026-04-18 16:39:51.277575
1043,4632,checking,27895.93,2025-11-12 05:42:56.123986
1044,1596,savings,48383.39,2024-08-05 12:45:03.893403
1045,431,checking,46152.55,2024-05-29 04:25:11.889799
1046,2780,savings,456.88,2023-10-17 16:40:29.624097
1047,464,checking,44994.6,2024-02-14 01:17:43.293876
1048,620,savings,10394.57,2024-10-28 03:46:47.806043
1049,1669,savings,45932.42,2023-12-10 23:49:53.795501
1050,376,savings,49701.36,2024-09-20 04:29:27.997321
1051,3308,checking,45021.59,2023-10-23 06:33:55.919248
1052,2582,checking,20458.76,2026-03-11 16:28:34.206351
1053,4943,checking,13331.47,2025-06-22 12:16:42.856208
1054,581,savings,330.13,2023-08-11 11:05:36.555462
1055,223,savings,11457.36,2023-08-24 17:01:46.439232
1056,3547,savings,38923.69,2024-03-15 15:13:31.250772
1057,1084,checking,42891.37,2025-07-31 19:43:27.138793
1058,3565,savings,46861.72,2026-04-06 16:25:28.296948
1059,2820,savings,15113.51,2025-07-19 12:53:31.177725
1060,382,checking,7893.65,2024-12-04 19:33:49.376929
1061,4400,checking,27248.21,2025-09-24 13:04:09.554449
1062,1299,checking,27248.11,2026-06-01 03:53:24.387383
1063,2209,checking,2656.68,2025-08-23 02:01:46.759259
1064,4106,savings,35908.09,2024-04-22 09:57:46.252123
1065,2738,checking,18589.51,2024-07-28 16:22:47.890685
1066,117,checking,22936.5,2026-02-09 03:14:15.278325
1067,2156,savings,43199.1,2023-10-17 06:26:07.763385
1068,2514,checking,18661.72,2024-02-01 23:35:22.717398
1069,2080,savings,12189.55,2025-12-15 10:10:05.717778
1070,3547,checking,49987.18,2024-09-10 09:01:23.258065
1071,3908,savings,19392.68,2025-12-01 20:20:05.394425
1072,4762,checking,47761.34,2026-02-23 22:18:08.371526
1073,2421,checking,6480.61,2024-07-23 12:01:58.985114
1074,463,checking,46198.64,2026-05-18 04:56:41.496521
1075,1247,checking,47079.11,2025-01-14 17:30:39.057380
1076,4654,checking,1083.64,2026-04-14 07:56:53.564692
1077,1669,checking,36607.98,2026-01-24 03:44:31.960279
1078,678,checking,2488.05,2024-05-26 09:47:25.594226
1079,2777,savings,14407.82,2023-10-07 13:48:37.410146
1080,207,savings,36290.9,2025-02-14 10:58:43.923196
1081,2474,savings,42020.72,2024-04-26 19:51:13.509368
1082,4380,savings,38599.67,2024-01-14 01:10:29.624568
1083,3009,savings,16727.67,2025-03-14 03:24:16.437924
1084,4857,savings,7501.47,2023-12-23 00:04:09.657218
1085,4957,checking,3234.89,2026-01-24 16:58:33.586491
1086,4608,savings,23315.47,2024-07-19 13:05:33.873454
1087,3267,checking,47605.57,2023-07-17 04:07:05.879865
1088,1041,savings,9210.07,2024-03-31 04:23:13.086855
1089,1717,savings,35075.31,2025-01-22 01:24:10.532526
1090,2346,savings,47791.36,2026-02-12 14:26:01.734546
1091,3643,checking,15115.18,2024-03-05 00:46:50.333397
1092,4916,checking,13066.1,2025-07-29 18:37:14.225708
1093,1176,checking,21410.58,2024-04-21 06:57:57.985136
1094,3106,checking,30272.21,2025-07-08 21:12:49.924684
1095,3993,savings,1924.27,2024-04-04 02:00:53.981636
1096,3208,savings,20125.21,2023-07-09 19:24:23.912480
1097,875,savings,41788.89,2023-12-25 21:22:23.309421
1098,4244,savings,38922.15,2025-11-24 06:42:09.178440
1099,3080,checking,47712.15,2023-09-20 08:45:18.814423
1100,4112,checking,48751.18,2026-04-21 14:38:13.532659
1101,2835,savings,16581.98,2026-02-19 14:59:58.919039
1102,3329,savings,26499.94,2026-06-08 11:14:39.273494
1103,1348,savings,45185.45,2025-06-03 10:24:05.345803
1104,736,savings,30803.23,2026-05-14 13:37:54.706909
1105,1616,savings,31536.61,2024-08-23 13:32:15.526463
1106,3009,checking,10417.29,2025-07-04 23:36:36.329448
1107,3261,savings,1003.91,2024-11-17 05:11:30.090784
1108,132,savings,28377.69,2023-10-10 19:59:43.451617
1109,2176,savings,48657.48,2025-04-03 20:39:20.447654
1110,1407,savings,9817.36,2025-11-02 06:21:18.526288
1111,1008,checking,14401.48,2024-04-05 01:55:46.068917
1112,989,savings,15138.34,2024-10-06 01:47:56.916742
1113,3875,checking,655.4,2023-09-24 18:28:03.881136
1114,3169,checking,19331.67,2026-03-09 23:44:38.920354
1115,399,savings,19715.53,2025-06-19 08:20:33.134986
1116,2063,savings,10016.01,2025-08-03 12:50:03.809735
1117,3050,savings,35358.1,2023-11-23 05:15:32.818927
1118,2671,checking,23321.35,2025-04-29 11:55:56.696574
1119,4587,checking,2514.81,2024-07-09 19:23:02.780874
1120,1017,savings,6550.22,2026-03-14 18:17:02.754275
1121,557,savings,2855.35,2025-01-13 23:12:23.782392
1122,4956,checking,5610.8,2025-07-16 10:52:24.137511
1123,3105,checking,16115.2,2024-09-03 05:12:43.893353
1124,1268,savings,36614.0,2024-08-14 04:09:39.551784
1125,2095,savings,8909.31,2024-07-21 13:47:49.465949
1126,2782,checking,22277.04,2024-01-01 00:11:26.103953
1127,3989,savings,41315.2,2024-12-02 00:27:51.118392
1128,977,checking,32470.67,2025-10-04 05:10:55.374998
1129,2058,checking,33444.45,2026-03-16 02:50:21.757864
1130,2899,checking,23684.68,2024-03-31 12:00:29.737064
1131,1678,savings,14663.79,2023-10-14 13:40:02.249453
1132,784,savings,40581.21,2026-03-03 16:43:27.046285
1133,2599,checking,4217.24,2024-07-17 08:55:12.240263
1134,2925,savings,13277.32,2024-10-27 09:57:56.978095
1135,245,savings,24917.22,2024-05-06 07:55:20.554921
1136,4567,checking,40030.11,2025-10-31 21:57:25.350696
1137,232,savings,32749.77,2025-07-31 07:38:05.762078
1138,2962,savings,46008.6,2025-01-14 05:00:01.474723
1139,4378,savings,42748.54,2026-02-28 06:51:50.956614
1140,2719,savings,29072.91,2025-11-06 03:13:31.300805
1141,3268,savings,16134.87,2025-08-05 04:32:23.579540
1142,3066,checking,10598.24,2023-08-25 22:32:39.898926
1143,4761,savings,4097.74,2024-08-30 15:29:48.244137
1144,4853,savings,6618.67,2024-04-21 00:09:09.958130
1145,950,savings,7177.04,2026-04-12 05:23:45.187447
1146,320,checking,47679.4,2025-04-29 00:04:16.277828
1147,4327,savings,28578.01,2025-11-07 12:47:29.818871
1148,2090,savings,45806.94,2025-11-09 14:02:27.546020
1149,1600,savings,46673.83,2024-11-02 03:03:24.096922
1150,2543,savings,21392.48,2024-02-17 09:05:45.564343
1151,2323,checking,27731.69,2024-05-25 02:05:25.481831
1152,471,savings,48666.13,2024-11-19 01:13:48.081371
1153,469,savings,3257.42,2024-04-04 19:12:47.700978
1154,3731,checking,13751.01,2026-05-20 20:02:02.943606
1155,899,savings,16617.05,2024-06-24 14:21:14.283498
1156,535,checking,38125.0,2024-03-20 20:59:44.860020
1157,1555,savings,41228.03,2025-03-28 08:13:44.984272
1158,1888,checking,34018.8,2026-01-22 17:22:28.058138
1159,2619,savings,17120.65,2026-01-22 12:32:16.961612
1160,4349,checking,10459.86,2025-12-24 03:45:27.743930
1161,2074,checking,15600.92,2025-12-09 00:02:45.680225
1162,2669,savings,438.85,2025-02-21 22:46:15.143227
1163,1855,checking,9442.95,2025-01-02 03:57:56.262167
1164,1676,savings,25454.37,2024-12-30 04:53:21.722433
1165,1762,savings,48966.9,2026-04-18 15:16:35.680263
1166,1461,checking,7656.59,2025-12-19 00:16:08.559807
1167,2465,checking,35077.66,2023-10-13 06:18:48.244099
1168,4724,checking,13072.12,2024-10-22 04:10:07.295131
1169,3693,checking,46241.1,2024-02-05 15:53:11.145996
1170,1735,checking,40688.23,2025-05-25 16:54:53.144660
1171,1776,savings,9922.41,2025-08-17 03:12:43.235523
1172,24,savings,27613.68,2023-10-08 10:20:48.963684
1173,1485,checking,7636.5,2023-11-19 04:05:13.080508
1174,1661,checking,45607.46,2024-04-11 07:43:34.886944
1175,2179,checking,41090.65,2024-10-01 00:52:08.557784
1176,375,savings,20217.48,2025-10-22 23:05:40.750238
1177,2041,savings,12072.35,2023-08-09 02:35:23.852381
1178,3074,checking,30269.6,2024-05-10 01:45:15.000332
1179,748,checking,19750.4,2025-09-13 05:18:50.215191
1180,1668,checking,42169.65,2024-05-08 11:55:01.938160
1181,1488,savings,47679.66,2025-07-04 03:09:48.075191
1182,1123,savings,1529.35,2026-01-02 17:54:34.193218
1183,1805,checking,30720.61,2026-05-22 12:42:16.629143
1184,780,savings,2252.63,2024-12-25 16:46:55.728866
1185,3859,savings,1237.32,2024-06-17 17:27:07.935370
1186,4946,savings,26343.29,2025-09-02 01:07:48.522886
1187,4319,checking,48346.45,2023-06-26 18:20:36.296085
1188,107,checking,4111.95,2025-02-17 15:09:17.125825
1189,3798,checking,2096.52,2023-08-06 02:24:34.448947
1190,1325,checking,35262.17,2023-10-01 10:16:35.698256
1191,793,checking,22076.99,2026-03-29 17:28:53.108945
1192,2547,checking,40950.46,2026-04-20 00:10:05.467855
1193,3567,savings,24706.51,2023-07-06 04:03:48.856833
1194,4558,checking,44598.79,2026-05-14 12:13:54.425395
1195,4512,checking,49572.43,2026-01-21 12:09:34.283509
1196,4340,checking,3034.34,2024-07-14 00:00:58.679006
1197,3465,checking,11054.01,2023-07-10 07:43:14.747645
1198,4856,savings,16293.82,2025-01-27 10:51:39.755833
1199,61,checking,15387.69,2023-07-02 20:40:49.378622
1200,629,checking,43320.57,2024-01-24 21:26:19.080095
1201,4220,checking,32213.17,2025-10-09 12:13:09.659518
1202,2442,checking,41194.96,2026-01-10 16:19:54.446399
1203,2209,savings,45386.66,2024-02-18 07:28:09.815851
1204,222,checking,2367.74,2023-08-21 19:18:49.372158
1205,4870,savings,28477.98,2025-03-10 13:30:58.714990
1206,1944,checking,32662.4,2025-03-13 10:52:46.075244
1207,1621,savings,32204.51,2025-10-03 23:10:18.321178
1208,2984,savings,1723.25,2026-06-01 04:37:11.490916
1209,1173,checking,34482.34,2026-02-08 16:10:07.041692
1210,4428,savings,22388.89,2025-06-27 06:25:28.997813
1211,4520,savings,21278.53,2025-02-12 04:05:03.823035
1212,341,savings,41549.95,2025-03-21 18:56:25.967677
1213,3117,checking,7836.28,2024-11-09 05:30:47.922685
1214,4190,savings,6708.52,2024-08-16 04:38:16.205269
1215,4727,savings,8475.63,2024-07-28 08:55:42.435750
1216,4540,savings,47572.83,2025-09-28 10:35:33.297348
1217,4122,savings,7118.34,2023-07-12 06:02:36.338562
1218,1807,savings,43589.39,2025-10-21 17:52:44.806665
1219,2944,checking,6988.13,2026-02-22 21:56:11.764125
1220,4715,checking,31519.63,2023-10-14 01:49:41.102463
1221,1714,savings,46741.54,2025-12-15 18:15:02.893407
1222,476,savings,15823.68,2024-04-25 06:30:32.785572
1223,3529,savings,10538.41,2025-08-14 04:23:35.576110
1224,2641,checking,20653.67,2025-06-07 23:24:32.775605
1225,135,checking,21639.39,2024-09-30 11:11:28.769073
1226,4771,checking,30336.77,2023-07-21 20:56:23.105075
1227,511,savings,21857.65,2024-03-04 23:24:58.916480
1228,3807,savings,49689.2,2024-07-03 07:53:47.711809
1229,3041,savings,30850.6,2026-01-03 16:47:00.297284
1230,512,savings,45696.36,2025-12-06 08:46:35.467995
1231,4585,savings,27570.48,2025-08-03 00:43:35.586098
1232,4611,checking,11562.62,2024-12-06 15:52:10.269597
1233,4901,checking,9134.88,2024-11-02 05:07:08.957424
1234,2244,checking,18370.73,2026-05-19 18:27:27.897885
1235,24,savings,36078.24,2026-03-15 21:59:22.202930
1236,4786,checking,41583.55,2024-07-01 19:58:40.555214
1237,2815,checking,24073.93,2024-05-31 00:01:28.951654
1238,4182,savings,8087.09,2024-10-05 10:57:02.833817
1239,4037,savings,43157.23,2024-03-29 20:33:06.368605
1240,262,checking,18113.2,2024-08-08 02:46:55.787818
1241,2153,checking,20605.67,2025-02-22 08:53:51.658754
1242,3413,checking,24621.92,2026-02-06 05:17:02.005941
1243,490,checking,1301.27,2024-10-05 15:06:41.017882
1244,906,checking,25796.08,2023-10-08 12:37:08.864665
1245,2693,checking,30825.47,2024-11-02 22:38:31.296135
1246,2673,checking,211.37,2024-03-12 20:30:10.734183
1247,3411,checking,48032.22,2026-03-28 23:00:58.619594
1248,1491,savings,8447.8,2026-03-25 01:17:25.389990
1249,293,savings,29005.52,2024-06-29 07:30:38.187527
1250,3892,checking,3328.58,2024-06-25 04:06:30.758288
1251,4012,savings,15484.09,2025-10-24 08:45:08.734504
1252,4435,savings,11199.4,2026-01-20 04:11:00.478668
1253,1465,checking,31230.33,2023-08-22 12:22:44.573091
1254,1411,checking,38344.9,2024-10-10 10:18:27.557510
1255,2334,checking,18067.54,2026-04-21 12:39:24.167211
1256,711,savings,21138.07,2024-09-01 21:40:23.856654
1257,892,checking,18108.85,2023-09-25 09:49:46.775497
1258,3613,savings,23351.0,2024-11-24 22:58:29.548738
1259,86,checking,1845.43,2024-03-09 21:15:08.537687
1260,2074,checking,36796.47,2024-08-30 04:59:55.506208
1261,257,checking,18801.63,2024-05-02 03:22:21.691058
1262,3785,savings,30625.88,2023-10-14 22:05:07.660011
1263,1971,checking,38462.06,2025-05-05 21:10:43.292244
1264,2011,checking,31215.23,2023-06-26 08:41:55.080359
1265,2439,checking,22135.79,2025-04-01 07:25:32.611260
1266,3468,savings,34217.78,2026-04-26 16:45:45.514407
1267,1574,savings,38255.54,2024-02-23 00:09:54.551757
1268,4797,checking,47524.95,2023-07-01 00:52:22.285610
1269,3168,savings,17761.36,2026-01-07 10:59:11.844531
1270,1848,checking,26212.7,2026-03-25 22:02:21.950901
1271,2704,checking,29596.59,2025-11-21 23:00:40.705607
1272,1391,savings,45309.86,2025-05-28 17:51:43.459178
1273,4351,savings,38711.72,2025-11-18 08:42:11.790841
1274,4,savings,3375.69,2025-02-06 21:11:52.791685
1275,3490,savings,3716.53,2024-11-11 05:21:31.345177
1276,800,checking,12546.67,2024-12-27 04:36:08.317144
1277,1341,checking,28946.64,2025-07-23 15:30:14.337897
1278,2516,savings,1192.31,2025-09-15 04:24:18.177898
1279,2989,checking,21657.2,2024-01-07 03:45:11.258554
1280,950,checking,28893.21,2026-02-17 09:03:39.349521
1281,34,savings,34176.0,2025-09-21 21:14:57.292926
1282,1308,savings,2199.38,2025-01-01 11:26:07.352432
1283,2129,checking,15762.47,2024-02-04 06:14:27.368692
1284,3487,checking,19998.48,2023-12-11 03:43:22.414807
1285,1901,checking,21945.6,2026-01-31 21:09:49.289450
1286,2136,savings,35657.33,2023-12-16 17:24:11.606591
1287,4596,checking,45513.87,2025-09-01 17:42:34.637663
1288,899,checking,8670.24,2025-10-28 14:23:59.310054
1289,2447,checking,44185.98,2024-03-20 20:25:38.727730
1290,1188,savings,19467.05,2025-08-02 02:54:37.133475
1291,3443,checking,13910.76,2023-08-16 11:26:46.642987
1292,2375,checking,26597.28,2025-08-24 02:29:45.605791
1293,1543,savings,1884.68,2025-02-05 09:56:20.288693
1294,2885,savings,42710.68,2026-05-12 14:12:22.799506
1295,282,savings,23289.83,2024-07-02 05:21:34.821941
1296,993,checking,34781.62,2026-06-12 05:29:56.779228
1297,2221,checking,42476.1,2024-09-13 00:34:42.704009
1298,2813,savings,33021.08,2026-02-06 05:18:16.510827
1299,4586,checking,21963.62,2023-10-12 12:49:37.962468
1300,4346,checking,48764.89,2024-10-09 12:55:31.615819
1301,2987,savings,5013.89,2024-08-29 18:27:31.233176
1302,2476,checking,25092.15,2024-09-22 02:47:09.851580
1303,4833,checking,26032.28,2024-02-15 21:32:46.751750
1304,3665,checking,30738.51,2024-08-26 01:40:27.623084
1305,3375,checking,40163.58,2024-07-15 01:00:28.975274
1306,1450,checking,38121.67,2024-02-24 02:33:04.138876
1307,762,savings,2720.68,2023-09-12 11:22:24.784402
1308,2669,savings,41591.51,2025-01-26 13:42:15.752158
1309,1768,checking,43246.25,2026-05-21 10:36:10.579114
1310,4999,checking,47103.56,2024-03-23 16:48:26.266486
1311,2035,savings,43828.43,2023-11-27 16:24:02.311717
1312,2192,savings,3338.38,2024-01-19 18:23:03.347939
1313,3839,checking,11011.84,2024-10-26 08:58:33.070583
1314,1853,checking,44170.94,2026-01-01 16:07:14.432568
1315,403,checking,37344.3,2025-05-18 04:52:11.740547
1316,4898,savings,20705.07,2025-02-07 21:57:41.324630
1317,3610,savings,19922.01,2024-12-07 08:26:40.154436
1318,2807,checking,12759.22,2025-09-25 03:17:46.270830
1319,4399,checking,3198.71,2025-12-31 10:25:42.040473
1320,871,savings,2669.84,2025-04-20 04:50:29.613969
1321,4221,savings,18771.58,2023-08-16 03:23:01.363957
1322,1339,checking,47743.12,2025-01-18 07:09:37.392959
1323,80,checking,20130.94,2026-05-03 04:11:48.396612
1324,639,savings,25650.36,2024-08-25 10:10:08.751972
1325,1836,checking,742.62,2023-08-11 08:35:44.150408
1326,2606,checking,15532.24,2025-12-11 02:40:50.082690
1327,469,checking,24049.3,2023-08-01 20:07:37.247428
1328,1183,checking,11978.51,2025-03-07 09:42:16.656781
1329,3861,checking,69.12,2026-02-06 02:03:29.857046
1330,4980,checking,16044.35,2024-03-05 08:42:30.667751
1331,3418,checking,37874.04,2025-05-08 11:51:32.108994
1332,4822,checking,7065.1,2025-05-25 05:09:14.157244
1333,2578,checking,9619.74,2025-09-30 22:29:48.627933
1334,2016,checking,3447.01,2024-06-22 09:26:52.781972
1335,3646,checking,26468.85,2025-03-25 00:02:32.580874
1336,2344,savings,11541.69,2023-11-13 16:09:16.500578
1337,1167,savings,20653.24,2025-12-13 04:38:50.022103
1338,4729,savings,14909.03,2024-04-05 21:44:14.331872
1339,3307,checking,15835.52,2024-02-14 22:10:13.083278
1340,3801,checking,6231.43,2025-03-19 18:15:55.759502
1341,4571,savings,36837.09,2025-05-26 16:53:32.525591
1342,1165,savings,5285.99,2024-07-25 21:36:28.226725
1343,2791,checking,19672.08,2024-12-07 07:27:27.827479
1344,2447,savings,12359.99,2024-04-04 13:16:38.498282
1345,704,checking,25309.54,2026-01-31 10:12:30.852168
1346,3853,checking,26784.76,2026-04-06 05:58:31.045949
1347,158,savings,1798.35,2023-09-16 18:46:28.964157
1348,2575,savings,33855.4,2025-10-12 04:44:30.192918
1349,2819,savings,28403.34,2025-05-05 09:35:11.413749
1350,4217,savings,2364.9,2024-09-01 13:39:34.192236
1351,169,checking,13687.78,2023-10-21 03:36:01.908041
1352,3770,savings,37890.29,2024-12-03 17:42:55.361248
1353,1740,checking,49784.3,2025-12-27 10:18:24.296493
1354,1792,checking,26579.43,2024-03-04 10:17:04.448923
1355,1002,checking,45129.43,2025-01-21 10:35:27.433772
1356,4939,savings,9202.45,2025-04-06 18:25:59.940508
1357,343,savings,6513.26,2026-01-31 08:48:28.964770
1358,299,savings,11918.39,2025-07-13 17:01:25.954359
1359,238,checking,30142.56,2024-01-21 19:26:31.696362
1360,3038,checking,45006.97,2025-11-10 05:22:45.461927
1361,1968,checking,37651.26,2023-11-30 13:29:42.223421
1362,3248,checking,24533.25,2024-04-22 04:33:53.807686
1363,695,checking,1130.0,2025-06-29 10:22:46.595068
1364,1302,savings,38151.1,2024-05-20 10:57:48.465530
1365,2094,checking,44394.73,2025-04-24 00:37:10.649683
1366,1928,checking,17393.2,2025-05-28 20:38:26.216034
1367,576,savings,30633.39,2024-05-27 17:19:59.434666
1368,2930,checking,12361.6,2025-10-28 23:03:48.006419
1369,175,checking,24968.34,2026-03-11 21:09:25.115437
1370,34,checking,34672.62,2024-06-24 03:27:15.948922
1371,3123,savings,49602.58,2026-01-31 23:02:24.544046
1372,3454,checking,28328.89,2024-03-20 18:10:45.923471
1373,129,checking,13316.55,2025-05-05 15:23:40.630775
1374,298,checking,23779.08,2026-03-20 08:21:34.603827
1375,3878,checking,37422.6,2025-03-07 04:07:39.227892
1376,1934,savings,45917.47,2024-11-04 06:12:11.304042
1377,4924,checking,36625.6,2024-10-23 06:12:39.262167
1378,3668,savings,33352.29,2026-04-13 17:19:49.715410
1379,3364,savings,8284.41,2024-09-19 11:02:25.348444
1380,2020,checking,44926.73,2025-07-17 09:36:48.802176
1381,2084,savings,27552.91,2026-04-25 01:53:25.071904
1382,1203,checking,24981.57,2025-12-26 11:15:38.378344
1383,197,checking,28571.51,2025-07-28 20:42:29.311983
1384,3224,savings,49551.26,2025-06-14 19:23:56.950675
1385,2187,checking,49883.61,2025-05-14 23:02:55.073129
1386,697,savings,32065.36,2024-01-30 14:35:55.508205
1387,1130,savings,28480.39,2023-10-12 22:30:05.886271
1388,3015,savings,48939.97,2024-09-30 07:11:58.036037
1389,746,checking,27354.83,2025-02-24 10:46:33.630954
1390,4893,checking,8055.18,2024-01-07 03:47:22.117124
1391,3933,savings,10997.74,2025-01-16 21:45:57.634129
1392,4017,checking,3990.39,2025-07-09 12:39:56.842676
1393,3350,checking,23469.62,2023-08-29 18:07:04.541893
1394,1398,checking,27815.93,2024-04-28 18:24:37.272234
1395,3390,checking,36379.25,2024-08-22 23:41:47.483991
1396,1418,checking,31519.7,2024-05-07 01:30:16.241477
1397,1663,savings,5325.03,2024-08-22 14:26:43.239624
1398,2885,savings,32238.74,2023-08-30 03:51:33.511343
1399,4268,savings,34560.71,2023-08-12 04:50:35.370974
1400,354,checking,42543.27,2023-07-27 10:36:08.168392
1401,778,checking,44517.32,2023-06-13 22:21:58.226691
1402,1633,checking,41028.09,2025-09-30 19:50:05.256277
1403,1464,checking,9206.95,2024-04-23 17:20:05.186225
1404,2195,savings,33420.73,2024-07-06 04:14:36.429268
1405,2873,checking,44463.43,2025-08-25 10:39:42.345132
1406,971,checking,23518.55,2024-09-11 03:00:26.714775
1407,1768,checking,22280.69,2025-04-17 01:30:10.806331
1408,4808,checking,28395.07,2026-05-27 03:16:13.551000
1409,559,savings,20872.91,2025-10-16 22:59:44.879445
1410,788,checking,39560.2,2026-04-18 23:06:26.115271
1411,3405,savings,40768.53,2023-11-04 08:44:50.486552
1412,277,savings,29849.87,2026-02-09 18:41:25.337211
1413,671,checking,37700.36,2024-10-02 18:29:47.932630
1414,241,savings,8681.74,2025-05-06 19:01:21.731763
1415,832,savings,19356.35,2024-04-12 04:34:09.628115
1416,426,savings,14313.58,2024-09-10 16:52:16.061423
1417,2127,savings,36010.11,2025-11-23 17:40:46.528195
1418,2653,savings,24141.68,2024-05-29 04:39:39.893393
1419,1339,savings,20559.38,2024-02-28 10:38:24.296809
1420,687,savings,24335.04,2026-05-24 13:37:10.881372
1421,1617,savings,7217.62,2025-05-03 12:45:30.005125
1422,3521,checking,8543.76,2025-09-01 02:36:40.741189
1423,3785,checking,41963.34,2024-01-03 13:46:03.624199
1424,3348,savings,5349.54,2025-09-24 01:46:41.035517
1425,3641,savings,32940.23,2023-11-07 09:17:53.230704
1426,1344,savings,37528.21,2023-08-29 22:43:28.204823
1427,3896,savings,24410.53,2024-08-06 16:42:16.889300
1428,1418,checking,5042.8,2026-02-20 17:27:05.773311
1429,1604,savings,38302.63,2025-07-10 02:17:17.256787
1430,1387,checking,26946.98,2025-04-28 14:53:51.343928
1431,2694,savings,17964.79,2024-04-14 00:53:34.130904
1432,3430,checking,36760.03,2024-08-12 13:36:25.922538
1433,3220,savings,16707.67,2023-08-01 19:05:10.172773
1434,526,savings,6434.02,2024-07-17 00:18:18.451295
1435,3930,savings,42963.22,2023-10-13 10:43:11.074490
1436,4495,checking,7091.16,2024-03-07 09:44:10.653913
1437,4934,savings,18982.43,2024-06-19 19:42:55.294420
1438,802,checking,40024.14,2025-12-17 16:02:49.038730
1439,1072,checking,23105.08,2023-09-14 00:51:21.666808
1440,1158,checking,21111.94,2026-06-02 04:52:08.533294
1441,3981,checking,31891.08,2025-12-03 12:34:14.892628
1442,4687,savings,18511.33,2025-06-27 08:42:31.107471
1443,1407,checking,19406.66,2024-03-15 11:26:12.089582
1444,4414,savings,47079.51,2026-03-20 02:01:06.331218
1445,807,checking,6560.72,2025-02-01 03:25:58.804210
1446,4571,checking,11728.6,2025-05-02 18:33:39.170668
1447,2150,savings,6398.26,2024-02-15 13:17:02.584545
1448,2818,checking,47988.18,2023-12-16 13:57:23.601526
1449,1408,savings,31652.36,2023-07-04 10:52:05.134739
1450,3272,savings,47401.47,2025-03-08 17:35:45.084715
1451,4984,savings,21024.03,2024-06-10 09:50:08.813660
1452,1174,checking,19665.23,2026-03-25 17:55:36.288869
1453,4047,savings,23960.82,2024-03-02 11:05:48.487224
1454,4914,savings,31832.54,2024-12-23 00:56:51.100426
1455,4871,savings,12307.86,2026-02-20 03:27:36.193783
1456,4230,checking,25270.76,2023-12-13 20:11:10.341521
1457,4925,checking,11390.49,2026-02-26 07:12:10.082035
1458,4417,savings,15546.03,2024-02-18 19:01:54.407412
1459,3906,checking,49765.34,2025-02-14 20:23:07.306791
1460,1575,checking,28324.14,2026-05-02 09:26:33.733945
1461,336,checking,19434.1,2024-01-25 08:51:27.756314
1462,3822,checking,23704.04,2026-01-10 08:40:20.288760
1463,2582,savings,39094.1,2023-10-05 04:38:15.737620
1464,651,checking,28677.2,2025-08-09 17:29:24.849775
1465,1516,savings,47813.5,2025-05-28 02:38:09.759391
1466,4945,checking,20984.24,2024-02-17 17:59:18.299187
1467,2324,savings,47762.21,2026-01-21 02:30:20.982097
1468,4914,savings,45537.92,2024-08-06 07:34:40.710592
1469,1342,savings,41465.7,2024-06-15 03:49:51.071521
1470,821,checking,43801.01,2025-07-08 00:34:31.730953
1471,2747,savings,21152.06,2024-07-16 03:13:55.511747
1472,2589,savings,11058.02,2026-06-03 23:42:37.917958
1473,1426,savings,10988.06,2026-02-12 13:16:36.901243
1474,2263,savings,11775.45,2025-03-24 09:40:36.655360
1475,1088,checking,11934.42,2023-11-03 00:31:44.802607
1476,389,checking,19024.76,2024-05-19 01:30:55.022604
1477,4381,savings,34058.36,2025-11-03 05:27:29.154383
1478,1407,savings,40851.42,2023-11-15 09:33:13.581486
1479,443,checking,14209.45,2025-07-07 05:48:25.544667
1480,588,checking,11965.05,2026-04-07 14:41:53.268343
1481,1883,checking,22537.67,2023-06-20 17:25:43.294456
1482,4080,checking,21866.15,2025-06-11 20:03:10.962295
1483,2229,checking,12612.34,2024-09-29 16:11:25.332535
1484,106,checking,45845.82,2024-02-12 10:22:24.772535
1485,3554,savings,15983.65,2025-10-15 04:33:58.351496
1486,2826,savings,38709.43,2023-08-20 14:41:11.891384
1487,2461,savings,36152.05,2025-02-07 13:35:55.024524
1488,213,savings,4086.22,2025-12-26 13:20:59.459496
1489,1614,checking,2213.76,2025-07-18 21:52:35.253278
1490,1992,checking,24352.07,2026-04-26 02:37:43.056637
1491,5000,savings,38107.48,2024-12-16 09:56:24.641006
1492,4091,savings,9717.82,2024-06-14 19:41:38.874684
1493,2853,checking,37479.31,2025-10-07 19:46:17.180768
1494,2114,savings,14105.2,2025-02-16 02:28:53.389796
1495,2092,savings,33468.0,2023-09-25 06:07:29.668902
1496,1678,savings,10613.79,2025-03-15 19:24:46.918103
1497,771,savings,809.75,2025-08-29 21:59:02.937695
1498,4633,savings,11244.94,2026-01-31 16:32:39.961822
1499,1780,savings,33646.5,2025-07-03 06:38:26.035570
1500,2415,checking,8491.5,2025-03-22 06:55:59.327801
1501,1711,savings,17287.0,2026-03-18 18:53:35.370685
1502,3376,savings,2848.28,2025-01-04 08:09:22.036366
1503,1953,savings,17540.16,2026-02-19 00:08:56.498531
1504,4501,savings,25560.45,2025-02-19 19:16:08.953842
1505,3019,savings,5974.8,2025-12-17 03:54:48.649880
1506,2819,checking,31833.26,2023-06-19 17:08:23.621293
1507,28,checking,35720.18,2026-03-05 05:16:10.145221
1508,3842,savings,38857.69,2026-05-16 20:19:34.115855
1509,1811,savings,13956.14,2026-01-23 12:03:37.659643
1510,818,savings,21365.38,2025-12-24 13:00:19.132014
1511,4463,savings,14326.55,2023-09-08 06:53:45.433393
1512,3942,savings,6485.64,2026-04-12 13:49:56.135747
1513,4469,savings,27518.94,2025-06-24 10:26:15.090190
1514,460,savings,21007.17,2024-09-11 15:41:11.783471
1515,4171,checking,39237.03,2025-07-25 01:22:10.722850
1516,4224,savings,10627.46,2024-09-03 08:49:04.620816
1517,2680,checking,13884.56,2024-09-05 23:08:36.002209
1518,4098,savings,10051.27,2026-05-08 21:19:37.052521
1519,130,checking,23206.45,2024-05-26 23:40:08.785696
1520,2742,savings,8091.37,2025-12-06 09:14:38.818196
1521,4317,savings,2837.0,2026-05-12 09:55:13.958991
1522,3545,savings,28383.14,2024-07-21 15:48:20.655423
1523,3848,savings,40724.42,2026-05-23 00:37:38.143846
1524,2234,checking,9037.74,2023-09-19 05:55:40.612508
1525,633,savings,7704.86,2024-04-07 06:45:22.701536
1526,1484,savings,6461.52,2025-03-12 21:15:15.918366
1527,3191,savings,6638.32,2024-09-08 18:11:15.385407
1528,2581,savings,5245.97,2025-07-16 06:45:50.564784
1529,3770,checking,24322.07,2025-09-11 19:32:28.497221
1530,3004,savings,28602.33,2025-11-20 15:25:12.329154
1531,1608,savings,41083.33,2026-01-15 05:16:37.171529
1532,3435,savings,2571.3,2023-12-17 18:06:00.514065
1533,140,savings,8869.72,2024-07-28 00:43:03.385693
1534,1137,checking,15301.65,2026-03-07 18:32:45.526661
1535,3259,savings,22037.32,2026-03-02 21:05:18.926208
1536,2016,checking,1384.26,2026-02-11 10:19:22.965769
1537,1334,checking,47644.23,2025-04-23 07:33:09.763740
1538,552,checking,49799.05,2024-11-24 01:04:32.056973
1539,4656,savings,17594.9,2023-10-07 06:33:44.542313
1540,4123,checking,2619.65,2024-08-15 17:31:39.759108
1541,2729,checking,46311.31,2025-10-06 11:21:37.180217
1542,1256,checking,39922.91,2026-06-06 06:15:30.745152
1543,3341,savings,17800.94,2023-11-04 11:54:52.199028
1544,696,savings,38918.35,2024-06-08 19:52:19.305558
1545,1847,savings,2711.15,2026-04-27 14:14:40.795063
1546,1787,checking,36739.84,2025-12-31 03:42:20.498479
1547,483,checking,15928.09,2023-07-17 19:56:14.617099
1548,2502,checking,20136.21,2024-10-23 06:26:00.324692
1549,735,checking,11304.91,2026-03-06 16:08:13.883903
1550,2578,savings,31053.18,2023-12-10 08:54:51.119918
1551,2426,savings,25642.17,2025-05-16 23:29:14.268086
1552,4181,savings,42587.29,2025-04-29 12:00:43.643302
1553,594,checking,19200.62,2026-02-20 23:23:23.604790
1554,76,savings,24144.14,2025-11-05 04:02:21.866940
1555,4451,checking,2940.24,2024-09-17 14:20:49.630139
1556,3990,savings,18277.13,2024-03-27 10:13:00.584155
1557,3665,savings,9261.21,2023-10-29 19:04:16.511178
1558,3156,savings,26763.44,2025-09-23 17:24:37.348740
1559,952,savings,29203.83,2025-04-23 16:54:47.846422
1560,407,checking,32918.88,2026-06-12 05:16:51.507277
1561,86,checking,22732.21,2024-08-08 23:49:38.992067
1562,4334,checking,13364.64,2025-01-26 19:55:42.899292
1563,2830,checking,25320.68,2024-12-04 19:52:18.416611
1564,4622,checking,48783.86,2023-12-26 18:25:25.720529
1565,1850,savings,28902.33,2025-04-27 17:12:18.505821
1566,1533,checking,43579.83,2025-12-14 16:41:16.355027
1567,1896,checking,38055.17,2025-02-16 09:39:03.710505
1568,4751,savings,36551.32,2024-09-15 19:26:27.397573
1569,2164,checking,41890.33,2026-03-16 07:23:32.833139
1570,3489,checking,40557.72,2026-04-22 13:42:56.291648
1571,3582,checking,36480.76,2024-08-14 02:45:51.507084
1572,3158,checking,48155.61,2025-07-01 12:50:37.350151
1573,907,savings,47573.92,2025-03-29 03:29:36.490204
1574,3741,checking,36961.08,2025-03-22 12:18:02.226223
1575,4096,savings,29397.97,2024-11-09 00:03:17.159435
1576,4355,checking,2361.78,2026-02-19 16:07:34.396753
1577,1472,savings,978.69,2024-12-23 15:53:11.445951
1578,4605,checking,2245.29,2024-07-02 11:14:25.709934
1579,3875,checking,45909.63,2025-05-09 16:49:09.237883
1580,122,checking,15988.54,2023-11-20 13:46:49.139941
1581,1753,savings,37322.13,2025-01-19 13:00:19.673302
1582,4503,checking,13533.57,2025-08-20 20:31:59.803530
1583,1584,savings,49549.12,2024-01-18 20:58:40.693410
1584,624,savings,37038.08,2024-11-15 06:55:18.886436
1585,2964,savings,3910.01,2023-09-15 02:46:39.650052
1586,94,savings,29354.36,2024-11-01 14:32:29.729014
1587,4157,savings,49877.62,2024-12-03 01:41:06.822055
1588,3003,savings,9284.84,2025-05-03 00:10:36.169307
1589,4425,savings,28422.94,2024-01-28 17:09:39.197460
1590,1214,checking,21866.74,2025-08-22 12:28:40.092127
1591,809,savings,2083.28,2026-04-18 14:02:39.736218
1592,2800,checking,22867.89,2025-03-04 08:13:31.658306
1593,2923,checking,31283.56,2025-05-19 11:01:33.011104
1594,2186,savings,32259.25,2024-12-21 14:06:34.690633
1595,3425,savings,39199.55,2024-05-26 18:12:58.394608
1596,803,savings,11396.8,2023-07-31 11:31:09.612429
1597,2665,savings,2642.86,2025-02-20 05:52:12.558569
1598,1118,checking,10091.31,2023-09-19 11:33:14.965291
1599,3132,checking,21739.85,2023-09-05 13:50:51.237241
1600,1303,savings,17173.58,2026-01-26 23:36:53.115212
1601,4245,checking,27863.32,2024-10-31 03:39:17.875159
1602,2562,savings,18263.42,2024-02-09 12:24:49.484959
1603,3495,savings,8802.81,2023-09-27 17:25:59.029180
1604,846,checking,21439.12,2026-02-15 04:44:13.348217
1605,2085,savings,42364.15,2023-07-09 22:49:37.933794
1606,351,checking,25563.91,2025-01-16 16:00:38.553464
1607,4769,checking,28695.75,2024-10-14 00:09:09.158088
1608,3518,checking,19568.0,2025-08-27 02:16:18.421107
1609,1286,savings,41184.13,2024-03-20 18:11:30.900240
1610,1798,savings,2428.79,2025-02-15 15:08:57.369472
1611,307,checking,24105.82,2025-03-04 14:58:48.519506
1612,4076,savings,25095.1,2024-12-06 03:11:56.644640
1613,1037,checking,44441.61,2023-10-02 05:03:09.590662
1614,3615,checking,25368.36,2026-01-07 19:08:20.960201
1615,2842,savings,41192.99,2024-12-14 14:10:51.390129
1616,3420,savings,41137.21,2025-05-18 17:29:55.053393
1617,2547,savings,13030.42,2024-11-16 11:11:10.138249
1618,2148,savings,4699.84,2024-04-25 11:38:10.952944
1619,427,savings,6181.53,2025-07-30 00:18:56.677464
1620,3041,checking,48755.14,2024-08-12 21:41:26.872471
1621,452,savings,43828.75,2023-10-08 12:22:57.368624
1622,1957,savings,8387.11,2026-05-02 02:53:08.805426
1623,1521,checking,49479.44,2025-12-25 01:50:09.282798
1624,1800,savings,46053.2,2023-10-04 01:21:16.228992
1625,3611,savings,48478.67,2024-12-10 02:39:36.461930
1626,4597,checking,8612.17,2023-11-24 23:45:37.820333
1627,2890,savings,46406.82,2025-11-02 03:58:58.586138
1628,4768,checking,48401.46,2024-07-18 23:42:18.341365
1629,1423,savings,29532.04,2026-05-24 08:40:25.240726
1630,2654,savings,27257.35,2026-02-15 18:36:13.082893
1631,4451,savings,39905.64,2023-10-12 11:52:06.487481
1632,2574,savings,39127.76,2025-05-31 15:03:39.502841
1633,2799,savings,31515.89,2024-01-05 15:26:08.639938
1634,2047,savings,7599.01,2026-04-15 06:18:17.848109
1635,1730,checking,79.28,2024-04-18 09:43:12.211227
1636,247,savings,48802.77,2025-03-28 23:50:07.844565
1637,2071,savings,2529.69,2024-12-02 22:48:28.357375
1638,4984,savings,26717.02,2025-03-07 17:46:28.271933
1639,1430,checking,3605.98,2024-11-30 00:23:03.538659
1640,2277,checking,35113.41,2023-12-02 23:50:27.957484
1641,3573,checking,35984.56,2024-05-02 15:58:30.849882
1642,2329,checking,40475.36,2023-07-12 07:14:18.787143
1643,3140,checking,27415.88,2024-11-12 20:14:41.134585
1644,2002,savings,17124.31,2025-01-23 23:49:39.375683
1645,2765,savings,29193.95,2026-04-16 21:49:38.048983
1646,475,savings,40443.31,2025-07-04 08:19:27.131638
1647,1127,checking,804.48,2026-05-15 02:08:39.387939
1648,3855,savings,2432.5,2025-04-12 10:02:13.679854
1649,1267,savings,31797.54,2023-08-28 22:36:36.358748
1650,3608,savings,26272.01,2024-03-15 22:29:02.388134
1651,4314,checking,12535.69,2024-01-08 04:47:19.711034
1652,2950,checking,8427.84,2025-12-02 17:43:39.169021
1653,52,checking,34489.4,2024-09-15 07:11:54.584559
1654,761,savings,31841.34,2023-09-14 13:36:53.601200
1655,4729,savings,17264.93,2025-07-26 08:26:01.180347
1656,2743,savings,21868.94,2025-07-05 16:20:53.024404
1657,4677,checking,47580.4,2025-02-09 09:18:17.099770
1658,2803,savings,35404.98,2025-06-20 01:50:15.521748
1659,4256,savings,30560.13,2024-03-27 09:04:28.525485
1660,3775,savings,15329.92,2025-05-22 10:23:38.657897
1661,3183,savings,30632.25,2023-06-23 08:26:37.028409
1662,1227,checking,16132.3,2025-09-05 23:57:25.469749
1663,258,savings,20402.95,2025-06-21 21:22:15.098914
1664,468,savings,33145.44,2024-12-03 19:25:46.495515
1665,4460,checking,7002.77,2025-10-14 23:12:17.858777
1666,783,savings,15918.39,2026-05-22 08:03:18.062248
1667,4410,checking,28428.96,2025-01-18 06:54:28.675447
1668,3865,checking,15992.78,2026-02-14 09:00:17.549203
1669,4288,checking,28687.73,2024-12-02 11:18:35.161792
1670,362,checking,5898.72,2023-11-25 09:40:22.198539
1671,4091,savings,21245.03,2023-11-21 10:14:17.957904
1672,1285,checking,33452.25,2026-04-16 05:29:21.402036
1673,1306,savings,48939.6,2026-02-19 02:36:49.689406
1674,2447,savings,40976.92,2025-02-14 12:35:16.107053
1675,1786,savings,4245.63,2024-05-31 22:45:07.750536
1676,3634,savings,16686.75,2025-04-13 10:46:59.744857
1677,3439,savings,34792.37,2025-04-19 15:54:20.125886
1678,726,checking,28677.89,2024-06-12 12:24:44.286781
1679,538,savings,32473.24,2025-05-06 16:46:57.667612
1680,2770,savings,44549.55,2024-11-10 20:03:04.065886
1681,466,checking,16372.24,2024-10-09 23:37:07.175467
1682,3412,checking,8622.9,2025-07-31 13:21:15.162759
1683,4146,savings,3958.8,2024-01-13 11:20:46.982766
1684,45,checking,35754.09,2025-02-25 10:33:40.746619
1685,504,checking,29712.77,2024-05-06 14:43:22.803498
1686,706,checking,11692.03,2023-08-30 18:41:32.557464
1687,3080,checking,18271.73,2025-09-15 11:16:40.425498
1688,2854,checking,10765.95,2026-02-18 10:33:00.183131
1689,1469,savings,32346.71,2026-01-02 15:57:54.255970
1690,4679,checking,42919.93,2024-02-11 23:46:53.794751
1691,4950,savings,45326.4,2024-01-01 18:12:42.774146
1692,2042,checking,28618.32,2025-02-28 11:31:21.919580
1693,3993,checking,36314.58,2024-09-08 21:57:51.867100
1694,2589,checking,48650.23,2023-07-31 09:43:09.970469
1695,2989,savings,44831.41,2024-03-18 09:54:55.502016
1696,4647,checking,36480.05,2024-04-08 21:43:39.551817
1697,963,savings,29125.76,2025-05-19 17:45:00.014937
1698,21,checking,5259.48,2023-12-07 00:43:34.138541
1699,4366,checking,38995.25,2023-12-26 10:25:11.128024
1700,819,savings,38051.06,2025-10-04 20:38:43.300001
1701,488,savings,45762.08,2024-04-26 12:54:23.816597
1702,3844,checking,34367.57,2026-02-11 09:06:49.588212
1703,1473,savings,35274.53,2025-09-02 18:17:02.349955
1704,1975,checking,7530.06,2023-11-14 20:26:51.059880
1705,3516,checking,46959.81,2024-10-21 07:23:53.705526
1706,819,savings,37050.13,2024-12-10 23:16:44.554596
1707,1855,checking,14878.27,2026-02-21 22:45:09.362994
1708,573,savings,39075.96,2024-03-20 13:52:46.226219
1709,3668,savings,31368.07,2025-12-11 12:50:27.982533
1710,3852,savings,21045.73,2024-06-20 09:39:07.770894
1711,1079,checking,2207.35,2024-06-25 01:24:19.034577
1712,3129,checking,26279.57,2026-03-21 02:49:45.158103
1713,2328,checking,48899.51,2025-09-12 22:33:05.286695
1714,3623,savings,8986.29,2024-04-07 10:33:32.681029
1715,2509,savings,41990.6,2026-01-17 21:12:00.074043
1716,1306,savings,4051.84,2025-01-19 03:34:12.256231
1717,1510,checking,24048.65,2026-06-13 00:13:42.104332
1718,2575,checking,45310.88,2026-05-10 05:16:12.603053
1719,2887,savings,3491.09,2025-12-18 20:15:48.811949
1720,2392,savings,14318.97,2025-01-12 10:50:41.268481
1721,331,checking,30524.98,2025-12-14 00:31:10.572918
1722,2338,checking,47807.39,2025-08-14 21:43:21.169942
1723,3028,checking,47066.02,2026-06-04 13:58:03.885915
1724,4078,savings,32934.2,2023-10-28 01:55:51.616086
1725,2850,checking,41016.76,2026-04-18 14:51:15.291209
1726,4679,savings,31596.63,2024-10-10 20:45:01.355716
1727,1417,checking,3353.27,2024-10-06 00:45:45.836675
1728,819,savings,3939.63,2024-04-26 17:39:18.631437
1729,2441,checking,45115.58,2026-01-04 03:07:02.760241
1730,2487,savings,11589.73,2025-12-21 04:52:48.937453
1731,338,checking,29154.3,2025-06-25 18:52:19.206272
1732,972,checking,45651.62,2024-05-24 19:09:17.912044
1733,611,savings,39125.03,2025-07-25 23:25:03.025106
1734,246,checking,39670.76,2024-08-10 13:32:05.435728
1735,3848,checking,35784.64,2024-02-29 07:45:19.372218
1736,3825,checking,34171.19,2024-09-19 04:11:42.827810
1737,2553,checking,13171.07,2025-08-10 09:05:51.075595
1738,1823,savings,45274.06,2026-04-15 05:01:57.599321
1739,2036,checking,49.39,2026-04-01 18:45:07.953534
1740,1986,savings,1459.03,2024-11-08 02:41:27.623881
1741,3527,checking,23470.27,2025-05-21 21:17:33.055319
1742,3601,savings,5316.04,2023-10-26 00:24:23.187698
1743,3315,savings,18094.37,2025-01-26 19:55:24.202987
1744,1165,savings,10808.12,2024-08-01 20:53:38.095549
1745,798,checking,16198.74,2024-08-29 06:31:59.289471
1746,2600,savings,46337.66,2025-07-05 10:24:29.055955
1747,2565,checking,48384.68,2026-04-05 05:33:11.232852
1748,395,savings,21529.08,2024-05-08 08:50:46.669268
1749,876,savings,26107.89,2024-10-21 16:19:08.778906
1750,3174,checking,10220.3,2024-06-09 06:54:58.354498
1751,2220,savings,18049.87,2025-07-29 20:02:02.474529
1752,4709,checking,23087.27,2025-05-24 22:49:23.184147
1753,4614,checking,13074.34,2025-01-17 00:36:32.932733
1754,2425,checking,20631.0,2023-08-31 00:38:34.860969
1755,3396,savings,6581.61,2025-10-02 13:34:00.590386
1756,2171,savings,22353.35,2026-05-09 18:39:02.041723
1757,311,savings,24508.07,2026-05-02 02:20:30.150587
1758,229,checking,35100.67,2025-02-21 12:13:32.560944
1759,2866,checking,41649.03,2024-08-03 10:15:00.576355
1760,1296,savings,2032.66,2025-08-24 21:30:16.106142
1761,4155,savings,10484.87,2025-01-06 17:44:27.721343
1762,245,savings,10854.02,2024-02-12 00:55:17.657890
1763,3719,savings,39897.65,2024-06-17 08:53:35.279036
1764,262,savings,14951.83,2025-11-03 20:33:18.878668
1765,3097,savings,2699.98,2025-09-25 07:28:57.584693
1766,4693,savings,28423.03,2025-08-08 05:36:35.123572
1767,269,savings,40732.78,2024-12-06 18:57:47.473433
1768,514,savings,7219.83,2025-01-31 22:56:50.361080
1769,3771,savings,29703.4,2026-04-20 01:36:31.932500
1770,4138,savings,47756.75,2024-03-25 09:20:12.839250
1771,430,savings,44974.35,2023-08-30 03:38:42.589782
1772,1212,checking,14071.98,2025-05-10 09:15:08.041106
1773,4208,savings,38368.41,2025-11-13 08:27:10.182437
1774,1196,checking,44816.78,2025-12-25 13:17:01.433418
1775,1190,checking,28752.55,2024-09-26 15:07:34.730296
1776,4905,checking,42343.76,2026-01-29 00:29:34.318681
1777,998,savings,378.55,2023-12-05 23:42:35.171571
1778,1072,checking,23466.74,2024-03-10 07:14:37.795868
1779,2350,checking,12793.92,2026-05-01 13:55:01.734454
1780,2957,savings,42169.4,2025-10-12 00:16:43.513612
1781,4605,checking,12719.04,2024-02-13 20:58:22.010819
1782,1695,checking,19992.52,2024-09-07 23:17:40.900978
1783,1217,checking,37444.48,2024-05-15 13:29:40.161616
1784,2566,checking,44219.15,2024-11-16 12:37:35.292746
1785,328,savings,39735.38,2025-11-08 22:36:49.334169
1786,2525,checking,29945.74,2025-11-29 08:28:54.207443
1787,500,checking,23145.52,2024-01-20 06:08:43.472729
1788,292,checking,19275.37,2024-05-03 17:36:47.753396
1789,2271,savings,39178.85,2024-09-27 05:03:43.329751
1790,3680,checking,12959.04,2025-06-08 12:37:12.395583
1791,899,checking,11060.4,2026-03-03 15:29:55.939954
1792,2882,savings,34471.94,2025-07-14 19:12:32.347650
1793,1014,savings,35219.56,2023-10-09 09:24:38.208517
1794,4732,savings,31879.8,2023-12-06 00:07:38.725293
1795,3463,checking,4588.96,2024-09-11 23:55:10.627682
1796,821,savings,10028.03,2024-08-05 05:03:05.834557
1797,4342,checking,21339.53,2025-10-22 21:20:34.543612
1798,2789,checking,43894.26,2024-12-25 13:24:46.247901
1799,1932,checking,49625.52,2025-12-08 03:46:21.680626
1800,356,savings,48084.48,2024-05-13 22:28:26.900813
1801,448,checking,46303.33,2024-10-11 14:32:50.758596
1802,3239,checking,4412.67,2024-07-09 13:51:23.699774
1803,3329,savings,8007.36,2026-03-04 19:35:24.749619
1804,2338,checking,31313.37,2026-05-06 03:40:58.421672
1805,1467,checking,41414.33,2024-04-14 21:47:19.840913
1806,3275,checking,28265.1,2023-07-01 14:35:58.955150
1807,2467,checking,16504.77,2025-05-25 18:37:05.194104
1808,4176,savings,32740.88,2025-12-16 12:16:20.891690
1809,96,savings,29226.06,2024-01-17 14:42:08.458549
1810,3997,checking,18339.49,2023-12-23 19:44:30.274866
1811,378,savings,35418.66,2025-12-21 18:06:58.176099
1812,1834,savings,18578.68,2026-03-12 17:12:44.723975
1813,483,savings,49578.67,2025-01-02 06:20:44.430713
1814,3218,savings,48231.64,2023-07-26 23:42:59.778255
1815,403,checking,32107.96,2023-10-17 02:15:13.844887
1816,3172,savings,1764.39,2023-07-23 23:17:41.375125
1817,1606,checking,40731.48,2026-02-11 22:16:24.859497
1818,4721,checking,31294.58,2024-11-03 19:04:38.775082
1819,1764,checking,48399.55,2023-10-16 03:52:02.308644
1820,2052,checking,39074.59,2025-02-15 14:37:43.675043
1821,2038,checking,16138.68,2024-08-20 12:28:08.752709
1822,776,checking,26945.61,2024-09-13 02:54:33.925346
1823,1491,checking,32727.24,2024-08-12 09:35:21.183852
1824,1361,checking,16585.61,2026-05-13 05:52:46.025108
1825,265,savings,34012.98,2024-11-21 12:02:43.136042
1826,534,checking,927.19,2024-07-16 08:42:19.848001
1827,1627,checking,8155.64,2024-02-20 16:27:21.792417
1828,206,checking,18637.65,2025-11-04 14:21:15.293818
1829,3608,checking,33508.26,2024-08-24 15:22:58.819782
1830,3129,savings,31141.52,2024-10-16 23:05:43.047949
1831,2476,savings,23282.77,2026-01-29 06:29:53.809424
1832,621,checking,31856.22,2025-07-14 17:31:16.453172
1833,3024,checking,42333.01,2023-08-03 22:31:09.289381
1834,340,savings,27909.35,2026-02-23 09:59:29.880847
1835,2404,savings,2911.51,2023-08-12 22:03:25.439016
1836,2774,checking,32071.73,2025-08-10 11:05:13.585534
1837,182,savings,17644.38,2025-11-05 02:02:36.553849
1838,3527,savings,45031.14,2026-03-17 05:07:53.688280
1839,594,checking,29870.98,2024-08-20 22:29:25.147104
1840,1439,savings,43730.81,2026-01-26 05:07:00.775976
1841,1809,savings,42160.77,2024-02-08 07:39:59.698126
1842,1614,checking,21115.88,2026-04-13 06:12:37.933017
1843,3385,checking,16995.77,2024-10-25 10:20:43.930830
1844,2280,savings,48352.29,2024-03-24 22:24:13.536504
1845,2735,checking,46473.98,2024-08-06 09:17:12.853303
1846,3441,checking,34775.64,2025-02-03 11:33:38.388811
1847,1884,savings,30852.1,2025-07-24 03:06:21.654895
1848,3903,savings,33164.52,2023-10-01 08:02:46.722179
1849,3107,checking,28874.11,2025-03-06 16:00:04.525174
1850,1424,checking,2473.35,2023-06-26 03:47:11.914099
1851,3639,checking,48177.54,2023-11-11 18:21:35.436061
1852,4314,checking,46234.39,2025-09-25 21:19:31.421379
1853,1554,checking,35682.57,2024-10-17 10:54:15.461410
1854,1542,savings,10520.65,2023-08-09 15:15:59.545625
1855,1563,savings,48009.76,2025-05-03 06:45:02.324667
1856,3848,savings,49231.03,2023-12-30 08:50:02.959832
1857,902,checking,29014.95,2024-02-16 23:46:43.125312
1858,1615,checking,44554.53,2024-04-28 21:32:30.971541
1859,3900,checking,20165.48,2025-12-09 14:45:31.586279
1860,1571,savings,31565.27,2026-05-08 11:47:49.597639
1861,3875,savings,32245.53,2025-04-03 17:15:06.533786
1862,1721,checking,31607.82,2024-06-20 23:29:28.807990
1863,4656,savings,30840.02,2026-04-20 22:15:46.473953
1864,2848,savings,48799.93,2025-11-11 22:11:24.252278
1865,3807,savings,3929.59,2025-01-09 02:31:35.383739
1866,4991,savings,6264.98,2023-07-31 19:49:07.651850
1867,659,savings,42955.16,2024-04-30 07:15:28.940906
1868,3141,savings,25837.1,2024-05-16 05:51:04.255108
1869,3683,checking,29533.77,2024-04-21 08:28:36.548329
1870,2456,checking,44561.83,2025-04-14 15:43:00.597206
1871,2196,checking,33323.48,2024-03-30 10:44:41.074757
1872,3266,savings,14788.09,2025-10-23 18:38:23.057965
1873,1056,savings,31731.49,2023-12-13 00:58:58.796432
1874,1712,savings,34140.06,2023-12-30 07:53:55.310519
1875,2296,checking,36584.8,2023-08-09 20:09:23.515869
1876,3363,checking,18169.71,2023-11-30 15:39:10.614061
1877,2155,savings,13565.32,2025-04-14 07:33:34.537147
1878,1864,checking,28622.07,2024-12-02 13:15:23.923082
1879,1549,checking,44982.55,2024-04-22 05:31:26.716545
1880,2387,savings,10133.98,2025-09-29 04:38:31.508267
1881,441,checking,45307.61,2025-11-23 05:08:08.337928
1882,4498,savings,14789.79,2024-11-04 06:47:05.277034
1883,4516,savings,6526.44,2026-04-24 19:10:28.594825
1884,1076,checking,10460.31,2026-03-05 10:25:22.069955
1885,4220,savings,30334.35,2024-07-15 09:05:11.955917
1886,424,savings,16860.74,2024-05-15 08:21:03.875263
1887,2691,checking,11986.11,2026-05-02 23:00:57.737972
1888,1423,checking,26281.17,2025-06-08 23:17:28.645931
1889,4003,savings,40263.02,2026-01-04 17:20:30.171717
1890,4987,checking,12194.29,2025-04-18 20:33:54.943568
1891,116,savings,10846.53,2025-01-26 06:26:24.224936
1892,1217,checking,23063.17,2024-12-17 15:06:14.233046
1893,3418,savings,47452.51,2023-07-25 01:36:20.459234
1894,1794,savings,6102.3,2024-07-03 15:18:22.491545
1895,3929,savings,8603.42,2023-12-28 06:52:37.128679
1896,4617,savings,8064.22,2024-12-26 19:16:51.098827
1897,1468,checking,12177.33,2026-04-06 23:21:34.771462
1898,4887,savings,46445.53,2024-11-30 21:49:30.062012
1899,3040,checking,29034.64,2024-09-03 00:48:00.719704
1900,589,savings,41776.01,2024-02-23 13:55:38.092675
1901,606,savings,40313.64,2025-05-02 21:56:49.936270
1902,4569,savings,47415.35,2024-11-06 15:15:59.468344
1903,3943,checking,14865.5,2025-09-27 22:15:19.640345
1904,3296,checking,1475.87,2023-12-27 08:01:29.335765
1905,2876,checking,3087.41,2026-05-24 09:43:18.666567
1906,3767,checking,7331.41,2026-01-21 18:45:52.582762
1907,2814,checking,40908.78,2026-04-13 05:48:46.457325
1908,3007,savings,9483.16,2026-05-28 06:34:26.764153
1909,519,checking,26630.56,2026-02-17 12:06:18.147151
1910,1348,checking,35469.3,2023-07-18 01:46:44.644254
1911,4153,checking,19876.48,2025-10-04 11:03:39.367441
1912,2464,checking,33547.88,2023-08-13 13:18:58.902564
1913,2770,savings,8242.23,2023-12-12 15:13:31.326128
1914,2646,checking,35096.4,2024-08-07 13:32:56.090640
1915,233,savings,27756.79,2024-02-15 18:49:54.396338
1916,3680,savings,11524.91,2024-10-10 22:07:49.216816
1917,2389,checking,33532.55,2024-04-16 10:43:41.736972
1918,667,savings,6113.52,2026-03-17 09:47:17.673484
1919,1658,savings,22192.72,2026-03-08 19:36:42.429370
1920,2726,savings,15141.17,2023-10-02 03:09:50.729407
1921,2606,checking,12547.85,2024-01-03 21:33:37.538368
1922,2084,checking,19995.82,2023-08-15 01:14:39.944075
1923,66,savings,27367.99,2024-12-31 02:24:49.068773
1924,2365,checking,47261.61,2023-09-10 00:02:03.780457
1925,4208,savings,35399.52,2024-04-07 23:23:27.525422
1926,795,savings,4906.08,2025-09-19 12:56:05.994067
1927,4159,checking,14215.0,2025-12-13 19:31:43.088856
1928,736,savings,5769.88,2024-09-07 05:15:28.357126
1929,3810,checking,37772.23,2026-06-10 02:15:28.391120
1930,2846,checking,42410.08,2024-12-27 19:50:09.159339
1931,2969,savings,5970.55,2024-01-26 13:28:56.002599
1932,895,savings,14542.53,2025-10-02 17:35:16.683017
1933,2598,checking,12201.61,2026-04-29 20:20:43.015553
1934,3647,savings,7454.29,2026-04-26 20:49:07.781551
1935,3318,checking,33262.79,2025-07-31 23:35:19.061389
1936,1563,savings,18212.23,2024-04-27 06:25:20.468454
1937,4958,checking,28118.19,2025-11-20 04:51:24.858411
1938,4832,savings,28013.45,2023-11-01 17:01:06.748105
1939,4096,savings,1530.5,2024-11-14 12:39:11.211319
1940,260,checking,47488.76,2025-08-01 12:36:25.442332
1941,3527,savings,43796.18,2024-08-04 05:22:37.321387
1942,222,checking,16206.52,2026-05-15 11:24:50.113625
1943,3217,checking,49898.94,2024-09-19 04:49:21.284648
1944,2855,savings,41481.54,2024-12-10 14:18:41.919966
1945,1039,savings,4103.91,2023-10-31 21:01:17.639652
1946,1403,savings,29199.15,2025-04-28 16:15:44.741360
1947,1664,savings,41923.15,2023-11-25 05:05:28.290474
1948,3826,checking,5301.17,2023-06-26 11:12:07.634110
1949,1791,savings,15069.32,2024-03-14 02:48:30.190278
1950,4446,checking,13924.11,2024-09-25 19:16:40.164389
1951,2957,savings,9773.89,2026-03-07 23:00:31.205340
1952,1058,checking,9978.03,2024-01-14 20:55:47.500815
1953,733,checking,9687.76,2026-02-11 02:45:21.535053
1954,1414,savings,46361.34,2025-08-19 10:44:08.117468
1955,2260,checking,18765.79,2025-09-26 02:47:42.240852
1956,3117,savings,23586.83,2024-06-18 22:25:36.111521
1957,4668,checking,14799.06,2025-01-22 17:28:53.171070
1958,1190,savings,22783.66,2023-06-18 05:14:21.690735
1959,919,checking,16130.34,2025-10-25 07:37:01.990398
1960,159,savings,38522.42,2025-03-20 03:40:14.476219
1961,3650,checking,14535.07,2025-06-01 10:38:52.827474
1962,619,checking,14771.01,2025-04-03 16:50:19.215177
1963,4654,checking,25143.99,2023-11-18 01:23:11.884768
1964,2878,savings,23129.66,2025-03-13 13:20:00.252648
1965,2646,checking,25641.28,2024-12-07 14:50:33.026580
1966,3132,checking,46888.63,2026-05-16 16:32:48.638457
1967,594,checking,1666.44,2025-10-17 19:48:56.508460
1968,3849,checking,33628.28,2024-03-15 20:21:42.857772
1969,3209,savings,10357.85,2025-07-08 18:37:43.242592
1970,1813,savings,31246.28,2024-07-22 21:07:52.217211
1971,3139,checking,11872.78,2025-05-24 19:09:05.799351
1972,2102,checking,13004.64,2025-07-20 01:01:44.858205
1973,2024,savings,40062.15,2025-06-30 20:08:55.022003
1974,4608,savings,17945.11,2024-02-10 03:56:21.463155
1975,1122,checking,2441.94,2025-03-17 08:55:59.405455
1976,1828,savings,722.21,2025-09-14 03:18:09.358327
1977,1064,savings,22423.53,2023-12-30 02:52:00.052119
1978,4535,checking,30893.63,2024-08-31 10:05:48.659304
1979,1471,checking,36695.16,2024-01-25 15:26:55.061354
1980,1237,savings,34200.06,2025-07-23 06:53:43.210833
1981,2731,savings,20687.89,2024-01-04 08:44:28.091902
1982,564,checking,44748.64,2024-07-25 01:41:48.083695
1983,466,savings,15250.0,2025-10-04 00:29:48.602050
1984,485,checking,24431.49,2025-04-02 21:53:09.167267
1985,2611,checking,850.73,2026-01-29 18:16:58.166779
1986,2476,savings,4563.12,2024-06-30 15:10:07.061378
1987,3437,checking,4229.0,2025-12-18 17:42:10.802325
1988,2285,savings,5478.59,2025-07-10 18:33:14.785160
1989,3286,savings,42016.84,2024-03-29 02:57:13.744662
1990,3015,savings,18089.21,2025-04-08 21:51:12.811152
1991,2548,checking,35558.66,2023-08-07 16:17:50.254287
1992,1996,savings,20193.91,2024-12-20 22:15:28.572949
1993,4224,checking,49905.32,2025-07-29 14:55:49.397254
1994,1581,checking,15868.51,2025-05-13 07:23:20.872683
1995,2128,checking,46783.47,2025-02-28 12:25:36.927090
1996,1445,checking,27729.33,2026-03-04 14:26:12.959285
1997,4325,savings,14095.52,2025-10-13 16:33:41.623719
1998,1231,checking,5113.1,2025-07-13 11:13:51.606992
1999,3265,savings,26842.74,2025-01-16 08:42:12.345413
2000,1003,savings,43639.73,2024-08-09 01:39:11.832962
2001,1697,savings,7802.85,2023-11-10 04:28:40.036628
2002,2373,savings,3695.66,2024-05-30 04:53:15.247861
2003,3702,checking,32531.94,2025-01-04 06:34:35.765480
2004,3007,checking,23580.0,2023-09-04 06:35:12.408931
2005,1574,checking,48564.47,2024-05-14 05:45:31.773213
2006,240,savings,14926.68,2023-11-14 10:52:17.672794
2007,1163,checking,16256.56,2023-09-15 16:15:05.530100
2008,2311,savings,16973.76,2024-03-30 09:45:23.530082
2009,940,checking,32396.13,2023-08-03 15:02:31.611442
2010,1604,savings,31597.17,2025-03-03 19:57:51.427674
2011,2292,savings,27782.19,2025-06-28 01:59:25.277699
2012,4949,savings,34565.15,2025-12-02 16:58:15.834060
2013,2934,checking,34777.82,2024-11-27 07:23:07.117324
2014,556,checking,26708.99,2024-10-20 17:17:58.148363
2015,1365,savings,49790.78,2024-02-22 17:31:52.838740
2016,3841,checking,17868.38,2024-11-26 19:42:03.447258
2017,2617,checking,9878.85,2025-02-02 03:05:39.298543
2018,3306,savings,42592.4,2025-11-26 19:54:33.502084
2019,4885,checking,11838.04,2023-12-31 07:20:00.016052
2020,4617,checking,13228.5,2024-08-04 00:05:26.430655
2021,412,savings,44934.3,2024-09-28 08:05:07.268309
2022,4579,checking,15344.68,2023-11-24 15:59:41.058953
2023,3616,checking,18353.7,2025-03-17 10:23:12.228051
2024,467,checking,41206.83,2026-03-29 06:59:31.549169
2025,3635,checking,26888.06,2025-02-06 01:23:17.971288
2026,1319,savings,20440.34,2025-01-20 08:47:23.736583
2027,744,checking,4766.71,2025-04-13 05:47:04.642370
2028,4540,checking,6217.71,2023-09-08 03:46:28.251970
2029,3471,savings,19399.37,2024-09-12 00:08:32.587120
2030,4893,savings,27185.66,2024-11-01 16:20:49.496179
2031,1277,savings,21235.8,2024-06-16 19:33:10.396697
2032,393,savings,31229.73,2024-10-16 13:32:52.686845
2033,1956,checking,7027.7,2023-06-25 22:39:11.344504
2034,1775,checking,14496.45,2026-04-25 23:31:39.388060
2035,4760,checking,30511.52,2025-02-03 02:44:59.855223
2036,495,checking,46404.99,2024-08-16 07:22:19.824404
2037,116,savings,30167.23,2024-08-04 01:09:46.376342
2038,2328,savings,14729.27,2025-10-20 10:54:14.416813
2039,3130,checking,27836.52,2024-11-02 22:20:53.018881
2040,1539,checking,27293.15,2024-10-16 23:45:23.306097
2041,678,savings,30882.29,2024-01-27 18:52:28.361464
2042,474,savings,184.23,2024-06-30 19:40:12.937270
2043,2586,savings,23284.11,2025-10-20 10:15:18.978978
2044,2092,savings,41502.81,2024-12-02 10:52:13.002056
2045,4078,checking,34990.35,2024-02-16 02:33:43.290217
2046,434,checking,25766.52,2026-02-22 07:39:10.664106
2047,2212,savings,47810.8,2024-10-19 10:39:15.308675
2048,2617,savings,40354.86,2024-10-19 18:56:50.066162
2049,3719,checking,5981.54,2026-03-31 02:49:10.725979
2050,33,savings,26343.41,2023-11-13 14:06:16.943584
2051,4630,checking,43713.95,2024-10-31 21:19:59.390848
2052,4393,checking,10478.29,2023-07-17 13:00:41.300758
2053,1902,savings,6769.72,2024-09-09 08:55:19.930712
2054,2857,checking,10972.36,2024-11-11 13:33:49.801656
2055,2895,savings,33744.44,2025-06-07 14:33:35.455427
2056,106,checking,46244.49,2025-09-03 09:37:33.537077
2057,1084,savings,17299.67,2025-06-07 12:12:48.751121
2058,52,savings,35081.34,2023-11-18 19:36:37.864303
2059,3462,checking,41050.33,2023-10-10 07:23:13.886756
2060,658,savings,2919.95,2023-11-15 23:16:54.428105
2061,4445,savings,12573.95,2025-06-13 10:23:18.871192
2062,4852,savings,12441.59,2026-05-23 09:16:07.366666
2063,3209,checking,49248.53,2024-10-22 13:47:31.038191
2064,2058,savings,16509.22,2024-04-03 19:35:06.482513
2065,468,savings,40827.45,2026-01-27 04:24:07.048001
2066,626,savings,10732.87,2023-09-08 14:57:34.919949
2067,3681,checking,2653.07,2023-07-31 21:59:29.584658
2068,1123,checking,10181.87,2024-02-19 09:39:03.694668
2069,258,savings,2312.03,2026-01-25 11:54:25.834917
2070,4060,savings,31106.29,2026-06-13 08:36:01.735976
2071,1913,savings,21330.64,2025-03-27 09:49:37.979967
2072,2229,savings,9795.77,2026-02-06 18:29:04.587580
2073,556,savings,41804.0,2024-06-04 20:33:44.198979
2074,101,savings,1608.2,2024-04-26 02:07:46.781691
2075,3622,checking,46453.6,2025-06-01 18:50:38.301588
2076,4605,checking,14117.08,2025-04-14 14:32:58.478915
2077,2037,checking,42626.08,2025-03-19 13:18:46.376186
2078,1398,savings,38302.19,2023-12-27 19:33:47.623597
2079,1728,checking,46876.3,2024-08-20 05:16:14.711914
2080,3180,savings,39763.86,2023-10-21 04:43:05.558705
2081,1472,savings,17289.15,2023-10-15 18:14:54.356838
2082,2415,savings,2569.3,2024-06-12 11:43:28.812808
2083,1781,checking,18606.74,2025-02-27 11:30:46.458303
2084,2370,savings,18651.57,2024-09-10 03:31:44.214535
2085,4895,checking,35944.51,2024-11-29 08:46:03.900893
2086,2080,checking,11641.09,2024-12-01 12:00:59.964648
2087,518,savings,11446.9,2025-11-15 18:08:01.886693
2088,4763,savings,13954.07,2025-10-23 05:57:36.215815
2089,4855,savings,13193.88,2024-12-23 08:38:40.638766
2090,4862,checking,37102.33,2026-06-11 13:51:56.347992
2091,1243,savings,40087.95,2026-06-05 14:05:08.571338
2092,3998,checking,38754.71,2024-03-19 05:35:28.084875
2093,325,savings,15485.16,2025-05-28 13:53:45.666719
2094,4728,checking,35183.22,2024-10-31 02:50:37.284753
2095,2912,checking,40404.76,2026-03-18 22:29:42.396609
2096,4922,checking,44988.85,2025-06-21 22:43:46.220330
2097,2540,checking,11291.91,2024-05-24 12:41:13.484129
2098,2973,savings,11774.32,2025-02-04 05:28:15.900012
2099,1932,checking,2374.44,2026-01-31 09:54:09.758135
2100,4397,savings,47877.91,2024-05-12 23:06:36.846388
2101,4541,savings,18357.26,2026-01-20 03:34:12.547487
2102,74,savings,15749.43,2025-10-25 02:48:09.156089
2103,4004,checking,29234.16,2026-03-30 02:25:29.600209
2104,4104,savings,20350.93,2024-12-03 15:22:09.847814
2105,2982,savings,33199.8,2025-09-08 05:44:09.353649
2106,944,savings,12598.09,2026-06-10 21:20:25.599463
2107,2437,savings,1717.83,2024-08-27 10:39:58.766087
2108,4878,savings,4958.28,2024-10-14 01:38:13.534419
2109,1519,checking,4622.71,2024-11-05 19:36:23.301222
2110,4113,checking,28296.19,2023-11-03 21:40:33.232038
2111,3160,checking,23067.55,2024-06-19 04:28:07.332112
2112,1397,savings,35340.51,2025-02-26 04:32:32.557229
2113,4826,savings,13927.97,2025-08-11 06:14:05.038498
2114,2036,checking,22484.74,2024-12-27 08:44:57.475392
2115,2068,checking,14154.88,2025-08-08 16:16:58.214611
2116,329,savings,2085.1,2024-10-21 15:19:25.805058
2117,1095,checking,37049.81,2024-05-12 23:14:10.664263
2118,4992,checking,10459.27,2024-04-19 06:05:58.735002
2119,3752,savings,3504.86,2025-12-30 13:44:05.294908
2120,4,savings,38731.92,2023-10-07 17:57:09.603661
2121,3276,savings,44933.28,2025-03-17 13:10:09.638680
2122,3986,savings,43354.18,2025-06-08 06:20:23.322777
2123,1656,checking,19727.58,2025-06-20 11:45:36.437745
2124,4152,checking,42427.39,2024-09-20 04:19:26.118522
2125,1514,checking,22009.98,2024-10-23 05:36:39.389461
2126,726,savings,32318.95,2024-03-01 13:24:26.576805
2127,3293,checking,14977.72,2024-08-18 08:51:29.307026
2128,20,savings,49580.51,2023-12-20 18:48:38.108343
2129,1590,checking,14697.34,2024-07-16 02:25:33.527226
2130,3038,checking,28488.66,2025-11-13 23:26:26.725226
2131,4870,checking,21933.62,2025-07-04 22:29:00.543804
2132,3579,savings,36497.64,2025-04-18 01:06:24.647274
2133,1093,checking,23940.92,2024-09-10 14:38:43.133036
2134,1169,savings,12086.82,2025-04-19 12:22:51.684749
2135,4444,savings,647.18,2024-09-01 17:51:49.445156
2136,1741,savings,4548.97,2025-02-17 05:17:52.989760
2137,4451,savings,18973.47,2025-06-20 01:06:54.892107
2138,374,checking,38617.19,2024-03-04 22:35:45.880186
2139,4394,checking,18071.51,2025-05-06 22:45:39.895193
2140,4290,savings,18610.51,2024-05-24 09:15:43.008093
2141,2794,savings,22307.01,2024-11-19 17:24:03.714239
2142,2858,savings,2426.88,2026-04-22 20:44:54.472597
2143,1255,checking,8475.15,2024-04-19 16:55:58.194318
2144,2665,checking,4327.72,2026-01-29 20:08:40.159924
2145,4244,checking,22385.15,2023-11-24 10:33:34.180551
2146,3655,savings,36097.59,2024-09-13 00:20:19.484869
2147,3924,savings,11631.13,2024-05-08 23:12:52.520312
2148,4291,checking,43706.74,2024-10-17 19:45:11.465187
2149,3322,savings,43621.49,2025-04-15 21:12:57.583525
2150,1475,savings,17420.56,2024-06-11 22:23:14.702438
2151,2461,checking,7089.8,2024-11-14 03:09:56.169546
2152,3885,savings,2964.84,2024-06-02 09:20:31.024567
2153,3636,checking,16205.68,2026-06-06 14:31:34.272687
2154,538,savings,31543.18,2025-04-28 01:57:48.176859
2155,2313,checking,37120.85,2025-02-23 06:40:19.310970
2156,4536,checking,23468.97,2026-03-26 05:26:06.819932
2157,2497,checking,39465.92,2025-01-28 20:44:23.709947
2158,2998,checking,41698.58,2026-05-01 07:58:17.527866
2159,2630,savings,3072.42,2025-12-02 12:49:50.049971
2160,1762,checking,24899.0,2024-08-12 05:37:14.415290
2161,3950,savings,1481.66,2025-04-11 07:05:10.635577
2162,4805,savings,35792.95,2024-05-23 22:51:48.580703
2163,4053,checking,8248.73,2023-06-15 10:32:26.208992
2164,3939,checking,37917.51,2023-12-31 21:55:12.341446
2165,92,savings,30211.61,2025-07-25 04:34:59.715343
2166,3175,checking,31950.89,2026-01-30 07:52:08.639446
2167,4418,checking,16602.28,2023-07-02 02:29:32.854720
2168,3034,savings,18168.9,2023-11-02 00:53:21.396963
2169,4698,savings,14327.69,2023-12-29 16:37:14.897114
2170,4700,checking,5750.12,2023-10-31 09:46:51.560014
2171,984,savings,27443.18,2025-12-26 04:48:18.980803
2172,4973,savings,25048.28,2024-05-12 14:02:21.224761
2173,4075,savings,30606.71,2025-06-02 12:35:38.566164
2174,1491,savings,2446.41,2025-10-20 18:42:34.559145
2175,219,checking,25268.79,2025-02-03 14:24:31.686909
2176,3991,savings,18935.53,2024-10-27 08:43:58.478737
2177,2502,checking,14300.54,2025-09-25 19:45:54.941254
2178,2683,savings,6089.03,2026-03-27 11:50:46.339346
2179,2492,checking,27857.86,2023-10-30 17:57:05.752395
2180,1830,savings,916.98,2026-03-08 20:03:44.425320
2181,1550,savings,13904.1,2026-05-13 12:01:27.632051
2182,576,savings,9586.09,2025-12-06 16:26:04.681226
2183,3385,savings,4821.73,2024-04-23 03:55:26.486459
2184,436,checking,26290.0,2025-06-21 08:04:52.999323
2185,2328,savings,12037.72,2024-02-04 06:11:10.992125
2186,719,checking,28050.68,2023-07-31 11:59:25.017567
2187,1452,checking,21314.19,2026-04-03 22:59:36.566542
2188,2989,checking,249.18,2025-04-14 00:26:44.869648
2189,2393,checking,32692.06,2025-03-27 16:26:07.661755
2190,2675,checking,32440.14,2025-02-11 06:33:42.464844
2191,4400,checking,43100.42,2023-12-25 09:44:06.849648
2192,4793,savings,1522.07,2024-06-01 07:09:56.032467
2193,19,checking,5460.44,2025-10-14 00:28:35.173138
2194,393,savings,18513.74,2025-07-25 06:32:57.540787
2195,816,checking,20447.0,2024-03-27 18:21:56.180279
2196,2717,checking,49953.93,2024-04-03 12:58:54.067181
2197,2585,savings,24143.59,2023-11-18 12:20:37.704106
2198,2145,savings,15213.68,2024-07-12 14:05:23.916637
2199,971,savings,13241.92,2023-08-15 01:02:04.923203
2200,274,savings,24305.14,2025-03-26 03:30:42.105254
2201,466,checking,20793.22,2024-03-05 21:58:40.573224
2202,1415,savings,38618.41,2025-10-18 10:32:54.436296
2203,2577,savings,11586.89,2023-06-18 18:44:55.215935
2204,2059,checking,5757.15,2025-04-11 11:17:12.358087
2205,493,savings,26308.82,2023-10-29 04:33:20.366152
2206,2038,savings,10897.79,2025-12-12 23:39:20.663156
2207,373,checking,30994.64,2024-04-19 04:19:57.552055
2208,565,checking,30839.71,2025-10-12 10:43:07.419532
2209,3737,checking,49937.77,2023-10-19 12:25:11.855713
2210,4408,checking,24585.5,2024-06-12 12:16:42.540634
2211,4518,savings,6465.17,2023-09-30 00:19:36.669709
2212,4525,checking,20111.41,2024-05-10 00:59:11.223017
2213,2177,savings,35793.02,2026-02-25 10:47:47.857963
2214,1942,checking,28765.75,2026-05-12 18:07:31.390142
2215,3279,checking,13162.12,2025-06-29 05:41:39.135603
2216,314,checking,15620.94,2024-07-11 21:15:01.429718
2217,2616,checking,11916.96,2024-05-24 06:49:09.419369
2218,1065,savings,6522.36,2026-05-10 17:17:10.508116
2219,53,checking,8562.51,2024-07-15 19:29:33.545785
2220,3736,checking,12429.79,2025-01-13 15:01:15.944504
2221,1250,checking,46339.67,2024-09-06 13:45:19.714670
2222,690,checking,28985.37,2025-02-01 21:15:32.036231
2223,158,checking,29242.3,2025-05-06 13:53:16.963150
2224,1994,checking,26492.7,2025-04-04 01:01:29.873189
2225,1967,checking,39861.65,2024-10-22 10:28:32.548004
2226,3988,savings,2667.16,2024-08-14 12:32:03.369314
2227,3656,checking,38426.41,2025-05-18 08:49:42.675842
2228,2923,savings,2460.55,2023-08-11 02:33:03.244078
2229,1770,savings,32411.22,2024-12-18 22:24:38.650806
2230,1262,savings,31186.59,2025-08-04 22:57:18.732285
2231,3654,savings,31368.72,2026-06-06 17:25:43.439246
2232,1989,checking,38468.72,2024-01-04 12:25:28.212001
2233,704,checking,27260.89,2024-08-07 22:18:27.669710
2234,3995,checking,18417.65,2024-06-14 21:16:04.247814
2235,2807,checking,38777.38,2023-08-01 01:02:27.776851
2236,2038,savings,4299.33,2026-02-04 19:26:31.708139
2237,1724,savings,38009.39,2025-04-22 06:48:48.266504
2238,4695,checking,1594.26,2025-06-18 19:38:47.103581
2239,2310,savings,45691.7,2024-05-16 04:17:54.867110
2240,171,savings,46397.59,2025-12-07 21:07:59.685449
2241,1379,checking,15574.8,2025-05-02 14:30:47.666353
2242,3880,savings,41728.52,2024-01-26 22:57:01.579647
2243,4323,checking,25464.0,2024-02-05 08:13:23.764508
2244,4757,checking,17308.33,2023-12-12 05:36:28.709164
2245,33,checking,15993.33,2024-01-23 17:01:49.441981
2246,849,checking,13836.44,2026-01-21 10:35:32.341000
2247,2126,checking,31067.36,2025-07-16 15:23:00.551917
2248,1257,checking,18739.43,2024-01-14 14:02:51.075699
2249,2124,savings,45497.3,2024-09-04 04:23:16.257368
2250,1736,checking,16706.88,2024-05-31 01:14:40.227283
2251,1055,savings,1263.39,2025-10-22 23:44:08.515520
2252,4722,savings,21194.0,2025-11-28 13:25:04.645189
2253,4183,savings,22043.76,2024-09-07 07:52:12.931204
2254,4873,savings,44151.41,2024-02-18 17:30:20.794165
2255,117,savings,21707.37,2023-06-30 03:18:06.386194
2256,4470,savings,37330.81,2025-12-21 00:43:59.244785
2257,3412,checking,23502.69,2026-04-18 03:48:19.061090
2258,1462,checking,18441.91,2023-09-18 13:49:53.611530
2259,160,checking,7058.69,2024-07-06 03:21:54.350685
2260,4754,checking,12369.6,2023-08-18 23:05:06.533253
2261,477,checking,43296.29,2024-11-30 16:49:58.057241
2262,1401,savings,3806.75,2024-09-26 01:25:32.658559
2263,4663,savings,47467.43,2024-02-03 04:02:01.496882
2264,1066,checking,15708.21,2024-03-01 13:32:24.516711
2265,1515,checking,12596.43,2024-08-28 20:16:10.748218
2266,2332,checking,29000.22,2024-07-19 01:13:01.552091
2267,3459,savings,27262.56,2026-03-08 03:22:25.505160
2268,1723,savings,40269.93,2026-01-18 16:41:50.133036
2269,4674,checking,26728.27,2023-10-12 21:14:20.978943
2270,588,checking,42158.61,2024-02-29 09:51:42.822778
2271,2530,savings,46775.25,2024-03-23 10:48:17.682740
2272,1338,checking,12533.95,2024-12-16 22:33:35.185784
2273,957,checking,36844.05,2024-08-04 06:30:36.903101
2274,2557,checking,2145.0,2026-05-22 11:19:54.694281
2275,283,checking,17262.63,2024-06-05 18:13:08.421815
2276,4921,checking,16015.32,2023-11-06 05:43:38.941523
2277,1834,savings,17705.15,2026-03-03 10:32:25.271877
2278,2836,savings,36642.74,2024-04-17 20:46:47.666671
2279,977,savings,17818.78,2024-07-03 17:54:13.593560
2280,4611,savings,46011.92,2025-12-27 10:27:34.295272
2281,4662,savings,16782.11,2025-05-09 16:39:03.803078
2282,2065,savings,21911.24,2026-05-03 11:12:33.719246
2283,4287,savings,26695.38,2025-01-06 06:38:29.072735
2284,3638,checking,11644.31,2023-08-12 13:16:05.305039
2285,1550,checking,26730.7,2024-03-20 10:44:59.123142
2286,251,checking,19153.18,2025-05-22 07:18:02.305092
2287,1832,checking,1836.85,2026-03-24 22:55:27.848752
2288,4681,savings,39006.18,2024-06-22 00:11:33.417770
2289,1944,checking,280.81,2025-07-23 22:12:47.088886
2290,2753,checking,41376.51,2023-07-25 10:49:01.879088
2291,2524,checking,21141.58,2024-11-26 06:26:11.621196
2292,2582,checking,24493.51,2025-07-11 12:44:59.665609
2293,2602,savings,2396.76,2024-10-21 00:03:21.435666
2294,4876,savings,15656.86,2025-09-26 20:52:17.790219
2295,3135,checking,35976.02,2023-10-02 22:10:16.091600
2296,3665,checking,36825.93,2023-11-08 03:56:16.756344
2297,3145,checking,25709.47,2026-02-17 02:40:31.057192
2298,2513,checking,16312.19,2024-12-08 16:20:36.688103
2299,348,savings,16972.74,2023-07-10 06:09:42.448236
2300,4764,checking,18646.19,2026-03-07 00:24:46.037966
2301,4634,savings,44917.38,2025-01-31 00:25:52.261420
2302,54,savings,46763.34,2024-01-12 09:35:14.285130
2303,245,checking,27712.59,2025-08-03 23:48:51.524938
2304,2995,checking,14953.94,2025-06-28 20:07:29.232319
2305,4277,checking,6474.82,2024-11-28 17:13:31.117599
2306,2285,checking,3018.59,2025-08-08 13:28:03.809381
2307,4765,checking,31669.49,2024-05-22 12:20:43.086864
2308,4036,checking,8103.9,2023-09-02 19:56:53.474204
2309,1338,checking,3004.52,2023-06-25 08:44:51.752380
2310,2445,savings,28686.75,2024-06-17 22:25:10.381896
2311,2874,savings,35386.22,2024-02-28 03:28:50.561289
2312,3462,checking,12791.21,2026-03-20 02:24:23.301903
2313,247,checking,14570.76,2025-12-24 00:24:31.657967
2314,317,checking,44013.85,2025-01-02 21:24:25.195609
2315,2427,savings,38315.86,2026-01-27 17:16:40.398981
2316,4002,checking,18176.87,2023-10-07 04:29:07.321933
2317,3303,savings,35157.09,2025-12-14 02:44:02.246439
2318,4282,checking,37670.9,2026-05-03 05:21:29.592593
2319,2762,savings,11802.37,2023-08-25 07:00:32.894790
2320,1722,checking,21281.85,2026-05-21 08:18:51.241594
2321,1254,checking,21127.03,2023-11-06 19:42:12.427451
2322,563,savings,18021.56,2024-08-03 06:30:56.424950
2323,2171,checking,10290.31,2026-03-29 00:06:31.466063
2324,2259,checking,13583.14,2024-04-19 00:01:52.821629
2325,2552,checking,11679.25,2025-09-02 23:03:36.810566
2326,3525,checking,36219.4,2026-02-19 22:22:24.906239
2327,4245,savings,49090.75,2024-08-11 23:25:33.856004
2328,126,checking,8598.13,2025-02-04 02:43:47.324564
2329,920,savings,42785.51,2026-05-28 10:46:35.313372
2330,169,savings,37069.7,2026-06-10 06:21:44.201365
2331,1500,checking,15756.5,2023-07-31 13:45:05.068357
2332,4487,checking,9565.96,2024-07-07 14:11:57.357727
2333,376,checking,4769.13,2026-01-20 19:18:16.429954
2334,1983,checking,44261.06,2023-12-29 11:29:04.720221
2335,4584,savings,21969.42,2024-12-30 21:33:42.066469
2336,4073,savings,40851.12,2023-12-13 18:55:08.930915
2337,958,savings,47503.19,2025-11-26 03:35:46.017233
2338,4536,checking,4791.54,2023-11-13 23:48:28.175767
2339,4577,savings,35583.37,2025-07-06 01:54:01.754014
2340,440,checking,47333.13,2026-02-28 15:12:15.351958
2341,2483,savings,40538.74,2025-11-22 15:46:25.463708
2342,51,savings,29239.9,2023-12-11 06:02:39.770087
2343,1272,savings,23287.53,2024-12-26 00:28:31.272228
2344,4196,checking,31417.63,2024-08-08 11:35:19.988497
2345,439,savings,48179.52,2023-11-16 00:35:23.368553
2346,3287,savings,38356.99,2024-09-19 07:34:34.851552
2347,1880,checking,48797.69,2024-02-20 15:32:35.234850
2348,2393,savings,37678.2,2026-01-21 21:58:50.690749
2349,2194,savings,40082.73,2024-02-23 01:15:21.464088
2350,2760,savings,32218.66,2024-04-17 04:37:18.985164
2351,422,savings,44262.65,2026-05-18 15:11:22.807817
2352,1228,savings,23060.59,2024-02-19 23:05:09.406286
2353,3025,checking,24501.61,2024-08-09 08:22:43.866630
2354,2954,savings,648.98,2023-06-23 16:07:40.819263
2355,3145,savings,46701.33,2026-01-15 10:52:48.204442
2356,2109,savings,26527.76,2024-12-02 21:39:49.463465
2357,3960,checking,10859.28,2026-03-03 08:41:02.309223
2358,3196,savings,32546.12,2025-01-06 18:08:57.974379
2359,299,checking,19355.89,2025-03-05 07:11:39.029135
2360,388,checking,47078.04,2025-09-01 18:31:10.497104
2361,2952,checking,21988.47,2023-08-18 06:48:34.499528
2362,1980,checking,45500.51,2025-03-08 19:41:25.446018
2363,3095,savings,29481.53,2025-02-11 01:51:18.928376
2364,4821,savings,10795.62,2024-07-29 01:52:00.625918
2365,488,checking,12025.79,2025-04-13 14:18:17.394233
2366,1689,savings,25742.56,2024-10-27 14:10:43.309666
2367,1208,checking,25633.44,2024-08-09 14:49:43.667613
2368,2414,checking,28798.3,2026-04-11 11:50:01.052334
2369,3422,checking,15544.39,2025-03-14 10:41:14.722620
2370,2493,checking,33320.9,2024-10-09 02:14:14.499610
2371,875,checking,49507.52,2024-08-08 03:12:17.445590
2372,4353,savings,4370.0,2025-10-02 14:49:26.634698
2373,3610,savings,42613.23,2023-09-07 01:35:31.914438
2374,2403,checking,38317.46,2024-08-12 19:09:49.930738
2375,3549,checking,2817.48,2026-03-23 10:43:46.604259
2376,2012,savings,45261.35,2026-04-26 21:15:05.044379
2377,4943,checking,995.55,2024-07-06 07:30:36.739939
2378,3985,savings,24378.64,2024-10-19 18:08:07.931718
2379,3009,checking,34673.54,2023-07-10 19:57:17.440998
2380,4046,checking,30039.76,2025-08-21 11:23:39.466516
2381,3166,checking,24685.88,2026-05-09 05:39:39.288052
2382,1785,savings,13168.16,2024-02-05 13:12:13.622169
2383,2498,savings,9799.75,2024-10-22 17:17:57.545303
2384,2429,savings,22052.55,2025-04-06 20:27:16.199603
2385,2847,checking,30431.43,2025-10-01 17:56:43.188138
2386,328,savings,20794.83,2024-06-17 13:38:26.698907
2387,4680,savings,3888.88,2024-02-14 21:05:00.931778
2388,1480,checking,30761.23,2025-01-08 11:04:29.397408
2389,1972,savings,29863.58,2023-06-30 03:41:37.957533
2390,2647,checking,41466.11,2024-08-20 00:47:21.895262
2391,2209,savings,15603.91,2024-09-12 16:51:32.381622
2392,3574,savings,15994.05,2024-10-16 11:36:44.436127
2393,4632,checking,49319.5,2025-09-10 19:20:21.030045
2394,3805,savings,14281.88,2023-07-04 22:03:13.756691
2395,4799,checking,16891.77,2026-02-16 13:25:23.352322
2396,1171,checking,29481.06,2023-07-17 00:20:39.891358
2397,4142,savings,19411.07,2024-08-15 20:14:30.133687
2398,2314,savings,41026.16,2025-10-02 19:43:13.156198
2399,1500,checking,15994.04,2024-08-21 16:49:57.006453
2400,2128,checking,11094.49,2025-12-10 00:47:57.031291
2401,4638,checking,18771.18,2024-05-21 01:54:11.772498
2402,1171,savings,30491.25,2024-05-01 13:09:43.786776
2403,1043,checking,41385.71,2026-05-27 16:42:23.887387
2404,2693,savings,40038.89,2024-12-20 09:02:19.261726
2405,3168,checking,12511.15,2025-08-19 22:39:53.856430
2406,555,checking,47513.68,2025-01-15 09:01:01.944780
2407,4276,checking,47582.72,2025-11-18 18:33:58.517560
2408,403,savings,30744.56,2026-03-13 07:18:10.965514
2409,2288,savings,32201.39,2024-12-31 14:24:29.375616
2410,3860,checking,36550.79,2025-09-09 15:18:06.672585
2411,988,checking,37219.52,2024-02-22 01:41:08.713038
2412,4653,savings,27569.59,2025-11-09 22:13:32.233855
2413,4158,savings,13709.36,2024-06-24 18:20:14.663425
2414,1135,savings,40459.48,2026-03-08 16:33:04.283478
2415,628,checking,5977.55,2025-06-10 02:10:46.857442
2416,4350,checking,34609.69,2023-07-06 03:48:21.673148
2417,2611,savings,43411.06,2026-02-21 05:15:13.468260
2418,4792,savings,23449.17,2024-04-16 06:48:55.451247
2419,1617,savings,44345.44,2023-06-15 13:04:44.580854
2420,4364,checking,39760.86,2023-12-11 16:01:15.892034
2421,2219,checking,1452.11,2024-05-23 17:40:40.031597
2422,517,checking,15056.9,2024-11-21 00:34:42.970999
2423,1891,checking,29708.14,2023-06-27 14:11:17.684929
2424,2285,savings,48238.93,2026-02-23 10:21:38.793733
2425,1773,savings,49607.19,2025-01-09 17:59:11.770698
2426,292,savings,11360.16,2026-02-14 23:42:01.490155
2427,1376,savings,22805.74,2024-01-30 00:26:01.761646
2428,4556,savings,21720.27,2024-05-31 16:13:13.839289
2429,2003,savings,47278.07,2023-09-03 19:25:03.195143
2430,219,checking,17029.59,2024-02-07 08:24:55.492674
2431,493,savings,4494.62,2026-04-03 19:34:46.773661
2432,2431,savings,33763.0,2024-06-28 11:43:36.526131
2433,581,savings,16442.13,2026-03-25 05:24:48.204348
2434,3679,savings,45059.63,2024-07-06 20:23:39.621638
2435,805,savings,44880.7,2025-08-09 17:51:49.707647
2436,1265,checking,42441.18,2025-05-14 21:40:01.602506
2437,465,savings,28987.34,2025-04-28 08:25:43.482731
2438,197,savings,48267.44,2025-06-18 01:43:17.516167
2439,3501,checking,33246.13,2024-04-29 07:53:57.537933
2440,929,savings,26009.31,2024-05-30 13:01:53.197265
2441,2356,checking,44623.37,2025-04-28 04:09:30.364491
2442,2573,checking,33605.79,2025-07-06 23:24:18.099195
2443,1855,savings,6914.9,2025-12-02 13:43:13.547827
2444,1122,checking,30564.8,2025-01-25 08:47:05.213888
2445,2234,checking,4258.21,2024-09-11 06:13:21.552012
2446,2639,savings,29392.96,2025-12-21 10:02:10.327586
2447,2427,savings,39925.15,2024-01-09 17:03:27.724105
2448,3691,savings,13874.73,2023-10-20 23:53:46.448376
2449,1914,checking,43564.57,2026-04-06 02:48:34.265299
2450,2434,savings,17335.42,2024-04-30 04:54:03.206827
2451,1347,savings,2595.29,2026-02-25 22:48:27.741270
2452,2632,savings,12648.87,2025-03-31 23:43:57.644012
2453,441,checking,30220.51,2025-10-23 12:41:13.936428
2454,3383,savings,20624.21,2025-11-29 22:59:39.517533
2455,4428,checking,29345.44,2024-06-10 08:02:47.213311
2456,2476,checking,34513.14,2024-08-15 15:19:12.645066
2457,772,checking,35406.21,2026-06-11 04:44:24.376008
2458,2082,savings,33279.42,2024-05-04 15:46:51.994467
2459,4379,checking,36621.65,2024-10-03 04:47:49.738003
2460,1101,checking,33969.16,2026-04-06 06:11:26.053340
2461,1537,checking,13085.15,2026-03-14 14:08:32.170350
2462,2248,checking,12637.01,2025-09-05 10:27:43.469174
2463,4810,checking,188.38,2025-08-10 04:54:57.453971
2464,3946,checking,18585.95,2025-05-18 11:48:51.023002
2465,3727,checking,2701.02,2024-01-04 05:15:34.173049
2466,1944,savings,21999.64,2025-12-31 23:39:08.366400
2467,4011,savings,45429.1,2025-11-29 19:06:52.880374
2468,1249,savings,46138.02,2025-09-04 17:15:12.500147
2469,2891,savings,898.06,2024-01-25 10:26:22.119804
2470,294,savings,21930.24,2024-04-26 19:44:30.628591
2471,4824,checking,16276.4,2025-03-26 13:31:31.524645
2472,159,savings,30579.64,2024-12-15 08:43:47.181649
2473,3590,checking,26079.9,2023-10-20 01:12:58.408167
2474,4503,savings,42461.17,2026-03-04 20:31:58.617491
2475,2422,checking,11424.09,2025-09-11 20:30:47.422209
2476,4536,checking,7514.52,2024-04-04 19:10:09.350921
2477,3835,checking,12393.58,2024-01-25 04:30:44.228673
2478,3181,savings,18091.72,2023-11-05 07:51:03.528746
2479,1837,checking,22895.62,2026-04-15 16:33:30.998677
2480,1027,savings,1810.3,2024-03-03 19:31:58.820277
2481,4347,checking,37971.95,2025-11-21 16:24:49.947386
2482,4807,savings,18679.95,2024-01-22 06:57:59.753639
2483,3022,savings,20216.79,2023-12-19 14:17:40.477342
2484,228,savings,21790.15,2024-02-23 14:04:55.386938
2485,3092,savings,2507.47,2025-11-28 22:58:17.848380
2486,1793,savings,34262.05,2024-08-01 04:35:44.725927
2487,3122,savings,4027.96,2024-06-03 01:58:25.635699
2488,4139,savings,49437.07,2025-08-09 15:25:12.872523
2489,3197,checking,8580.07,2024-12-26 18:15:53.340480
2490,1837,savings,3493.44,2025-07-11 12:04:39.377931
2491,3648,savings,40197.06,2025-10-30 22:22:49.175790
2492,4368,checking,35030.73,2023-12-29 04:39:10.418703
2493,3425,savings,7292.43,2023-10-28 15:56:39.489860
2494,2678,checking,6144.06,2023-09-05 10:36:42.555073
2495,3021,checking,46411.2,2024-07-29 17:31:28.824615
2496,1144,checking,29581.89,2024-07-23 21:16:35.635431
2497,4389,savings,45642.27,2023-11-03 06:09:07.725316
2498,919,savings,38073.08,2024-08-13 07:46:27.896412
2499,420,savings,15634.43,2025-02-22 13:34:15.727980
2500,3769,checking,14960.46,2025-11-01 04:36:31.634849
2501,4955,savings,4665.12,2023-09-01 08:13:11.124189
2502,2401,savings,29829.41,2025-03-01 08:31:54.935545
2503,2404,checking,3752.35,2023-10-26 05:11:44.464630
2504,1763,checking,35480.44,2024-11-10 14:38:43.509556
2505,3847,savings,32688.87,2023-07-16 09:00:26.375778
2506,2742,savings,31013.94,2023-12-30 06:35:43.391407
2507,2977,checking,25329.94,2025-09-06 22:27:56.581152
2508,4226,savings,1193.93,2024-03-31 04:49:59.120115
2509,3540,savings,23513.77,2024-04-21 03:26:13.625443
2510,16,checking,29772.96,2025-05-22 09:27:09.554044
2511,1965,checking,30586.0,2024-04-04 15:18:46.081201
2512,4991,savings,37541.22,2023-12-23 16:15:37.367622
2513,4330,checking,4720.67,2025-07-23 06:07:10.230511
2514,80,checking,3738.11,2025-01-31 01:26:58.197649
2515,3183,savings,44615.88,2023-09-19 19:23:54.058203
2516,3674,savings,46478.08,2025-04-23 06:35:26.357563
2517,4648,savings,25584.42,2024-03-27 16:03:19.843693
2518,1689,checking,491.1,2025-04-13 01:44:33.557051
2519,2684,savings,18555.55,2024-07-29 10:08:39.576515
2520,931,checking,44969.95,2024-08-01 12:59:02.336620
2521,3884,savings,10578.59,2024-10-21 06:43:46.402309
2522,3354,savings,49900.27,2026-01-20 19:15:24.978502
2523,3208,checking,25494.0,2024-09-30 10:38:52.123561
2524,2200,savings,12970.38,2026-06-04 16:39:17.431506
2525,4819,checking,28928.83,2024-05-29 00:25:40.777183
2526,4691,savings,21819.78,2025-09-27 14:22:03.757956
2527,4219,savings,7541.46,2024-03-12 07:39:41.967810
2528,4612,savings,20099.8,2024-05-26 04:05:26.598857
2529,2648,savings,21896.98,2024-04-12 22:03:59.368174
2530,1722,savings,34396.22,2026-04-04 06:49:06.925285
2531,537,checking,4904.98,2024-03-25 00:14:37.791171
2532,3915,checking,45909.09,2025-11-18 16:37:08.681634
2533,1962,checking,28361.01,2025-10-08 03:40:16.045111
2534,1975,savings,30035.35,2024-01-30 12:37:36.884330
2535,679,checking,46350.76,2025-11-14 00:34:19.516085
2536,3164,savings,17435.53,2026-03-12 20:14:05.126543
2537,4439,savings,17667.8,2025-06-15 03:40:31.409996
2538,1688,savings,25167.91,2025-03-22 04:24:48.220186
2539,1822,checking,30432.42,2025-08-13 23:29:17.854720
2540,2259,checking,24498.77,2026-02-11 03:36:13.395623
2541,4883,checking,26871.82,2024-07-11 00:44:54.241532
2542,3718,checking,36201.08,2023-07-12 00:44:14.311456
2543,673,checking,17947.77,2026-03-01 05:24:22.394207
2544,3844,checking,25295.81,2025-03-06 18:27:14.201176
2545,3950,savings,30558.14,2025-10-01 07:12:45.479248
2546,303,savings,42651.05,2024-09-04 12:14:49.554856
2547,1804,savings,33599.26,2026-04-23 19:23:08.476942
2548,3161,checking,390.7,2025-06-12 03:21:50.320237
2549,3468,checking,36276.26,2025-01-15 00:52:30.172074
2550,4482,savings,46503.8,2026-04-12 01:04:43.946759
2551,3990,checking,43754.86,2024-09-17 15:07:53.647281
2552,2418,savings,5351.13,2025-10-20 18:46:43.842880
2553,247,savings,18136.73,2025-06-13 19:01:11.169533
2554,3972,savings,40322.02,2025-12-30 03:08:45.342084
2555,2124,savings,11403.28,2026-03-17 05:47:46.869977
2556,787,savings,33034.47,2025-10-03 10:25:26.056223
2557,4825,savings,23877.17,2025-09-22 17:44:16.022164
2558,4151,savings,41828.42,2023-11-26 16:57:27.049132
2559,580,savings,41558.42,2023-06-23 10:56:17.962183
2560,208,checking,8534.95,2025-05-03 17:20:38.627357
2561,1530,checking,5496.16,2025-04-05 13:04:51.624643
2562,2261,savings,1261.35,2025-09-14 12:23:49.108406
2563,1156,savings,27779.71,2024-08-16 07:55:48.781502
2564,1985,savings,6322.74,2026-04-12 07:02:20.435205
2565,2281,savings,16431.81,2023-10-22 10:31:19.925058
2566,3031,savings,22651.68,2025-10-24 21:26:03.003794
2567,2630,checking,885.73,2024-09-29 15:05:39.826954
2568,904,checking,21789.58,2025-02-21 21:11:22.830277
2569,2761,checking,27905.66,2025-03-05 02:14:54.794030
2570,3984,savings,3506.77,2025-09-01 18:12:04.786148
2571,4426,checking,7332.84,2025-05-15 07:57:40.001276
2572,3778,savings,25058.63,2025-06-28 22:31:20.834846
2573,3415,savings,28586.42,2025-06-20 00:49:36.894105
2574,3253,checking,12202.84,2026-02-21 01:53:20.139405
2575,3254,checking,30924.39,2024-12-24 16:37:03.916221
2576,4813,savings,46423.87,2023-10-21 05:47:00.781791
2577,121,checking,18622.55,2025-06-08 15:21:07.836560
2578,3523,savings,16185.33,2025-07-30 05:28:59.997685
2579,2440,savings,34643.01,2024-12-16 07:51:46.327833
2580,2752,savings,31457.95,2026-05-28 11:53:01.871307
2581,312,checking,42069.09,2025-10-28 11:08:52.388569
2582,3559,savings,48498.47,2024-07-13 05:29:07.761658
2583,1204,savings,29651.7,2024-08-21 08:37:18.075552
2584,56,checking,3414.86,2025-05-21 18:31:48.012647
2585,3804,checking,48678.78,2026-02-28 00:55:44.570237
2586,838,savings,39067.45,2024-09-06 11:05:13.026033
2587,2795,checking,40079.44,2024-01-02 11:54:46.511898
2588,4683,checking,12098.84,2025-10-21 01:32:47.881623
2589,2331,savings,35544.78,2024-04-22 22:24:06.878441
2590,215,savings,35505.85,2023-07-25 20:06:54.292381
2591,4799,savings,9384.91,2025-08-01 17:02:52.115057
2592,3953,savings,38239.76,2025-07-11 09:21:55.427107
2593,819,checking,38440.68,2025-06-02 10:46:25.808222
2594,1664,checking,39822.82,2024-03-25 11:35:44.790577
2595,3487,checking,12003.98,2024-07-04 02:30:31.523221
2596,1679,checking,37369.58,2023-09-18 19:40:20.343842
2597,3815,savings,31892.8,2024-03-17 11:16:47.258349
2598,971,checking,3600.61,2024-06-19 18:32:32.235894
2599,1653,savings,49111.88,2025-06-15 14:43:32.373989
2600,2964,checking,38379.25,2026-04-20 19:58:25.774344
2601,2538,checking,877.99,2024-03-24 08:06:01.366880
2602,3864,checking,34360.9,2023-09-15 10:22:36.728074
2603,575,savings,30484.52,2025-05-23 08:09:57.328674
2604,3298,checking,40218.69,2024-12-13 20:51:49.559151
2605,817,checking,34854.33,2026-06-09 03:45:33.990991
2606,4123,savings,36527.37,2024-01-29 08:11:59.285650
2607,22,savings,47482.31,2025-10-21 14:54:03.030997
2608,104,checking,25187.5,2024-06-13 16:29:13.461093
2609,4416,savings,4672.55,2025-02-07 07:36:42.870226
2610,3325,savings,7889.24,2024-03-14 16:38:50.207485
2611,1107,checking,33453.0,2026-01-26 19:52:08.946386
2612,1281,checking,20623.69,2025-09-09 13:44:45.528198
2613,736,checking,6229.74,2025-02-26 04:44:15.108380
2614,231,checking,43087.03,2026-04-06 01:04:12.687943
2615,3877,checking,49985.62,2025-09-26 00:51:06.772436
2616,3253,savings,6982.91,2024-08-30 00:32:20.661973
2617,3059,savings,12438.69,2024-01-30 11:33:28.822529
2618,1437,checking,27829.26,2026-03-11 04:51:50.094641
2619,3942,savings,18228.33,2026-06-02 07:53:17.432320
2620,3735,checking,40031.95,2024-10-05 21:52:08.010598
2621,1446,checking,28491.86,2024-12-11 07:46:28.240107
2622,1218,savings,42075.04,2024-10-25 12:59:04.580337
2623,3924,checking,38404.61,2026-05-23 08:30:17.951700
2624,580,savings,36664.22,2023-11-20 21:19:10.689400
2625,302,savings,6501.15,2024-01-30 16:15:55.161176
2626,4053,checking,2078.12,2025-11-08 12:25:03.123695
2627,1974,checking,17272.3,2025-05-25 14:54:50.603498
2628,3192,checking,19663.08,2025-04-17 18:00:52.828480
2629,3846,checking,13064.63,2024-04-10 01:19:20.986764
2630,3851,savings,18557.34,2026-03-31 02:16:30.618696
2631,4340,checking,24425.18,2025-12-04 05:04:39.459632
2632,4435,checking,30662.22,2024-04-25 22:32:07.252222
2633,4838,checking,5049.54,2024-02-02 09:06:37.334106
2634,171,savings,36569.56,2026-05-06 20:56:24.359986
2635,1512,checking,34458.31,2025-08-25 04:31:50.519776
2636,4243,checking,29893.41,2025-07-25 07:07:12.997277
2637,4335,checking,18826.04,2024-03-30 08:26:49.209423
2638,4245,checking,27003.35,2024-09-05 12:45:04.235019
2639,1958,savings,42552.0,2025-02-15 07:31:59.565011
2640,4450,checking,31424.14,2026-03-25 05:19:23.402968
2641,786,checking,19603.75,2025-01-11 18:18:52.958355
2642,2741,savings,33611.56,2024-03-22 10:09:29.602588
2643,4062,savings,12673.02,2026-03-27 09:21:41.722876
2644,1494,checking,7951.8,2024-07-07 21:17:41.237852
2645,3517,checking,13087.84,2023-07-13 11:48:10.964910
2646,1175,savings,4714.03,2024-10-09 15:55:23.720215
2647,3653,savings,5122.69,2025-09-20 03:06:44.263467
2648,1310,checking,31837.07,2023-10-25 15:46:17.433476
2649,4657,savings,44504.55,2024-11-22 06:27:36.469581
2650,1795,checking,21357.72,2023-08-21 15:17:08.825317
2651,3903,savings,13456.56,2024-02-17 14:04:11.358744
2652,513,savings,4718.76,2023-11-26 01:44:37.068583
2653,3326,checking,17014.66,2023-07-30 09:35:52.105071
2654,1065,savings,8490.41,2024-02-26 13:17:02.053898
2655,4192,checking,5194.71,2023-10-24 05:50:42.517921
2656,2387,savings,31058.32,2024-10-17 14:44:15.859312
2657,2755,savings,10374.58,2024-02-11 14:35:32.880617
2658,508,checking,34295.28,2025-08-04 17:08:28.890574
2659,3806,savings,10067.11,2025-08-15 06:10:08.815102
2660,2485,savings,24598.03,2024-06-08 06:14:18.984815
2661,2622,checking,43120.08,2025-02-10 15:30:37.957542
2662,4904,checking,22915.99,2023-07-04 13:20:19.002876
2663,187,checking,10496.82,2023-10-02 01:53:32.416001
2664,3417,savings,27909.76,2025-09-21 07:03:48.946114
2665,2054,checking,21641.69,2025-03-10 04:30:21.120113
2666,3635,checking,8409.47,2024-05-02 03:49:00.094675
2667,4856,checking,7464.26,2026-04-09 14:58:00.135866
2668,4501,checking,34640.55,2025-07-14 19:54:06.739585
2669,25,savings,45597.87,2025-11-03 22:28:11.244353
2670,2115,checking,40828.33,2024-07-15 08:33:16.432335
2671,2762,checking,12762.76,2025-03-17 04:02:29.826504
2672,4520,savings,10828.45,2024-09-25 20:41:57.754363
2673,1743,checking,38125.98,2023-08-27 20:22:30.595644
2674,1067,checking,18041.14,2025-03-07 17:42:28.544366
2675,2786,savings,1884.22,2026-05-30 06:07:59.573851
2676,4529,checking,3866.41,2023-12-24 02:37:14.939931
2677,38,savings,35148.48,2025-08-27 13:37:37.688986
2678,2894,savings,38253.44,2025-04-08 19:47:19.097293
2679,3383,savings,29067.72,2023-06-19 22:34:18.089390
2680,1443,checking,46343.3,2023-07-02 13:19:29.786411
2681,2027,checking,39609.92,2024-08-03 13:21:27.249407
2682,1839,checking,37458.31,2026-02-25 22:58:35.786078
2683,1441,savings,42882.1,2025-02-16 23:37:32.565760
2684,1426,checking,36754.29,2023-12-08 03:58:19.260437
2685,963,savings,15909.73,2026-06-03 15:45:43.524472
2686,2615,checking,45432.17,2024-05-15 18:07:17.425505
2687,567,checking,31044.39,2023-06-17 03:40:21.520386
2688,3724,savings,22513.42,2026-05-02 00:57:25.616820
2689,976,checking,18329.71,2026-04-28 05:43:33.081190
2690,475,savings,3072.99,2026-01-23 06:21:17.119941
2691,1668,checking,5384.32,2026-03-12 03:47:20.362640
2692,450,checking,5397.84,2023-11-21 16:29:51.582123
2693,4077,checking,49989.14,2024-02-14 18:28:03.547359
2694,4269,savings,15443.69,2023-07-18 22:32:41.997955
2695,714,savings,38991.9,2025-07-28 05:40:14.427895
2696,2907,checking,611.41,2025-12-03 07:02:53.654630
2697,4982,savings,12598.27,2024-07-12 18:24:10.919630
2698,3063,savings,31858.91,2026-04-18 23:42:03.768935
2699,848,savings,7422.8,2024-05-18 09:06:19.981773
2700,98,checking,36157.12,2024-06-28 11:45:32.866843
2701,3750,checking,29751.33,2024-12-21 16:50:44.195465
2702,1187,checking,35906.72,2025-11-02 11:24:20.637160
2703,3625,savings,23712.16,2026-03-11 04:20:28.913844
2704,486,checking,5784.23,2023-10-28 03:15:05.939403
2705,3736,checking,17112.38,2025-05-13 04:42:33.090039
2706,239,checking,3470.8,2024-04-03 15:18:11.171936
2707,4801,checking,47203.01,2024-10-16 13:53:34.725537
2708,3617,checking,11085.43,2024-06-19 16:01:31.554813
2709,3427,checking,20413.7,2023-09-06 00:23:01.233674
2710,1962,checking,752.73,2025-05-22 17:39:09.180085
2711,200,checking,45625.06,2024-08-29 01:24:13.002233
2712,3463,savings,26755.56,2024-07-19 01:57:10.373891
2713,1710,checking,34250.11,2024-11-17 08:24:20.948332
2714,4312,checking,13942.21,2024-05-24 17:19:16.971062
2715,614,savings,40775.52,2023-09-02 05:38:56.272089
2716,343,savings,45399.39,2026-03-07 17:35:08.389409
2717,4501,savings,13241.13,2025-07-10 05:09:16.579428
2718,4935,savings,4058.87,2025-03-27 20:24:18.242667
2719,2109,checking,11871.57,2025-11-28 11:00:14.459623
2720,3388,savings,30022.58,2025-02-10 21:25:25.683908
2721,518,checking,22568.63,2023-09-09 19:16:19.505109
2722,1742,savings,47269.49,2025-11-07 05:25:38.775848
2723,3255,checking,22832.58,2024-04-05 19:22:45.012197
2724,4332,savings,4143.8,2023-09-27 00:38:18.274404
2725,2946,savings,29647.56,2024-02-11 14:26:38.605074
2726,2423,savings,9974.61,2024-09-30 23:04:54.923657
2727,4055,checking,8704.17,2026-02-27 13:24:29.866713
2728,660,checking,11255.54,2025-12-26 22:08:49.580609
2729,4912,savings,36617.51,2026-03-15 04:57:12.219192
2730,851,checking,42013.74,2023-10-17 22:54:47.521323
2731,1006,checking,48273.4,2025-10-19 11:40:33.881696
2732,3834,checking,34846.49,2025-09-02 18:47:30.663738
2733,2921,checking,29590.05,2025-05-28 09:55:38.447515
2734,130,checking,31109.86,2025-05-01 14:58:38.733297
2735,1422,savings,24224.94,2024-06-18 13:17:52.746387
2736,750,savings,22152.18,2025-09-15 04:23:46.884920
2737,2594,checking,13883.9,2025-08-02 01:00:40.706509
2738,1735,checking,32924.94,2023-12-18 22:23:46.762640
2739,877,savings,28044.61,2025-02-14 05:28:54.392679
2740,3851,checking,47070.03,2024-12-22 22:23:34.852973
2741,4648,checking,1298.38,2023-09-07 21:58:59.033844
2742,2164,savings,22485.23,2024-09-06 15:17:15.381487
2743,3762,checking,30395.62,2025-11-08 01:13:06.200353
2744,4247,savings,21991.53,2024-12-27 20:10:07.230508
2745,2419,checking,21179.23,2023-08-26 11:46:57.050076
2746,2833,savings,30511.23,2023-07-08 20:41:19.236034
2747,2750,savings,40750.75,2025-12-21 12:15:40.601001
2748,3642,savings,28411.16,2026-05-31 17:23:57.097445
2749,4120,checking,2114.91,2024-09-02 11:35:58.973315
2750,3828,checking,47424.62,2023-11-02 14:31:17.183698
2751,2482,savings,23502.3,2024-03-13 19:08:33.868141
2752,2192,savings,22982.21,2024-01-03 07:52:44.660137
2753,3842,savings,35636.85,2025-04-07 17:20:41.096917
2754,3492,savings,39628.45,2024-01-16 15:57:52.397275
2755,3305,checking,21289.36,2025-06-08 02:30:23.582827
2756,4142,checking,29167.8,2024-06-12 16:19:12.969655
2757,3312,checking,3002.99,2023-08-25 02:09:10.293627
2758,3834,checking,34886.64,2024-07-26 06:00:52.396425
2759,4774,checking,46114.1,2024-10-16 21:19:21.015997
2760,1489,checking,10244.94,2023-08-21 02:07:31.184484
2761,2543,checking,17380.02,2026-02-26 22:57:27.309734
2762,423,checking,16333.41,2025-02-12 20:30:35.686229
2763,1073,checking,25444.16,2024-12-07 01:51:33.611535
2764,4719,checking,38372.31,2026-02-13 16:21:20.738605
2765,4066,checking,32461.21,2024-10-03 08:27:55.404704
2766,3783,savings,25797.05,2024-05-08 03:21:49.872412
2767,2110,savings,42091.42,2024-05-09 13:57:39.131623
2768,2783,checking,5785.05,2025-01-14 04:31:43.443011
2769,1527,checking,18736.52,2024-01-22 12:53:35.365372
2770,1510,savings,5224.31,2024-06-17 01:18:46.060392
2771,3202,savings,18406.36,2026-05-16 18:35:21.244937
2772,1576,savings,39783.83,2024-12-13 17:16:58.155354
2773,3855,checking,27736.47,2024-06-11 19:09:26.411007
2774,572,savings,14840.87,2024-11-23 23:11:24.982203
2775,186,savings,7826.54,2025-01-10 07:55:20.944146
2776,2228,checking,13368.75,2025-10-04 22:05:51.318955
2777,157,savings,6134.89,2023-09-17 06:31:20.714092
2778,4669,checking,6344.35,2025-02-03 17:38:21.875673
2779,390,checking,12140.68,2025-04-08 01:18:19.242427
2780,1126,checking,39814.88,2024-05-06 20:03:43.864033
2781,2085,savings,41845.26,2023-11-06 03:12:20.634253
2782,4784,savings,23625.86,2023-11-22 10:32:38.157708
2783,1815,checking,7432.65,2024-10-10 17:33:58.859713
2784,4979,savings,142.64,2026-01-19 00:14:13.612134
2785,174,checking,30391.17,2024-07-25 19:16:20.649581
2786,1473,savings,43883.01,2023-08-02 22:19:05.363471
2787,3615,checking,40715.55,2024-10-05 05:32:20.382297
2788,2481,savings,39436.49,2024-07-04 19:58:38.760193
2789,2612,savings,9485.11,2025-08-26 09:56:53.944154
2790,1522,savings,33535.97,2025-04-29 15:26:20.481515
2791,723,checking,6699.22,2023-09-07 22:58:44.927976
2792,4307,checking,41233.15,2024-10-03 00:02:11.165998
2793,3293,savings,5128.71,2023-11-25 17:10:44.154759
2794,4580,savings,28306.68,2023-10-03 08:52:52.510978
2795,3527,savings,318.95,2024-01-20 11:04:36.350022
2796,1690,checking,28697.19,2025-02-08 02:23:14.216784
2797,1493,checking,17318.66,2025-04-23 03:07:07.989964
2798,1389,savings,7285.72,2025-09-22 21:49:05.767996
2799,4884,savings,26269.78,2025-01-12 02:16:23.335594
2800,3266,checking,12495.39,2025-01-13 11:46:34.768446
2801,3176,checking,19659.55,2024-11-12 11:11:49.623410
2802,246,checking,43134.32,2025-10-25 13:38:11.211443
2803,1848,savings,22611.31,2024-07-30 17:44:18.131786
2804,3446,checking,5966.22,2025-12-17 17:26:48.930855
2805,803,checking,29297.94,2023-06-16 14:16:42.035890
2806,4327,checking,6019.6,2023-10-21 21:37:04.805100
2807,775,checking,48321.69,2023-06-14 23:24:51.602103
2808,2879,savings,42282.48,2024-11-07 15:46:10.987697
2809,1346,savings,39531.24,2024-06-04 00:12:22.306866
2810,2162,checking,23313.98,2024-08-07 16:26:37.353740
2811,4124,checking,1116.82,2024-10-27 05:54:12.808944
2812,1142,checking,3415.94,2026-03-21 05:16:59.893229
2813,1327,savings,1516.53,2025-06-09 23:49:57.427767
2814,4189,savings,15745.56,2026-01-26 03:04:43.803530
2815,4044,savings,37023.41,2024-05-26 14:11:56.140406
2816,1712,checking,20984.63,2023-07-13 13:01:27.355367
2817,1829,checking,8387.58,2023-10-03 02:22:47.726725
2818,965,checking,14061.98,2024-11-15 15:28:37.929137
2819,984,checking,29218.94,2025-04-13 16:08:25.248436
2820,3588,savings,12896.79,2025-10-13 15:51:26.484409
2821,2561,savings,38535.49,2025-07-02 13:54:38.886010
2822,1291,savings,43245.81,2024-06-03 23:23:34.385934
2823,4107,checking,37668.8,2024-06-27 13:38:14.928827
2824,815,savings,15351.29,2024-02-04 07:06:35.330108
2825,4958,savings,34181.57,2025-10-13 08:20:06.567008
2826,1873,savings,41432.68,2025-12-19 12:46:47.184203
2827,3406,savings,34510.49,2026-02-20 09:48:14.531305
2828,2007,savings,45406.62,2026-01-01 08:22:47.167689
2829,129,savings,19139.71,2024-08-12 15:09:27.138810
2830,588,checking,16318.24,2025-07-19 03:51:16.513922
2831,1342,checking,18862.8,2023-10-23 05:30:11.263871
2832,197,savings,39095.33,2023-08-19 10:35:09.081767
2833,961,savings,12315.63,2023-07-17 05:44:17.220727
2834,2965,checking,10887.59,2024-04-21 18:46:15.309042
2835,1079,savings,46877.55,2024-10-20 23:53:37.712136
2836,893,checking,43945.3,2025-01-14 03:17:53.934010
2837,367,savings,39402.27,2023-12-10 12:44:33.660922
2838,2565,savings,27073.23,2024-05-14 22:52:02.663870
2839,2192,checking,37890.36,2023-08-27 13:20:38.908505
2840,1624,savings,13489.4,2026-04-20 02:56:31.181758
2841,4291,savings,29189.66,2024-04-06 00:50:03.844851
2842,418,savings,28363.2,2025-05-15 23:20:15.486599
2843,2182,savings,35335.76,2023-12-11 15:34:24.986640
2844,1106,savings,11754.15,2023-07-12 14:21:42.739700
2845,1893,checking,8905.4,2024-04-04 21:20:52.308837
2846,2701,savings,21798.75,2024-06-13 22:58:12.132270
2847,501,savings,45552.95,2024-11-23 04:39:22.998869
2848,972,checking,46466.27,2023-08-29 22:18:24.494554
2849,2319,savings,27817.77,2025-11-16 10:11:01.670436
2850,2611,checking,46388.58,2026-04-04 05:21:06.933420
2851,1122,checking,4264.03,2026-03-25 14:43:25.559822
2852,3227,checking,10586.34,2025-03-11 07:12:57.978538
2853,3127,savings,20878.19,2024-09-27 16:23:28.716093
2854,1148,savings,6759.01,2025-05-19 20:25:40.182360
2855,1279,savings,44760.23,2023-12-28 09:00:57.903311
2856,3414,savings,10678.69,2025-04-12 02:21:52.828614
2857,2708,checking,28202.16,2025-07-10 01:45:26.590385
2858,3882,checking,22053.11,2025-12-15 20:05:00.456135
2859,4819,checking,3802.46,2025-04-28 21:58:11.852084
2860,1252,savings,42269.44,2023-10-01 13:41:38.385686
2861,2633,checking,49614.75,2026-02-16 12:08:51.529944
2862,4449,checking,29130.59,2023-08-14 07:56:35.587824
2863,84,checking,24860.43,2024-07-04 18:02:11.193802
2864,4682,savings,32902.94,2026-02-25 06:11:33.375350
2865,3896,checking,18452.85,2024-04-17 15:23:09.596968
2866,557,savings,42514.37,2025-05-05 11:04:04.428286
2867,2186,savings,41049.01,2026-04-05 17:56:39.595536
2868,1412,checking,2824.59,2025-10-30 09:15:34.752578
2869,4074,savings,38510.57,2025-03-23 12:12:44.761960
2870,4114,checking,5046.16,2024-07-26 05:32:26.507221
2871,3940,checking,39677.22,2025-12-09 00:33:25.299322
2872,4741,savings,14136.97,2024-07-12 06:23:31.403265
2873,4625,savings,27855.6,2025-03-23 23:17:13.313295
2874,2896,savings,49386.99,2023-06-19 19:45:00.798841
2875,3247,checking,31594.18,2024-05-08 01:29:31.235772
2876,1106,savings,445.55,2024-01-11 12:53:04.640475
2877,1624,checking,14454.51,2024-05-28 18:58:11.346756
2878,3075,savings,46859.77,2025-11-17 09:21:00.984475
2879,356,savings,7245.67,2025-09-25 05:22:58.576001
2880,1892,savings,9593.59,2025-05-19 14:11:30.926976
2881,788,checking,32242.93,2026-05-19 08:49:46.141734
2882,827,checking,43480.33,2025-07-10 15:35:14.101683
2883,638,savings,21959.05,2024-09-23 20:16:55.881049
2884,4625,checking,20763.35,2024-12-03 18:30:51.845081
2885,1707,checking,35759.48,2026-01-04 16:14:25.755316
2886,1410,savings,27074.82,2024-01-04 00:01:30.896169
2887,80,checking,6321.01,2026-04-29 18:08:01.969364
2888,757,checking,2310.93,2026-04-29 17:50:03.430128
2889,181,checking,20889.24,2024-01-24 09:26:53.033357
2890,1807,savings,36319.92,2023-09-02 19:42:51.421787
2891,2538,checking,10665.61,2025-08-20 20:59:06.843951
2892,395,savings,39333.5,2024-12-27 11:20:04.974761
2893,4467,savings,21070.41,2023-09-05 07:12:38.838353
2894,1791,savings,14881.78,2026-02-14 05:07:00.661826
2895,1671,checking,36283.61,2024-07-07 04:50:55.610482
2896,1007,checking,44807.86,2023-11-23 20:16:11.547420
2897,4635,savings,2287.93,2025-10-29 15:53:26.109644
2898,4344,checking,2993.88,2024-10-28 04:07:52.051280
2899,1437,checking,48268.93,2025-10-11 20:56:07.603968
2900,2964,savings,24592.85,2024-08-10 21:03:23.905856
2901,2903,checking,51.72,2024-08-01 07:23:37.120024
2902,358,checking,20445.42,2025-05-05 21:22:14.314818
2903,1243,checking,45855.74,2025-08-02 06:20:16.812703
2904,319,checking,10807.67,2025-07-10 11:51:51.723561
2905,2311,checking,33434.93,2025-04-22 10:58:26.630818
2906,106,checking,16611.66,2024-03-20 04:11:10.881010
2907,651,savings,3410.2,2025-05-04 13:25:35.909263
2908,2275,savings,12514.19,2026-01-15 06:27:45.736601
2909,2970,checking,5752.32,2024-06-06 22:27:04.409639
2910,811,checking,26970.25,2026-04-08 00:58:50.980938
2911,344,checking,11193.38,2024-03-12 18:52:10.453536
2912,3486,savings,6316.36,2024-01-13 04:46:20.923649
2913,1318,checking,22701.88,2024-07-05 15:23:44.064121
2914,2984,savings,2662.96,2025-08-04 11:49:11.816281
2915,4394,savings,33155.25,2026-02-14 23:41:17.434664
2916,1404,checking,29611.42,2026-03-14 06:39:43.995628
2917,21,savings,16767.55,2023-12-31 18:37:38.899915
2918,759,savings,49077.9,2023-10-08 15:34:26.509929
2919,4295,checking,36818.64,2023-09-22 02:17:30.104472
2920,276,checking,13845.41,2025-05-20 13:31:11.319178
2921,1321,savings,16852.23,2024-06-04 03:09:17.962879
2922,1766,checking,32250.32,2025-05-31 11:06:59.856169
2923,4554,checking,39789.18,2024-10-07 22:52:37.948416
2924,3955,checking,42856.11,2026-05-28 12:26:46.365779
2925,2526,savings,23782.55,2024-11-11 17:12:46.796826
2926,2474,checking,16104.94,2023-08-04 23:12:12.794493
2927,1307,checking,21658.72,2023-07-17 12:00:35.789083
2928,4479,checking,47275.44,2023-08-26 17:04:17.803889
2929,3638,checking,26624.97,2023-11-05 21:51:27.654033
2930,1934,checking,42067.97,2024-07-22 06:33:29.052557
2931,1239,savings,35117.13,2025-08-10 04:12:06.667062
2932,4138,savings,27922.46,2025-10-17 19:34:00.785067
2933,3467,savings,34758.53,2023-11-12 08:05:31.836149
2934,943,savings,21296.68,2024-05-01 00:11:33.726376
2935,4707,savings,8524.58,2024-12-16 08:21:11.931698
2936,815,checking,34271.19,2023-10-01 06:48:01.227896
2937,2703,checking,20307.44,2026-01-13 02:33:05.000155
2938,4361,savings,42363.33,2025-12-22 23:13:52.256350
2939,4533,checking,10424.01,2025-03-30 09:01:05.331866
2940,1040,checking,12294.52,2023-09-08 17:49:42.695439
2941,1019,savings,42545.81,2025-08-02 22:53:45.434846
2942,996,checking,11237.27,2025-08-19 06:41:37.327083
2943,3841,savings,15049.75,2025-04-15 01:05:14.890216
2944,3651,savings,9011.22,2025-02-20 21:34:55.190085
2945,2951,savings,10909.4,2023-07-13 04:19:01.398619
2946,2051,checking,10761.69,2025-08-10 04:04:31.776361
2947,557,checking,26195.66,2024-05-02 06:40:18.058317
2948,1331,savings,11558.32,2024-07-29 14:51:59.194080
2949,592,checking,42013.03,2025-07-05 02:08:42.793506
2950,3286,savings,11697.0,2025-03-29 18:55:13.189511
2951,3099,savings,11032.39,2024-09-10 00:48:50.351083
2952,1212,savings,30612.47,2024-10-08 09:23:46.958746
2953,169,savings,32885.87,2023-07-20 12:50:56.818480
2954,1144,savings,16418.18,2023-11-21 15:26:07.343312
2955,712,checking,31923.65,2023-10-08 04:53:48.025970
2956,4535,checking,42578.32,2024-05-11 20:26:13.283497
2957,4569,checking,21244.99,2023-07-09 11:06:48.156413
2958,295,savings,35760.85,2025-11-28 05:34:13.992571
2959,2811,checking,16786.78,2025-12-19 19:00:44.701553
2960,1604,checking,4816.21,2023-11-23 10:57:53.610653
2961,3639,checking,27757.18,2024-11-18 10:29:05.645285
2962,2292,savings,19365.07,2024-11-27 03:36:32.462138
2963,380,checking,29905.79,2025-03-23 06:57:07.232548
2964,2711,checking,45619.56,2025-09-22 22:00:11.013001
2965,4006,savings,24447.48,2025-12-20 21:59:23.272399
2966,302,checking,35105.1,2023-12-14 04:39:33.830424
2967,1839,savings,37291.03,2025-03-12 10:40:53.735383
2968,1099,checking,21624.31,2026-04-16 22:13:15.221825
2969,1399,checking,555.98,2023-08-08 15:26:25.802174
2970,4800,checking,6830.15,2023-11-02 13:53:49.148989
2971,4784,savings,1658.0,2026-02-05 16:20:21.523726
2972,3253,checking,44722.19,2024-10-12 06:35:29.659812
2973,1249,savings,9634.29,2023-09-22 16:15:28.619278
2974,4092,savings,13609.75,2024-10-03 13:53:22.109357
2975,1755,savings,3904.2,2025-12-18 14:30:22.376397
2976,4596,checking,48840.39,2025-09-22 03:38:44.882944
2977,842,checking,8666.22,2024-10-14 23:40:00.476365
2978,3539,checking,21665.91,2023-11-02 16:43:04.982051
2979,4197,savings,8621.94,2025-10-24 05:43:26.231836
2980,1154,checking,10751.1,2024-04-05 04:44:35.826459
2981,2721,checking,13849.03,2025-12-08 06:43:56.084437
2982,1846,checking,23836.81,2023-10-06 15:33:30.183090
2983,4776,savings,10405.78,2023-09-13 22:11:53.290168
2984,4001,savings,1691.87,2025-02-26 06:53:21.706763
2985,490,savings,4524.88,2024-01-21 18:37:56.794444
2986,1511,checking,9763.26,2025-07-15 14:39:07.031809
2987,1740,checking,47278.84,2025-09-03 02:26:04.241835
2988,678,checking,13087.94,2024-08-01 18:47:40.986732
2989,4751,savings,30110.16,2025-07-11 01:15:14.384387
2990,2490,savings,21055.36,2024-01-30 08:59:40.429082
2991,4392,checking,7652.63,2023-10-03 11:56:41.597204
2992,1252,savings,13111.42,2025-10-20 12:10:07.495175
2993,3765,savings,27170.78,2025-05-10 05:28:41.379101
2994,1392,savings,40201.9,2024-12-16 10:47:14.531329
2995,1900,checking,20996.84,2026-02-05 01:47:28.746792
2996,124,savings,26011.16,2024-04-19 22:53:26.667736
2997,3307,savings,3570.63,2025-12-31 19:59:55.563847
2998,1040,savings,32288.93,2023-07-23 08:02:32.267674
2999,3519,savings,8111.81,2026-05-13 18:43:01.490285
3000,3561,checking,39059.59,2026-03-09 05:10:05.746716
3001,1892,savings,7578.26,2024-03-22 20:26:35.074859
3002,2371,savings,46370.6,2026-02-11 08:29:57.792096
3003,2652,savings,669.75,2025-05-09 01:38:16.788998
3004,24,savings,4548.43,2024-10-04 22:05:51.202278
3005,1760,savings,15088.19,2025-12-27 12:22:43.026251
3006,4283,savings,1827.18,2026-05-27 00:29:54.560509
3007,2560,checking,40816.38,2023-07-30 14:08:49.560830
3008,3019,checking,3001.5,2025-05-25 19:17:52.238826
3009,4016,savings,29140.81,2023-12-14 03:09:56.796305
3010,2755,savings,16673.39,2024-06-11 21:32:04.212941
3011,2747,savings,49334.7,2024-01-09 21:47:08.131481
3012,4873,checking,29350.02,2024-10-12 22:39:33.456771
3013,3012,savings,606.16,2024-08-15 08:44:04.699840
3014,2299,checking,4440.5,2026-03-27 02:29:01.940324
3015,3726,savings,1324.9,2023-06-26 16:33:53.973761
3016,941,checking,20171.4,2025-11-29 01:08:08.126913
3017,2196,savings,31623.1,2025-11-12 01:41:56.683026
3018,578,checking,15314.26,2024-05-12 06:36:38.594515
3019,4318,savings,48028.28,2026-02-14 07:20:18.016918
3020,725,savings,38032.68,2024-11-10 05:21:06.581699
3021,2814,checking,14796.7,2026-06-08 03:52:31.309996
3022,1817,checking,12066.34,2023-07-06 03:29:20.577955
3023,4521,checking,30274.47,2025-10-22 23:49:31.882877
3024,1954,checking,47506.38,2024-10-05 06:57:33.398646
3025,3061,savings,1185.28,2024-02-25 11:55:42.657418
3026,4034,checking,47408.82,2024-01-14 13:08:13.483086
3027,2677,savings,9033.19,2025-08-19 21:56:07.747790
3028,3285,savings,39816.95,2024-05-24 07:13:25.400603
3029,1403,checking,35136.04,2024-05-15 14:28:34.055515
3030,866,checking,39363.29,2025-12-23 13:33:17.668417
3031,2803,checking,10826.62,2023-11-19 17:18:28.579869
3032,819,checking,7295.2,2026-02-05 21:49:22.661439
3033,1222,savings,31125.45,2024-11-17 22:05:40.984581
3034,574,checking,12287.8,2023-11-20 16:30:54.352513
3035,2744,checking,11403.32,2024-01-25 10:31:40.706769
3036,2760,savings,42697.15,2025-09-06 19:47:42.300625
3037,1216,savings,30827.59,2025-02-20 10:06:23.691801
3038,3102,checking,22523.16,2024-01-26 13:24:50.388803
3039,2461,savings,46396.05,2023-08-17 05:41:55.280729
3040,4137,checking,40176.22,2023-09-23 01:48:11.631477
3041,1698,savings,26642.77,2026-03-03 08:25:37.901779
3042,4622,savings,19072.32,2025-02-18 12:09:52.378652
3043,3997,savings,32175.4,2026-02-25 03:05:49.807670
3044,2592,checking,42681.62,2026-03-20 03:36:33.657219
3045,1466,checking,1870.83,2024-06-06 07:27:08.485239
3046,674,savings,1340.42,2025-06-09 01:54:22.915597
3047,4261,savings,3250.54,2025-11-06 08:47:32.563402
3048,1050,savings,35308.88,2026-05-23 03:45:08.294619
3049,4,savings,31232.47,2024-05-02 08:29:26.813568
3050,4014,checking,20033.35,2026-03-10 12:29:41.020540
3051,472,savings,39001.39,2025-12-08 23:46:46.459387
3052,4847,savings,15284.03,2024-12-26 17:51:41.513895
3053,1003,savings,40146.17,2025-09-17 20:58:12.372062
3054,2517,savings,37737.96,2025-06-23 02:09:18.152647
3055,1005,savings,21610.44,2025-11-07 15:58:15.780399
3056,920,savings,37547.45,2024-02-12 17:27:08.699861
3057,4392,checking,34661.26,2026-01-07 01:19:13.754669
3058,2102,savings,2109.76,2025-01-10 07:09:23.466653
3059,4508,checking,6272.97,2026-05-16 20:19:30.140588
3060,3119,savings,31718.3,2024-07-05 13:11:21.589514
3061,1062,checking,4773.76,2025-05-10 07:33:23.711041
3062,523,checking,34580.63,2023-09-10 09:10:08.471257
3063,1669,checking,2170.65,2025-05-31 03:39:53.634279
3064,1769,savings,1901.3,2025-08-31 17:59:08.541278
3065,2773,savings,48082.48,2024-07-12 10:25:02.632691
3066,3478,checking,43777.65,2026-02-10 07:10:02.198294
3067,641,savings,3570.65,2024-11-21 17:29:18.584728
3068,3399,savings,36078.51,2025-04-21 03:03:55.883544
3069,3193,savings,9188.48,2024-10-10 02:01:34.437091
3070,4523,savings,8696.39,2024-01-10 01:42:09.105123
3071,225,checking,13486.49,2026-04-05 05:29:48.055641
3072,1858,savings,32538.91,2023-12-18 15:13:28.210368
3073,1404,savings,15557.16,2023-07-23 06:46:06.966224
3074,1742,savings,433.51,2025-06-25 12:37:30.638470
3075,935,checking,25133.68,2024-04-06 21:35:55.139626
3076,4268,savings,29173.98,2025-12-20 00:04:00.108641
3077,2331,savings,47580.84,2024-07-15 15:02:19.772624
3078,4122,savings,15935.48,2025-10-05 16:16:12.035081
3079,247,checking,11043.7,2025-06-04 21:03:42.917770
3080,2407,savings,18390.21,2023-11-30 17:22:59.059459
3081,294,savings,46965.12,2025-02-14 11:41:00.585626
3082,1023,savings,16563.61,2025-08-26 19:49:31.739834
3083,1849,savings,280.28,2025-11-09 04:08:24.140491
3084,4978,checking,20625.38,2025-09-05 06:30:06.746465
3085,4823,checking,43106.17,2025-09-20 21:58:39.418281
3086,688,savings,33785.26,2024-11-12 15:57:18.481793
3087,1573,savings,1368.45,2024-07-16 04:25:04.771117
3088,3945,savings,12155.08,2024-02-10 18:17:37.894266
3089,1437,checking,43519.6,2026-01-26 20:55:46.395103
3090,948,savings,47531.21,2023-08-08 00:52:40.766715
3091,3042,checking,39192.15,2025-11-20 06:21:48.636990
3092,3193,savings,22671.03,2024-05-15 07:55:51.034848
3093,2336,savings,46216.37,2024-07-09 13:14:18.414230
3094,4800,savings,32455.32,2024-06-07 16:24:04.491212
3095,4042,savings,12472.72,2023-08-27 01:49:52.651169
3096,3858,savings,21138.01,2023-10-07 21:03:16.859830
3097,1358,checking,16869.5,2023-09-27 02:37:09.198919
3098,4905,savings,12369.33,2024-05-05 05:57:56.332859
3099,3254,checking,36879.21,2025-03-12 22:21:39.623340
3100,2644,checking,23067.64,2025-10-27 02:17:50.497410
3101,1983,checking,5147.52,2025-12-03 18:31:52.752955
3102,1373,checking,21761.19,2023-12-03 00:38:23.041280
3103,4254,savings,29137.54,2024-08-31 14:13:32.745513
3104,3427,savings,17793.39,2024-02-01 17:41:52.111926
3105,3839,savings,16481.7,2025-01-09 21:14:18.029618
3106,1662,savings,9297.75,2025-03-01 12:45:36.399632
3107,4031,checking,39500.3,2025-07-12 07:51:47.470966
3108,3968,checking,10248.61,2025-01-22 07:50:20.611758
3109,4289,checking,19163.4,2025-03-04 10:34:59.395531
3110,2824,checking,18815.01,2023-11-27 06:34:55.411601
3111,4490,savings,6355.35,2024-01-30 00:08:39.249638
3112,4521,checking,48616.54,2024-11-29 10:55:05.539272
3113,2602,savings,44277.95,2024-11-08 09:26:08.723752
3114,4190,checking,15352.01,2024-11-04 17:50:16.873471
3115,1683,savings,9765.13,2025-04-01 10:53:51.583515
3116,3403,checking,15091.93,2025-11-19 19:01:03.958385
3117,3056,checking,4302.24,2024-03-19 02:45:36.645604
3118,1510,checking,4869.97,2024-03-26 10:23:07.308678
3119,2231,checking,11284.62,2026-02-13 15:56:09.995935
3120,3066,savings,34852.94,2025-06-17 22:25:45.774754
3121,4750,checking,46891.13,2026-02-20 07:25:47.486363
3122,4049,checking,7533.1,2025-03-07 05:40:02.962501
3123,3645,checking,1932.44,2023-06-27 01:35:42.741442
3124,4725,savings,34965.48,2024-12-02 08:36:03.287174
3125,3856,savings,9130.48,2024-08-06 14:56:43.998271
3126,4678,savings,42085.66,2025-12-30 07:34:14.218897
3127,3243,checking,34825.93,2024-06-17 15:25:40.111813
3128,4733,savings,18779.01,2026-03-11 23:53:03.436029
3129,908,savings,2240.38,2024-01-28 21:30:49.845248
3130,1711,checking,2714.38,2025-09-01 07:20:17.869843
3131,2714,checking,38888.06,2024-11-01 01:11:19.029107
3132,804,checking,32248.33,2024-01-30 03:22:03.183769
3133,2636,checking,49820.41,2025-02-11 07:23:52.760818
3134,3976,checking,7126.76,2024-09-08 21:06:39.521202
3135,3687,checking,41871.85,2025-08-05 17:50:54.948049
3136,2126,savings,4375.95,2023-08-07 23:06:30.052896
3137,4607,checking,33283.06,2025-04-27 15:39:31.886632
3138,437,savings,42300.73,2025-04-01 01:34:15.286747
3139,1495,savings,23531.44,2024-01-09 22:47:21.206041
3140,3936,checking,5784.85,2024-09-17 22:33:35.980453
3141,3087,checking,32066.53,2026-05-29 04:29:59.750462
3142,3729,checking,49737.36,2025-09-22 17:50:32.456797
3143,4258,savings,37979.82,2024-11-06 08:32:55.919791
3144,714,savings,14033.15,2025-08-14 07:59:16.678098
3145,2741,checking,38932.26,2025-04-14 08:30:38.626319
3146,674,checking,1350.7,2024-11-22 09:32:19.450669
3147,4942,savings,305.46,2026-06-05 21:40:39.127810
3148,3304,checking,40204.97,2025-08-25 13:10:36.509767
3149,4609,checking,42229.07,2024-08-09 04:05:35.133158
3150,189,savings,17781.67,2024-08-24 22:43:18.703488
3151,4867,savings,44394.25,2024-07-08 13:30:24.699228
3152,1309,checking,43790.3,2023-11-25 21:55:41.151859
3153,2690,savings,22181.94,2025-09-25 12:45:01.760922
3154,4520,savings,46197.54,2024-06-16 06:23:14.728373
3155,4987,checking,36569.58,2026-05-02 09:34:03.079210
3156,2837,savings,33449.8,2024-10-29 21:23:55.582060
3157,4082,checking,27716.9,2023-08-03 17:35:35.814014
3158,4699,checking,2157.37,2024-06-04 20:31:17.193668
3159,27,checking,48991.53,2023-06-22 18:59:31.779317
3160,1611,checking,34140.6,2025-08-25 13:11:09.807917
3161,2948,savings,9380.57,2025-12-19 10:10:05.421417
3162,2627,checking,13331.89,2023-09-24 22:48:39.337811
3163,4916,checking,264.62,2023-09-19 12:53:28.569584
3164,669,savings,49932.19,2024-05-06 05:22:30.144416
3165,698,checking,456.85,2024-11-17 07:14:35.514521
3166,2605,savings,24156.62,2025-05-13 07:18:05.890246
3167,1553,checking,11198.31,2025-02-20 10:35:08.905733
3168,4931,savings,48472.8,2024-01-20 23:51:57.510822
3169,4877,savings,19311.1,2023-09-03 14:02:17.331761
3170,3415,checking,19333.69,2023-08-28 14:06:14.628402
3171,4385,savings,36958.19,2025-12-17 07:28:08.766378
3172,2073,savings,43483.53,2026-02-28 14:47:03.616434
3173,3338,savings,18486.42,2023-10-15 15:21:38.092299
3174,1869,savings,30842.7,2023-10-02 16:08:27.655718
3175,850,checking,1907.79,2024-08-09 10:03:21.865104
3176,3,savings,6446.34,2023-10-31 03:39:12.209867
3177,3789,checking,33461.25,2024-11-22 01:48:24.107526
3178,3940,savings,35041.79,2024-04-10 22:11:22.892884
3179,4865,checking,9479.91,2025-06-30 06:37:49.645113
3180,2588,checking,38778.07,2025-05-12 01:37:26.220318
3181,2357,checking,7336.63,2024-08-14 23:08:01.494901
3182,1442,checking,32192.52,2024-07-17 09:47:41.630221
3183,4358,checking,19292.52,2025-07-02 21:31:43.328329
3184,361,checking,37633.23,2023-11-20 02:39:19.685334
3185,1451,savings,14532.93,2026-03-06 21:18:08.952967
3186,568,checking,49757.86,2025-05-24 23:58:29.062904
3187,4000,savings,31976.13,2024-05-16 19:13:26.549869
3188,882,checking,33743.53,2026-02-26 03:50:12.364850
3189,500,savings,49215.66,2023-11-25 19:50:35.276566
3190,882,checking,9241.54,2024-04-16 07:43:06.280421
3191,272,checking,13902.14,2025-05-28 06:19:20.442864
3192,2726,checking,45740.49,2025-08-16 22:06:34.031894
3193,2228,savings,12679.98,2026-06-07 20:30:42.050243
3194,2815,savings,18359.1,2026-04-24 21:21:50.901712
3195,4400,savings,45966.48,2024-09-03 02:22:55.510103
3196,4819,checking,38410.85,2023-07-17 12:37:46.373468
3197,3570,savings,39180.3,2025-06-13 22:27:55.447883
3198,769,savings,35620.01,2025-02-21 09:08:20.466359
3199,1465,savings,6032.62,2026-02-14 19:58:46.412920
3200,3272,checking,9850.8,2024-03-10 11:17:32.081925
3201,4592,savings,24512.56,2024-05-20 06:57:31.560177
3202,3180,savings,5011.84,2025-02-27 10:06:15.030761
3203,3412,checking,39209.04,2023-09-05 11:22:35.885201
3204,3758,savings,23716.31,2023-11-22 23:05:42.251845
3205,4682,savings,8517.21,2025-02-02 22:22:21.371215
3206,3208,savings,31132.93,2025-12-23 05:52:56.964104
3207,4543,savings,26959.15,2026-01-09 19:36:26.117125
3208,2115,checking,9952.34,2024-09-17 16:22:18.582987
3209,2285,checking,41532.91,2025-11-20 13:51:33.743235
3210,2796,checking,17640.9,2024-02-03 15:54:23.820763
3211,2592,checking,48660.11,2025-03-29 15:45:32.652778
3212,1285,savings,18116.19,2024-12-31 19:13:35.521840
3213,4721,savings,12891.71,2025-01-03 09:41:29.644516
3214,2326,checking,15379.05,2025-09-18 15:49:26.697061
3215,2031,checking,46874.17,2024-10-04 01:35:24.864718
3216,413,savings,15258.27,2025-06-05 07:14:44.281032
3217,4672,savings,243.93,2023-08-27 02:42:09.274147
3218,2094,savings,28928.53,2025-02-05 16:03:28.945995
3219,3939,checking,49717.26,2025-06-12 08:07:49.622512
3220,3011,savings,20701.87,2023-12-11 07:58:20.686641
3221,748,savings,44793.73,2025-01-17 12:23:31.146966
3222,649,savings,422.13,2025-10-19 08:43:55.293639
3223,3377,savings,12675.32,2023-07-02 22:35:16.090183
3224,550,savings,13250.28,2025-12-11 22:46:34.643644
3225,2685,checking,48267.45,2023-10-16 11:16:09.193045
3226,2664,savings,37284.53,2024-06-19 23:32:43.387209
3227,3384,savings,3004.72,2024-06-15 12:39:20.962772
3228,2956,checking,1236.85,2024-07-15 21:40:19.479543
3229,4582,savings,23596.05,2025-05-23 18:58:53.364383
3230,121,checking,4876.49,2025-01-08 10:15:26.468294
3231,3025,checking,21669.91,2025-02-28 13:26:00.359159
3232,1348,savings,15066.33,2023-12-29 14:21:07.720901
3233,1226,checking,6712.3,2023-09-24 13:50:13.683808
3234,2106,savings,2211.78,2025-06-29 20:44:05.218292
3235,2503,savings,36330.21,2024-03-21 22:06:39.773144
3236,463,savings,10601.09,2024-10-03 00:49:12.107189
3237,1645,savings,13433.7,2025-05-29 21:17:32.366190
3238,3163,checking,40150.64,2025-05-27 20:03:49.748741
3239,520,savings,2572.64,2023-12-15 13:54:38.457290
3240,398,savings,525.63,2025-12-12 14:01:16.575398
3241,4846,checking,2728.63,2024-09-23 19:03:23.865725
3242,4012,savings,21738.62,2025-12-31 00:14:18.969216
3243,610,checking,48660.73,2024-09-18 09:20:14.188220
3244,118,checking,32383.4,2024-12-26 03:32:09.854258
3245,2904,checking,1632.54,2024-11-07 22:49:44.651904
3246,2730,savings,20400.24,2024-04-23 01:05:57.646105
3247,4763,checking,44167.09,2026-05-02 11:55:13.013884
3248,3247,savings,1882.87,2025-10-30 07:35:43.351517
3249,2924,savings,37965.64,2024-08-10 21:42:32.106249
3250,384,savings,13247.72,2026-02-23 10:30:55.696019
3251,3734,savings,19010.04,2026-03-26 16:56:32.428396
3252,3624,checking,16122.9,2026-04-30 17:27:59.213776
3253,4228,savings,2927.12,2025-01-15 05:53:35.949839
3254,438,savings,22125.18,2025-01-25 07:57:56.616133
3255,2690,savings,30693.59,2024-11-21 10:10:34.314423
3256,2283,savings,14591.93,2026-04-03 07:41:03.787332
3257,1507,savings,27827.88,2024-09-11 23:07:18.220243
3258,444,checking,472.97,2026-05-15 15:35:03.859817
3259,604,checking,49624.55,2024-07-27 08:17:57.556392
3260,4297,savings,20914.01,2026-02-01 23:28:20.350743
3261,709,checking,10673.08,2024-09-26 13:54:42.020909
3262,2570,savings,28195.05,2024-03-24 04:41:04.222069
3263,3023,checking,29087.24,2025-07-14 17:46:52.215381
3264,4261,savings,47200.37,2026-01-12 22:52:59.778730
3265,2818,checking,6743.11,2023-07-15 18:27:58.980747
3266,4928,savings,11244.45,2025-11-23 09:44:09.566098
3267,3883,checking,15049.57,2024-11-27 23:31:40.307480
3268,739,savings,43265.56,2025-03-17 21:17:52.930819
3269,393,savings,1454.75,2025-09-09 00:48:06.263014
3270,1669,checking,1361.38,2023-12-21 06:16:42.232706
3271,1710,checking,17382.39,2025-11-27 23:21:00.773661
3272,2781,savings,44937.68,2025-02-20 04:28:38.728790
3273,4765,checking,17820.19,2023-08-17 18:48:28.452537
3274,4792,savings,40524.26,2025-04-07 12:18:27.728686
3275,1293,savings,31552.0,2025-02-25 01:16:28.290965
3276,4803,checking,26088.65,2025-01-11 19:36:00.519276
3277,2069,checking,9394.93,2023-10-18 01:10:46.487058
3278,3776,checking,29458.66,2026-03-09 17:16:49.378715
3279,4342,checking,39821.19,2025-05-19 10:13:42.684482
3280,626,checking,3984.91,2024-10-20 09:14:24.397500
3281,4922,savings,14367.77,2025-03-05 08:11:12.452744
3282,954,savings,38682.03,2025-12-05 12:19:27.695545
3283,3694,checking,41715.35,2026-05-27 21:49:11.476877
3284,3898,savings,36593.1,2023-07-20 14:46:55.198143
3285,113,checking,24601.68,2025-06-03 16:27:31.473297
3286,2301,savings,42367.54,2025-05-24 19:08:43.536636
3287,2454,checking,37267.24,2023-08-08 10:06:45.522988
3288,3580,savings,43091.2,2025-10-27 06:00:17.005998
3289,104,savings,10606.63,2025-09-03 15:44:00.070516
3290,2630,savings,24567.52,2026-02-06 06:42:30.927228
3291,4063,savings,35242.58,2024-04-09 20:58:44.585425
3292,2316,checking,36772.31,2024-07-26 00:38:39.074068
3293,1854,savings,5246.72,2025-07-12 10:26:41.834130
3294,1891,savings,6398.0,2026-05-23 11:53:22.233854
3295,2359,savings,18317.99,2025-10-22 21:59:27.954202
3296,2851,savings,47694.7,2026-05-18 17:14:12.067488
3297,2099,savings,33564.18,2025-01-21 22:05:41.512019
3298,2421,savings,14277.58,2025-02-26 20:14:20.976576
3299,4567,savings,8637.55,2025-12-24 16:55:57.690827
3300,740,checking,27073.83,2023-07-31 13:51:25.777746
3301,3780,checking,22978.42,2023-08-25 08:20:17.623844
3302,1936,checking,46006.43,2023-12-23 04:18:28.809569
3303,4100,savings,5764.51,2026-05-15 21:43:17.099898
3304,1585,checking,31670.33,2025-06-11 03:43:46.704572
3305,4434,checking,25747.92,2025-06-12 15:48:56.731004
3306,537,savings,30223.06,2025-08-24 19:10:29.294553
3307,1156,checking,31863.96,2025-08-25 08:53:00.598541
3308,3234,checking,1160.58,2025-06-12 22:19:15.674758
3309,1830,savings,45820.03,2026-06-11 04:36:49.936836
3310,906,savings,21583.82,2023-09-27 00:08:27.059709
3311,1477,checking,22753.95,2023-12-04 02:44:39.771452
3312,3859,savings,20276.4,2025-09-23 21:12:08.738840
3313,3200,savings,44387.55,2023-08-12 15:46:49.953013
3314,4298,checking,10718.47,2024-08-24 19:09:31.616865
3315,361,savings,40353.54,2024-04-02 04:15:04.095096
3316,1108,checking,21412.52,2024-11-01 21:00:24.396426
3317,4553,checking,7288.45,2026-03-21 01:59:27.118175
3318,4671,savings,8509.05,2023-10-16 01:25:36.286479
3319,2173,checking,14679.56,2025-08-02 14:54:16.862560
3320,3881,savings,43972.9,2025-09-13 12:40:49.298617
3321,4443,checking,20115.75,2026-06-07 10:27:12.836105
3322,129,savings,39010.11,2023-06-15 04:34:53.214654
3323,4976,checking,18358.54,2025-08-11 07:03:27.508511
3324,4469,checking,29291.45,2024-10-21 11:04:39.163820
3325,1572,savings,7518.38,2024-01-23 19:03:43.571034
3326,2476,savings,48193.77,2024-08-26 03:20:21.245232
3327,2434,savings,36860.37,2026-04-22 13:40:03.095438
3328,2879,savings,44670.94,2024-09-26 22:54:57.306163
3329,2184,savings,31608.28,2024-10-20 06:47:00.985726
3330,82,checking,892.34,2024-05-15 01:29:20.688253
3331,1927,savings,15596.92,2024-06-14 11:21:15.360373
3332,751,checking,10826.27,2024-07-20 09:34:18.690065
3333,2391,savings,11813.84,2026-05-12 01:52:11.378059
3334,2356,checking,31770.22,2024-12-15 00:14:09.327423
3335,1567,checking,15971.97,2023-08-18 08:43:36.803294
3336,2740,checking,17875.22,2025-03-13 03:51:00.432561
3337,3469,checking,5133.94,2024-02-28 06:18:57.687681
3338,3910,savings,40849.32,2025-07-07 20:32:47.602853
3339,1466,checking,6073.65,2025-11-23 22:32:56.168418
3340,801,savings,21824.93,2024-05-27 21:40:10.554423
3341,641,savings,19164.04,2025-01-03 16:08:20.455557
3342,3527,savings,2120.24,2026-04-26 02:50:35.266016
3343,3417,savings,7739.7,2025-06-07 22:19:23.919185
3344,2738,checking,27028.57,2025-08-25 08:43:18.366612
3345,354,checking,19127.87,2024-11-24 01:40:04.296619
3346,2153,checking,40460.21,2023-12-15 02:41:09.095841
3347,2117,savings,8412.61,2023-07-26 18:40:48.530565
3348,3833,savings,7315.33,2024-03-20 12:36:11.876606
3349,4808,savings,28255.74,2023-12-25 04:40:06.839483
3350,4953,savings,19966.61,2023-11-02 17:58:19.753162
3351,4503,checking,32159.65,2026-06-04 20:33:20.461226
3352,2413,checking,39355.36,2023-07-05 19:16:36.130859
3353,3228,checking,3920.48,2024-11-16 13:47:09.895764
3354,3026,checking,40075.61,2026-06-12 18:35:26.714247
3355,2136,checking,10569.19,2024-12-09 07:21:08.053558
3356,4983,savings,6749.04,2025-09-01 13:07:58.115587
3357,4747,checking,49498.74,2025-02-25 11:39:33.818286
3358,4734,checking,46385.48,2025-12-15 19:43:18.478453
3359,4330,checking,7765.72,2024-06-28 21:42:03.859774
3360,4044,savings,27221.72,2024-10-12 17:07:30.184569
3361,3007,checking,25170.98,2024-08-13 17:48:32.344721
3362,2510,checking,26524.24,2026-02-20 03:10:12.913273
3363,3201,savings,12283.3,2023-11-26 13:32:17.328980
3364,1295,savings,4181.1,2023-06-19 11:40:37.987497
3365,4149,checking,41437.41,2023-10-08 09:01:13.662240
3366,1844,savings,3107.48,2025-07-16 04:42:45.113924
3367,1649,savings,42174.08,2026-01-05 11:30:52.865534
3368,2367,checking,38393.42,2024-08-28 00:31:43.477828
3369,3228,savings,21392.14,2026-02-09 09:34:38.300299
3370,2352,checking,26892.51,2025-06-13 22:28:30.945546
3371,4527,checking,6003.24,2024-05-04 09:48:14.346823
3372,3864,checking,43120.34,2024-08-03 20:27:27.113094
3373,1799,checking,5544.82,2023-09-08 14:32:19.347193
3374,4288,checking,18995.27,2026-02-27 19:39:12.167926
3375,2456,checking,33098.24,2023-08-04 16:19:59.474939
3376,3095,checking,39981.73,2025-01-03 04:00:43.974462
3377,2353,checking,30523.68,2025-05-19 01:08:07.406087
3378,2028,checking,12858.94,2023-11-22 14:42:38.310310
3379,580,savings,42405.19,2026-02-13 01:18:21.169013
3380,240,savings,25818.37,2024-06-17 13:04:56.779634
3381,4167,savings,48827.57,2023-11-10 00:37:40.529774
3382,3344,checking,15127.97,2024-11-05 16:00:20.271564
3383,4744,savings,28348.47,2025-04-01 16:37:25.688658
3384,1572,checking,48048.87,2023-06-17 05:57:24.578768
3385,2523,checking,46487.2,2025-08-07 18:49:07.800194
3386,2977,savings,25516.83,2025-11-05 01:56:25.969862
3387,4457,savings,15776.23,2024-09-16 18:22:02.398738
3388,925,savings,32367.28,2023-07-22 18:12:01.961259
3389,530,checking,29538.89,2025-07-12 14:01:25.159453
3390,2949,checking,44485.95,2026-05-01 12:32:49.288091
3391,1320,checking,45546.43,2025-01-29 02:25:15.638013
3392,835,checking,18641.15,2023-09-13 06:30:47.504559
3393,2419,checking,43442.65,2023-09-18 18:21:37.743045
3394,1739,savings,24149.44,2024-02-25 15:28:32.237182
3395,1470,savings,33190.45,2026-02-26 04:49:53.658144
3396,2194,checking,10829.96,2026-01-13 21:28:17.344039
3397,35,checking,10710.93,2025-01-06 07:55:00.427855
3398,2862,checking,32146.16,2023-07-23 15:52:07.323234
3399,3545,savings,38063.24,2024-07-13 10:22:41.720490
3400,2771,checking,2393.5,2024-10-31 04:13:16.563877
3401,1520,savings,9782.56,2025-11-12 15:21:02.316144
3402,2839,savings,7256.09,2025-11-10 00:16:08.637134
3403,1956,checking,1771.85,2024-02-27 14:10:33.572370
3404,4018,savings,11970.68,2024-07-06 00:01:27.679345
3405,535,savings,49400.08,2024-08-14 20:33:54.017086
3406,2903,checking,43592.29,2026-04-20 03:10:11.728713
3407,4438,checking,48326.27,2025-06-04 21:48:29.769438
3408,575,savings,32485.87,2025-01-17 06:31:03.681687
3409,3184,checking,12579.95,2025-09-15 09:17:07.748544
3410,4951,checking,31539.61,2025-05-14 02:11:10.171233
3411,823,checking,9838.82,2025-03-05 22:09:53.410278
3412,4386,checking,28783.71,2025-03-12 12:17:59.696520
3413,3419,savings,49642.62,2025-08-09 22:34:08.038174
3414,2607,savings,15626.43,2023-08-16 20:48:55.401051
3415,979,checking,49910.42,2024-10-22 04:26:22.181000
3416,3617,checking,20554.49,2023-07-04 16:11:33.502377
3417,4804,savings,11452.87,2024-06-14 04:34:23.046432
3418,3469,checking,24391.7,2024-12-05 10:37:07.586519
3419,3512,savings,3390.22,2026-02-23 03:03:12.160097
3420,157,checking,40616.1,2025-01-03 01:03:27.099427
3421,3053,checking,851.76,2023-08-20 15:32:20.439645
3422,1077,savings,13657.65,2025-04-15 07:12:38.411581
3423,2748,savings,2982.78,2023-10-20 16:39:54.424619
3424,4665,savings,38299.84,2023-08-07 09:30:51.331878
3425,4796,savings,40256.25,2024-08-26 05:11:19.466063
3426,4336,checking,30231.68,2024-09-27 05:04:53.591235
3427,3725,checking,45662.02,2023-08-10 00:08:48.774125
3428,4708,savings,1557.81,2025-04-22 10:10:30.583966
3429,3217,savings,26487.75,2023-10-05 16:52:53.135151
3430,4704,savings,4096.48,2024-12-03 21:42:41.465649
3431,162,checking,43401.81,2023-07-02 07:22:32.217465
3432,1704,checking,46310.1,2024-01-03 22:46:20.149794
3433,2650,savings,3946.5,2024-05-28 07:41:08.588823
3434,4032,savings,13795.47,2024-12-24 08:49:22.725864
3435,1251,checking,2767.89,2026-02-21 21:02:03.641926
3436,3025,checking,5981.58,2023-08-08 06:49:04.324818
3437,4206,checking,31288.99,2026-02-25 21:16:42.159533
3438,3852,checking,20568.24,2024-01-03 02:54:06.580542
3439,3242,checking,12223.41,2024-05-31 06:16:25.776231
3440,4147,savings,49498.19,2026-05-18 11:37:50.311574
3441,1251,savings,44155.93,2025-05-05 08:13:14.682783
3442,2989,savings,6342.69,2025-12-15 18:29:27.615880
3443,409,checking,12343.79,2024-07-07 11:59:45.014065
3444,2612,savings,13960.6,2024-08-12 06:30:54.913605
3445,4208,savings,25840.39,2024-07-09 05:48:11.749163
3446,3416,checking,43070.16,2023-07-01 04:00:56.901277
3447,3117,checking,37331.7,2025-08-31 06:34:12.104454
3448,1582,savings,13063.84,2024-07-19 08:50:34.466056
3449,4453,checking,37054.26,2025-06-10 20:16:55.165435
3450,1119,checking,49649.43,2024-06-30 16:39:12.287560
3451,1062,checking,23481.93,2024-09-24 03:17:19.461136
3452,4377,savings,4324.69,2025-11-09 14:16:48.278358
3453,3588,checking,12394.01,2024-02-06 13:21:00.780498
3454,4706,checking,9736.46,2025-07-17 01:54:40.415382
3455,430,savings,48806.79,2023-08-22 19:21:57.752755
3456,1308,checking,723.54,2024-05-15 15:42:35.371352
3457,200,savings,47181.37,2026-06-08 03:12:56.637332
3458,1346,checking,44625.49,2024-12-11 10:06:07.005189
3459,3959,checking,15027.48,2025-12-31 06:27:23.085049
3460,4284,checking,34600.45,2024-11-01 17:41:08.689128
3461,4303,checking,5498.57,2026-05-12 11:23:51.366711
3462,1839,checking,28570.2,2025-05-27 05:41:16.225214
3463,3351,savings,32248.05,2026-03-18 20:50:01.214933
3464,962,savings,40163.88,2025-04-30 11:55:38.426129
3465,1459,checking,3531.92,2023-07-22 14:29:56.647767
3466,1722,savings,42632.58,2024-03-25 03:58:13.790583
3467,3138,checking,17399.77,2024-04-12 17:02:16.352712
3468,2089,savings,34091.08,2025-07-08 20:25:18.324626
3469,1157,checking,5920.03,2025-01-05 17:22:24.260971
3470,620,checking,12077.82,2024-07-03 06:45:52.781417
3471,1641,savings,8293.12,2023-08-17 09:35:38.363108
3472,2659,checking,29259.02,2023-09-01 17:06:28.063092
3473,3129,savings,40006.76,2026-02-17 11:54:51.640325
3474,2556,savings,25297.33,2024-08-18 10:21:33.915072
3475,730,savings,7629.69,2024-05-30 01:53:16.664415
3476,1788,checking,36693.18,2026-05-02 10:11:17.090266
3477,1143,checking,13942.12,2024-10-16 21:05:08.286820
3478,2599,checking,34130.84,2024-10-11 00:47:01.006437
3479,2275,checking,27323.76,2024-07-22 14:44:50.926012
3480,4043,checking,10710.96,2023-10-17 07:52:16.295883
3481,819,checking,41620.89,2024-03-03 12:11:23.584113
3482,490,checking,5010.27,2025-09-18 14:53:16.379299
3483,1260,savings,21026.38,2024-05-01 05:29:46.481977
3484,267,savings,810.62,2025-05-25 05:40:41.461994
3485,1716,savings,24503.74,2025-07-23 00:03:04.462498
3486,4878,checking,27382.35,2025-05-02 16:47:02.175796
3487,2293,savings,8001.83,2025-09-24 19:22:09.481966
3488,3849,savings,39679.35,2026-02-06 05:25:58.039950
3489,2625,checking,2719.56,2024-03-28 06:41:51.904071
3490,4729,savings,25449.03,2024-07-22 07:34:27.411624
3491,422,savings,47239.98,2025-10-26 07:11:44.877519
3492,3475,checking,46406.73,2025-10-17 09:52:58.408221
3493,3996,checking,27717.79,2024-07-11 07:43:43.898330
3494,2703,checking,8754.29,2025-11-20 06:32:55.770247
3495,586,savings,32777.12,2024-02-06 02:54:14.306301
3496,2147,savings,18241.91,2025-03-24 05:39:33.210887
3497,4420,savings,48246.41,2026-06-05 05:50:28.274662
3498,364,savings,44288.7,2025-07-27 19:40:00.504858
3499,162,checking,1273.23,2025-02-16 05:46:09.048026
3500,615,savings,35053.51,2024-10-21 14:07:51.119351
3501,1900,savings,16775.67,2023-09-04 20:23:56.628211
3502,3867,checking,12330.27,2025-06-11 06:16:46.354962
3503,3011,savings,32489.8,2024-04-23 12:13:45.966465
3504,729,checking,46193.12,2025-02-13 22:25:20.775346
3505,1969,checking,45025.19,2023-08-20 10:11:19.183716
3506,896,savings,39107.43,2025-01-01 04:28:58.276743
3507,2751,checking,12031.12,2025-08-25 11:37:17.977561
3508,2235,savings,39428.96,2025-03-07 13:19:39.994118
3509,3691,checking,43002.21,2023-11-29 01:43:45.865984
3510,3785,checking,35617.1,2026-06-06 03:27:24.573864
3511,2244,checking,20529.25,2024-10-18 21:18:45.691505
3512,1988,savings,5533.96,2023-06-23 01:01:57.423480
3513,2270,checking,21478.39,2025-02-09 05:50:34.362587
3514,4020,checking,11442.34,2024-11-16 01:57:58.475494
3515,3447,checking,7550.45,2024-02-08 15:46:10.188952
3516,2211,savings,2501.37,2026-06-10 09:17:43.244682
3517,1690,savings,14920.42,2023-10-10 17:07:16.752923
3518,1742,savings,47473.1,2024-10-04 06:21:07.066737
3519,385,checking,12311.65,2026-05-14 13:54:13.583451
3520,4849,savings,7688.92,2024-02-23 14:42:14.278968
3521,2960,savings,38316.89,2026-02-14 15:05:26.427280
3522,4461,checking,3173.08,2023-08-19 09:36:57.692362
3523,2820,savings,27987.36,2024-12-21 03:31:11.907318
3524,1994,checking,22201.73,2025-04-10 18:02:06.996670
3525,494,savings,28252.46,2024-05-26 23:48:35.606240
3526,1842,savings,14843.11,2025-01-15 03:57:07.822591
3527,2300,savings,18717.25,2023-09-26 11:14:45.256395
3528,4513,checking,10590.5,2025-11-24 21:24:45.524641
3529,3390,checking,36081.66,2024-02-25 22:56:51.387059
3530,4775,savings,45594.54,2025-02-05 13:16:58.015108
3531,782,checking,16384.95,2023-08-01 15:47:04.940243
3532,1309,checking,2583.91,2025-09-24 05:56:49.910911
3533,549,checking,14901.09,2023-09-28 10:17:56.610965
3534,4457,checking,37938.22,2024-05-30 02:59:28.842490
3535,4373,savings,17266.56,2025-08-28 19:47:53.157872
3536,4640,savings,31028.25,2023-09-25 11:59:55.476045
3537,1515,savings,25341.52,2024-10-04 02:57:14.492677
3538,845,savings,22680.57,2025-01-28 21:21:50.026075
3539,4392,savings,32879.37,2026-02-21 11:17:10.400762
3540,1868,savings,2523.4,2024-04-17 14:45:57.867634
3541,1101,checking,15090.83,2025-04-04 18:27:05.507828
3542,4386,savings,1688.45,2025-01-24 11:00:52.270369
3543,612,checking,32014.87,2024-05-07 18:01:23.504178
3544,1722,checking,33194.13,2024-01-10 00:01:41.952104
3545,895,savings,20487.7,2023-11-13 20:10:08.612809
3546,4336,checking,2435.74,2025-10-07 04:09:49.836067
3547,30,savings,23188.35,2025-06-13 23:52:49.722164
3548,490,savings,39445.75,2024-02-28 23:05:24.577905
3549,3018,checking,29402.31,2024-09-03 16:45:17.721314
3550,3563,savings,41953.97,2025-07-05 13:20:29.672740
3551,4387,checking,29596.75,2024-03-06 17:55:53.014450
3552,2587,checking,44009.91,2024-03-01 09:28:21.794360
3553,2492,checking,29874.42,2024-08-09 03:33:26.209230
3554,1684,savings,5050.44,2023-07-18 14:01:34.774359
3555,3700,checking,12864.32,2026-05-02 21:38:55.972724
3556,2560,savings,16111.99,2023-10-18 02:10:42.194652
3557,375,checking,4896.48,2026-01-25 15:14:38.625078
3558,816,checking,41433.55,2024-02-16 19:13:48.313492
3559,3364,savings,14483.83,2024-09-03 06:50:46.076726
3560,3454,checking,35242.1,2024-02-07 04:40:57.200246
3561,303,checking,23259.92,2024-04-11 08:24:14.423028
3562,4791,checking,27314.3,2023-12-03 02:01:03.945576
3563,2241,savings,13666.43,2025-01-04 09:19:51.122414
3564,1657,checking,40108.11,2024-10-01 13:55:27.780505
3565,3138,savings,15155.05,2025-10-03 22:26:02.704249
3566,658,savings,5395.62,2024-04-05 18:33:19.041641
3567,1649,checking,8197.73,2024-07-16 18:13:25.697554
3568,3779,savings,35505.5,2025-03-30 14:45:19.177327
3569,1697,checking,14099.5,2025-06-23 05:48:42.377291
3570,2643,savings,14212.02,2025-03-15 15:33:34.530123
3571,3004,checking,1390.24,2024-03-08 00:35:09.004504
3572,1096,checking,28148.66,2025-05-11 00:15:28.635924
3573,440,savings,30169.3,2026-04-06 11:35:39.983043
3574,1192,checking,41363.99,2025-12-13 18:22:50.903258
3575,220,savings,44414.71,2023-10-30 11:07:48.546812
3576,3511,savings,46178.78,2025-01-25 05:55:31.712367
3577,91,checking,10954.1,2025-03-17 04:22:27.494196
3578,4435,savings,19738.07,2025-07-29 04:43:41.706269
3579,1204,savings,46495.02,2024-03-12 23:33:29.108053
3580,1522,checking,27242.87,2024-05-16 12:20:08.301682
3581,2801,checking,30410.62,2025-10-19 20:56:36.111584
3582,2110,checking,4168.47,2025-12-05 02:49:39.932074
3583,4339,savings,1126.25,2025-08-11 07:28:01.760052
3584,4603,savings,5771.72,2024-07-29 19:51:34.465387
3585,2357,checking,38334.81,2025-08-17 13:23:55.233890
3586,632,savings,43431.55,2024-12-03 04:24:39.893053
3587,2898,checking,2569.63,2025-01-05 21:22:28.840206
3588,308,savings,35768.02,2023-11-26 02:22:22.358430
3589,1179,checking,41932.79,2024-12-18 20:11:05.285735
3590,1014,savings,43897.55,2025-12-08 13:30:20.958582
3591,1373,checking,33596.4,2025-08-16 05:12:03.518759
3592,3318,checking,2869.75,2025-12-20 04:17:40.306507
3593,681,savings,25077.73,2023-09-27 03:45:10.122085
3594,2209,savings,5178.49,2026-05-20 16:59:35.338307
3595,752,checking,5990.24,2025-01-01 01:15:28.532007
3596,1612,checking,19818.47,2026-04-19 04:52:20.231539
3597,2063,savings,9759.97,2023-09-04 01:04:09.040116
3598,4569,checking,32019.19,2023-12-09 22:16:21.387945
3599,3142,savings,46595.07,2025-01-10 02:13:22.651976
3600,1316,savings,32505.6,2024-09-01 12:25:13.108264
3601,4605,checking,45929.42,2026-03-21 15:47:01.105852
3602,587,checking,3087.84,2025-12-06 04:42:24.862715
3603,3709,savings,18714.95,2025-10-03 03:19:08.606965
3604,2154,checking,23750.71,2026-02-09 14:29:26.307422
3605,4099,checking,7463.3,2024-07-08 04:48:25.208479
3606,2363,checking,32594.38,2023-12-27 19:47:42.571424
3607,1179,savings,40055.48,2025-03-27 06:43:54.894652
3608,1780,savings,10774.32,2024-08-20 23:22:10.030115
3609,2630,checking,10446.54,2024-03-01 05:04:46.317050
3610,4267,savings,25874.97,2026-02-11 10:27:35.459487
3611,1338,savings,18166.05,2024-11-12 05:47:42.028874
3612,912,checking,25266.4,2023-07-26 02:44:27.055529
3613,4257,savings,40753.8,2025-11-13 05:15:35.100045
3614,4616,savings,36828.35,2025-05-24 14:05:04.024383
3615,3409,checking,43060.2,2026-01-16 20:49:35.245234
3616,4215,savings,17943.96,2024-03-12 17:51:44.679393
3617,1332,checking,27765.07,2025-10-13 14:34:02.364187
3618,4987,savings,18414.75,2024-01-13 06:27:21.980772
3619,4187,savings,45145.52,2023-07-22 14:16:43.087339
3620,2480,savings,927.99,2023-12-30 17:40:54.955474
3621,1515,checking,1522.87,2023-06-19 00:18:31.425571
3622,2244,savings,33765.08,2024-03-29 00:31:50.387262
3623,2432,savings,24985.61,2024-02-04 20:05:33.460897
3624,2584,checking,32336.1,2026-06-05 19:45:57.393582
3625,1998,savings,48779.34,2023-12-14 20:29:59.617174
3626,4077,savings,31712.81,2024-12-17 00:00:10.449080
3627,4638,savings,22608.25,2023-11-21 12:24:14.561728
3628,1470,savings,41198.2,2025-03-30 05:22:03.366433
3629,3152,checking,14631.02,2024-10-16 13:27:00.968266
3630,86,savings,2125.75,2025-01-17 06:31:02.037498
3631,4363,checking,33307.63,2023-08-20 10:06:41.407741
3632,2904,savings,41565.86,2025-06-16 01:18:19.058692
3633,4387,savings,43143.79,2025-03-17 13:20:01.533623
3634,4253,savings,44280.09,2025-04-12 03:41:17.901632
3635,2789,savings,43173.97,2025-08-04 22:05:34.050792
3636,2322,checking,16542.3,2024-09-15 14:12:26.092859
3637,4698,savings,2141.58,2025-09-01 17:28:08.652565
3638,3089,savings,23668.68,2024-09-13 23:06:15.719904
3639,3241,checking,49348.56,2025-04-29 23:49:55.622628
3640,2215,checking,22672.44,2023-08-27 15:23:41.340079
3641,4611,savings,7612.56,2025-07-29 04:52:50.977806
3642,3049,checking,12001.16,2025-12-19 13:35:18.802690
3643,2117,checking,48951.98,2024-11-13 17:50:46.827737
3644,729,savings,8927.63,2026-03-24 02:35:50.851791
3645,2062,checking,45853.4,2024-04-25 17:49:21.462180
3646,3137,savings,38752.45,2025-03-08 19:20:12.444920
3647,1401,savings,15671.89,2025-02-18 21:32:08.645885
3648,74,checking,37682.5,2025-12-27 02:18:13.728282
3649,2927,checking,45100.81,2026-04-16 09:04:04.717446
3650,721,savings,39764.36,2024-10-05 14:12:24.658045
3651,2506,savings,4504.75,2024-09-13 07:32:42.794677
3652,1391,savings,2539.43,2023-07-30 19:09:32.118708
3653,1148,checking,8097.05,2023-10-24 15:26:42.153938
3654,3704,checking,11770.04,2024-11-25 03:55:34.279716
3655,1747,checking,12525.33,2026-03-10 01:03:57.958204
3656,2582,checking,9758.21,2026-04-25 16:48:36.682998
3657,2304,savings,32824.38,2024-03-14 17:57:54.669138
3658,4966,savings,9677.57,2024-03-15 21:40:57.438708
3659,1292,savings,37803.37,2023-09-26 05:24:57.975303
3660,4790,savings,12156.66,2025-05-13 20:01:29.983384
3661,4852,checking,39061.35,2023-11-21 21:30:14.382792
3662,2278,savings,65.8,2025-06-27 20:40:22.339594
3663,2471,savings,40143.96,2025-08-30 13:35:35.182649
3664,462,checking,7389.02,2025-08-18 09:41:52.572356
3665,3422,savings,35281.04,2025-10-15 22:19:08.548673
3666,4881,checking,15012.54,2024-04-04 18:22:52.006109
3667,1950,savings,38276.73,2023-11-23 02:45:30.933789
3668,3996,checking,29088.14,2026-01-13 05:02:50.521115
3669,4439,savings,10985.82,2026-04-27 17:53:54.667121
3670,3435,savings,20309.92,2025-02-09 02:13:28.427290
3671,4947,savings,29144.93,2023-12-04 20:00:29.756714
3672,1650,savings,41589.66,2026-01-19 09:46:37.681511
3673,1158,checking,41969.6,2026-02-04 13:54:28.815172
3674,617,checking,25860.46,2024-01-11 19:28:46.930699
3675,4611,checking,23611.99,2024-12-01 09:12:04.629526
3676,1117,checking,33398.73,2024-03-28 21:00:34.966679
3677,620,checking,46791.68,2026-04-24 17:54:11.018293
3678,860,savings,49637.22,2026-04-17 14:10:29.076251
3679,128,savings,33769.9,2026-05-27 04:16:37.220289
3680,3265,checking,2219.65,2023-08-21 01:43:59.341254
3681,2051,savings,4106.54,2023-07-05 07:41:21.107452
3682,763,checking,24728.49,2024-11-14 02:33:20.003331
3683,1057,savings,7315.6,2024-06-10 13:40:47.121472
3684,2992,checking,49374.2,2023-08-01 18:12:39.310641
3685,2293,savings,6815.91,2025-06-19 07:25:41.548131
3686,235,checking,6402.05,2024-09-17 05:47:40.394321
3687,4179,checking,19758.77,2023-09-12 02:01:08.257258
3688,894,savings,22613.15,2024-12-09 01:07:41.775823
3689,2181,checking,31768.68,2026-04-12 10:42:07.742345
3690,4954,savings,9735.91,2023-06-28 08:58:36.271244
3691,1802,savings,44249.01,2024-09-01 18:44:46.434903
3692,646,savings,19188.33,2025-10-08 01:20:50.154967
3693,3346,checking,7246.27,2024-02-29 10:28:03.613065
3694,520,checking,11032.69,2025-05-03 05:54:00.448533
3695,3199,checking,502.73,2024-11-22 21:55:33.967330
3696,4541,savings,43595.41,2023-08-29 14:18:10.426592
3697,96,checking,28809.54,2024-03-23 01:57:26.621625
3698,1133,checking,40942.33,2025-01-18 13:19:51.694495
3699,2915,checking,16406.76,2023-07-12 18:43:37.096505
3700,4999,checking,17886.05,2025-07-24 08:14:02.359998
3701,4683,checking,4914.63,2024-01-31 23:22:57.487490
3702,1951,checking,9331.38,2025-06-24 15:41:31.507239
3703,1261,checking,48984.0,2024-12-23 21:29:14.413455
3704,3458,checking,44713.27,2025-08-13 03:42:11.447284
3705,3293,savings,10556.26,2023-08-16 21:34:40.483011
3706,4574,savings,22594.01,2024-08-26 18:28:41.349046
3707,2078,savings,17311.65,2023-09-08 05:22:27.796369
3708,2891,savings,26668.65,2025-11-13 23:46:10.678201
3709,3013,checking,47284.08,2024-06-10 07:55:04.069922
3710,308,checking,28743.15,2025-06-16 01:52:59.295855
3711,3685,savings,22230.33,2024-04-11 21:31:35.692229
3712,1910,checking,10867.66,2025-12-08 01:06:45.666963
3713,2426,savings,3856.18,2024-01-06 06:16:06.676255
3714,4326,savings,6777.81,2024-06-17 23:47:41.031490
3715,4164,checking,33978.22,2024-03-15 11:39:56.377669
3716,2777,checking,6067.68,2025-07-07 19:24:41.038403
3717,4033,savings,37454.71,2026-03-29 13:45:45.213593
3718,4707,checking,26568.76,2024-11-02 02:46:49.658103
3719,288,savings,40349.74,2025-04-24 12:08:00.359730
3720,2640,savings,31350.01,2024-03-28 21:21:35.685759
3721,3258,savings,5602.57,2024-12-12 12:30:40.176456
3722,2348,checking,18631.17,2026-03-24 23:05:42.072464
3723,572,checking,34377.23,2025-01-20 19:28:06.589791
3724,4629,checking,4160.76,2023-10-02 07:34:33.139093
3725,2444,savings,17731.98,2024-12-15 14:18:23.794047
3726,1517,checking,1817.34,2025-05-16 14:27:22.894856
3727,382,checking,25212.51,2023-12-07 21:00:22.772664
3728,2843,savings,16114.57,2026-05-28 07:54:03.650404
3729,3657,savings,24317.71,2026-01-22 01:48:12.748669
3730,504,savings,13720.59,2025-02-07 02:50:39.014857
3731,4461,checking,5742.65,2024-08-31 07:12:06.738720
3732,2132,checking,18413.2,2024-10-30 19:24:30.925628
3733,3422,checking,47279.96,2024-03-02 16:11:31.227018
3734,657,savings,19565.39,2025-08-06 20:03:10.205939
3735,2700,savings,13023.01,2024-09-20 16:27:01.902633
3736,1424,savings,655.15,2024-01-29 02:17:03.060951
3737,810,savings,9399.02,2024-03-28 21:57:32.303343
3738,1209,savings,43635.46,2023-09-09 08:12:39.498569
3739,4613,savings,3580.48,2024-08-25 02:55:31.823303
3740,4086,checking,49832.44,2023-10-15 01:25:21.797683
3741,4841,checking,39244.62,2025-07-10 05:45:45.664688
3742,316,savings,43573.67,2025-06-14 12:30:24.860366
3743,2241,checking,48106.51,2025-07-21 17:19:03.507382
3744,971,checking,13687.58,2024-10-08 15:15:16.072127
3745,1269,savings,35852.35,2025-09-23 17:58:49.039160
3746,2093,checking,42223.23,2023-06-23 23:10:36.029922
3747,3217,checking,15483.31,2023-08-05 17:59:17.233648
3748,2419,checking,47605.36,2023-07-14 09:35:10.761919
3749,2734,savings,41087.68,2023-11-07 20:15:42.398695
3750,1561,savings,36822.71,2026-02-14 01:26:45.275012
3751,2756,checking,49296.03,2024-05-03 06:49:09.847567
3752,4235,savings,34913.46,2024-09-10 09:59:52.554943
3753,3131,savings,39531.62,2025-06-29 15:50:34.353710
3754,3965,checking,28090.54,2023-10-02 16:06:27.415550
3755,2424,checking,46226.75,2024-11-03 19:38:07.804954
3756,4830,savings,26749.49,2026-02-18 03:52:53.981212
3757,1625,checking,32502.67,2025-12-31 12:06:03.492483
3758,4257,savings,13762.61,2024-01-12 10:14:47.893313
3759,3112,checking,11998.91,2023-06-30 08:57:56.538469
3760,4581,savings,7147.37,2024-12-12 23:53:09.007125
3761,2009,savings,9744.92,2024-11-25 05:58:03.431153
3762,1681,savings,37789.49,2024-11-14 06:23:33.358737
3763,2787,checking,2883.46,2024-10-22 01:29:38.481601
3764,631,checking,46434.76,2025-09-13 04:49:33.532000
3765,1660,checking,31342.33,2024-09-29 12:56:01.813751
3766,4952,savings,21278.33,2024-09-22 06:19:41.823660
3767,2427,checking,44833.48,2025-04-06 02:58:45.350654
3768,954,checking,29384.0,2023-10-15 10:12:14.192204
3769,485,checking,34398.95,2025-11-26 06:09:15.284013
3770,1859,checking,522.62,2025-12-08 15:53:45.750641
3771,4422,savings,16918.34,2025-02-28 22:13:59.681756
3772,4353,checking,40225.67,2023-12-03 17:56:10.598408
3773,3980,checking,44100.19,2026-05-22 23:36:36.235461
3774,1800,savings,8853.71,2025-10-17 06:31:26.901700
3775,1733,savings,14246.76,2025-02-11 22:46:53.985949
3776,3775,savings,12154.16,2024-11-14 08:02:03.577418
3777,2616,checking,33593.3,2026-06-07 22:57:45.538801
3778,3048,checking,29825.44,2024-03-30 19:26:13.684541
3779,760,savings,8175.53,2024-05-26 13:48:46.601582
3780,1467,savings,46856.94,2024-06-26 09:28:30.367037
3781,2821,savings,11362.34,2023-09-22 12:39:14.769559
3782,3252,checking,20799.93,2024-11-16 18:04:49.013211
3783,1038,savings,22963.44,2026-06-12 21:04:29.407647
3784,2877,savings,35701.98,2025-06-11 13:57:22.492324
3785,1665,savings,46834.02,2025-05-28 15:36:45.405200
3786,1122,checking,47248.17,2025-11-04 17:35:57.069726
3787,235,savings,27275.4,2024-04-07 06:58:29.301441
3788,1498,savings,34834.64,2025-08-14 07:37:31.314372
3789,18,checking,14656.33,2024-02-25 19:09:55.517723
3790,1251,checking,47612.66,2025-03-12 05:38:24.881782
3791,1158,checking,24620.25,2024-07-16 18:54:50.636433
3792,2433,savings,14593.11,2024-11-01 05:04:21.298350
3793,2957,savings,45833.16,2025-05-24 08:53:02.221362
3794,1077,savings,49492.88,2024-08-23 12:16:37.708836
3795,3207,savings,41568.74,2023-08-28 15:00:27.136802
3796,1346,checking,14775.91,2026-03-06 19:56:05.066510
3797,1199,checking,20390.99,2025-05-16 02:53:55.351830
3798,2273,checking,5868.16,2024-05-15 17:10:34.710814
3799,491,savings,12801.98,2024-05-11 06:09:34.871516
3800,4880,savings,2355.89,2025-05-21 03:12:38.100585
3801,4199,checking,41478.03,2026-04-13 17:11:18.577933
3802,1916,checking,271.26,2023-07-11 23:40:31.187145
3803,3022,checking,8533.09,2026-04-03 08:18:59.037383
3804,1793,checking,26797.66,2024-06-27 11:05:16.511643
3805,4387,checking,10390.12,2023-09-06 00:37:53.843799
3806,3836,checking,17586.32,2023-12-14 08:36:07.711377
3807,472,checking,14934.05,2024-04-17 23:02:23.220267
3808,3532,savings,14378.82,2024-05-28 14:06:01.715474
3809,311,checking,27931.96,2025-05-24 03:49:57.677398
3810,1653,checking,24782.95,2025-06-06 03:39:18.290367
3811,2408,checking,43105.38,2024-02-10 04:55:13.945235
3812,3103,savings,17863.74,2025-11-30 20:07:31.790501
3813,4744,savings,7024.54,2024-01-30 05:32:49.271772
3814,3553,savings,907.55,2025-03-04 23:30:11.361915
3815,1582,checking,12927.98,2025-06-28 21:45:20.474549
3816,1969,savings,45861.37,2024-09-19 14:23:21.109969
3817,2390,checking,28951.29,2023-06-26 06:18:11.217529
3818,3060,savings,13764.8,2024-05-12 17:04:01.030362
3819,3211,checking,18757.9,2025-10-30 01:00:57.443584
3820,2281,checking,37020.78,2025-06-11 17:41:28.247598
3821,3976,savings,7290.95,2025-09-09 23:22:41.699887
3822,333,checking,17736.66,2024-11-04 23:43:03.719883
3823,4120,savings,9859.3,2024-08-19 21:52:55.206445
3824,4909,savings,24141.86,2024-01-14 03:31:41.918041
3825,1660,checking,17167.83,2025-03-28 11:11:21.332538
3826,3842,savings,41395.17,2024-09-20 01:09:16.538700
3827,1706,checking,16391.25,2026-05-05 13:53:44.216794
3828,1842,savings,9438.95,2025-07-28 23:37:04.835106
3829,2289,checking,48634.85,2024-11-22 03:35:04.199814
3830,1046,savings,44176.05,2024-12-12 01:44:51.363932
3831,3541,savings,15416.7,2023-10-19 08:45:29.411291
3832,3266,checking,6113.19,2023-07-12 05:53:35.809793
3833,1673,checking,27518.1,2025-06-13 01:50:59.858430
3834,958,checking,32718.6,2023-07-29 04:22:53.511575
3835,565,savings,131.49,2023-06-14 14:26:36.186404
3836,1563,checking,15737.69,2024-11-26 01:50:44.619065
3837,4582,savings,31522.2,2025-12-05 23:46:22.809113
3838,2844,savings,35895.09,2026-04-28 05:07:17.900059
3839,889,checking,28342.45,2025-01-13 23:13:32.949109
3840,3864,savings,32681.66,2025-07-23 03:53:50.928018
3841,3048,savings,16481.83,2024-05-28 18:14:10.506844
3842,3353,checking,30379.14,2026-02-18 09:01:51.441094
3843,798,checking,36060.86,2023-08-30 23:22:37.528419
3844,2522,savings,20937.02,2025-02-25 10:17:38.405867
3845,3636,savings,19811.77,2023-12-18 15:53:26.680079
3846,3605,checking,22792.26,2025-09-28 23:07:00.904007
3847,4935,savings,31794.61,2026-02-20 17:12:19.508787
3848,3491,savings,25378.86,2023-08-05 21:45:37.718526
3849,767,checking,2673.57,2025-07-25 16:38:27.434793
3850,2292,savings,11469.15,2025-01-19 09:54:26.704508
3851,3722,savings,18772.11,2023-10-10 12:30:13.628330
3852,603,checking,47321.74,2024-07-31 03:18:14.304420
3853,732,checking,280.59,2025-05-07 21:22:46.119180
3854,4245,checking,19703.82,2025-01-25 09:26:55.265111
3855,4417,checking,41983.45,2025-03-08 11:45:27.523057
3856,4046,checking,2350.55,2024-10-17 14:17:31.694325
3857,4306,checking,26890.14,2024-04-17 03:50:50.736173
3858,2417,savings,4184.05,2023-08-10 17:40:25.361028
3859,337,checking,38284.16,2024-01-01 06:43:00.890897
3860,1277,savings,11628.12,2023-08-23 22:23:07.456492
3861,3486,checking,19071.95,2025-01-18 11:11:04.071245
3862,2048,checking,12354.76,2026-05-22 01:02:39.698486
3863,640,checking,40223.52,2023-12-16 02:21:26.243389
3864,3306,savings,46304.96,2025-04-18 11:27:46.466792
3865,3544,checking,32340.26,2024-09-09 15:33:07.758179
3866,1218,savings,5695.58,2024-10-02 21:22:01.791149
3867,1770,savings,15138.13,2025-12-22 03:54:14.915755
3868,2142,checking,25667.94,2024-02-23 04:44:28.251266
3869,726,checking,46806.67,2025-04-27 11:30:38.394278
3870,1031,checking,35055.77,2024-01-28 12:51:08.325381
3871,1300,checking,31534.54,2026-01-28 17:43:39.104153
3872,2457,savings,699.03,2024-01-01 07:24:23.163462
3873,1062,checking,48549.89,2024-09-08 20:46:53.689516
3874,4308,savings,17704.63,2024-08-04 12:23:53.805311
3875,1003,savings,31801.28,2024-05-23 14:49:00.923277
3876,2648,checking,5896.56,2023-07-10 04:25:20.368945
3877,808,savings,27904.04,2024-03-18 13:18:43.358321
3878,937,savings,33651.5,2025-06-10 17:51:11.371674
3879,1117,savings,42666.48,2025-10-11 07:39:18.130040
3880,757,savings,14861.19,2025-08-11 21:27:03.749297
3881,368,savings,40893.0,2025-07-29 07:53:22.556538
3882,1010,savings,1779.9,2026-06-03 08:44:00.693058
3883,290,savings,30923.16,2025-07-27 03:48:47.545657
3884,1442,savings,4192.26,2023-07-26 01:10:42.423691
3885,2726,savings,5149.89,2024-01-22 01:55:53.057292
3886,2180,savings,25905.79,2024-02-06 10:30:39.317422
3887,1571,checking,39156.39,2024-09-13 18:42:00.786823
3888,1957,savings,6324.24,2024-01-20 07:18:05.977715
3889,559,checking,33203.25,2025-11-27 03:07:26.824205
3890,4787,savings,8277.91,2024-12-20 01:54:12.000158
3891,4284,checking,15201.93,2026-05-28 10:46:13.954534
3892,877,checking,159.56,2024-09-16 17:33:35.988824
3893,1753,savings,45167.81,2023-10-17 06:04:08.036040
3894,4210,checking,39810.48,2025-04-13 00:09:45.762091
3895,1714,checking,22883.31,2025-12-02 06:06:17.191562
3896,361,savings,18703.33,2025-07-15 03:15:16.618179
3897,2189,checking,12345.97,2025-08-21 19:35:21.246594
3898,3277,savings,29063.14,2025-12-14 12:10:10.519076
3899,705,checking,24070.63,2024-01-18 17:20:23.741203
3900,4682,savings,7043.54,2026-04-12 19:46:07.068174
3901,2610,checking,37400.43,2024-10-15 05:03:34.272273
3902,53,checking,3255.95,2025-06-02 11:05:10.759449
3903,1088,checking,17809.54,2025-09-18 08:01:48.858896
3904,4070,savings,31456.61,2025-05-16 06:56:47.802949
3905,4804,checking,37185.74,2025-06-07 23:17:10.641038
3906,1439,checking,8683.57,2023-08-11 07:25:04.384802
3907,4783,savings,8762.86,2024-12-22 09:12:10.949699
3908,217,savings,29475.24,2025-01-08 07:50:01.677793
3909,1195,savings,29562.08,2024-03-03 19:58:09.310235
3910,33,checking,10326.62,2026-01-15 02:03:17.320277
3911,4900,checking,39075.8,2024-03-24 07:25:17.122716
3912,2575,checking,33577.34,2024-01-16 21:32:01.606313
3913,3475,savings,37519.67,2025-12-21 08:54:42.874240
3914,1132,checking,11428.52,2026-03-22 04:51:39.507144
3915,756,savings,39054.31,2024-09-02 05:09:10.845216
3916,4983,savings,33151.69,2024-01-05 06:57:18.438494
3917,2816,checking,28995.33,2024-05-05 10:11:33.404772
3918,486,checking,20011.57,2024-08-06 08:07:16.387458
3919,2691,checking,5224.01,2026-05-30 22:27:59.795029
3920,701,checking,25735.13,2024-06-13 12:06:01.584283
3921,895,savings,5288.67,2023-10-25 03:50:41.378199
3922,2331,checking,21444.98,2025-01-04 11:48:39.872302
3923,1244,savings,23911.54,2025-09-20 22:47:48.948580
3924,1449,checking,39638.3,2025-04-12 21:17:02.847540
3925,2650,savings,373.83,2023-11-22 21:08:40.581515
3926,578,savings,31312.02,2025-11-18 11:59:28.336319
3927,4559,savings,11109.17,2026-03-23 20:23:22.472876
3928,1583,savings,17181.2,2024-05-09 21:31:00.293848
3929,1753,savings,24984.93,2026-03-11 10:47:47.975199
3930,1819,savings,24689.18,2023-10-03 14:44:18.652196
3931,1476,savings,23934.28,2023-11-22 02:34:58.010921
3932,3500,checking,22039.38,2026-03-14 14:07:17.086440
3933,2738,savings,18069.46,2025-06-11 21:39:30.377359
3934,219,savings,29831.62,2024-04-21 14:26:16.092810
3935,1598,checking,30555.69,2025-11-23 11:15:30.819182
3936,216,checking,23772.56,2024-11-07 16:37:36.562098
3937,3417,checking,22546.45,2024-04-10 23:12:52.424487
3938,3228,savings,30245.49,2024-06-03 04:12:42.119535
3939,858,savings,19710.28,2025-05-09 01:15:35.936719
3940,1505,checking,26243.25,2025-09-26 15:33:42.390511
3941,3088,savings,17972.62,2024-06-14 05:36:42.024752
3942,3446,checking,25377.95,2026-01-11 05:53:20.550510
3943,521,savings,33053.74,2026-03-20 19:28:52.131704
3944,1627,savings,25856.09,2025-07-09 22:11:36.657950
3945,4634,checking,42131.5,2025-04-15 00:32:58.110515
3946,4168,checking,2800.34,2023-10-09 12:04:33.829615
3947,1915,checking,44510.37,2023-08-28 13:32:19.735914
3948,4968,savings,30861.12,2025-07-26 06:13:00.892504
3949,404,savings,4449.92,2025-09-23 13:05:27.447086
3950,2474,savings,49842.88,2024-01-16 02:43:18.577947
3951,2708,savings,41571.85,2024-09-25 19:07:58.852566
3952,4660,checking,961.58,2024-12-19 23:11:34.095091
3953,4331,savings,39997.91,2025-04-20 17:36:04.772594
3954,1029,checking,17811.3,2024-03-21 19:13:00.731381
3955,2906,checking,8482.73,2023-11-02 14:23:13.131003
3956,2562,checking,49582.97,2025-08-20 06:40:05.694771
3957,1438,checking,16449.54,2025-10-14 08:11:13.535498
3958,257,savings,25141.15,2024-10-06 16:29:12.745728
3959,1783,checking,44417.99,2025-06-20 03:37:19.616920
3960,720,checking,32264.55,2025-07-01 03:29:23.408372
3961,3403,checking,49326.43,2024-09-04 05:11:15.713388
3962,771,checking,48071.57,2023-11-17 05:27:07.967233
3963,3431,savings,37796.62,2025-02-21 03:03:46.972603
3964,1549,checking,2962.52,2024-06-21 06:11:04.370295
3965,4038,savings,18041.92,2025-05-06 04:08:53.953574
3966,74,checking,26425.91,2024-08-20 11:20:03.218079
3967,2495,checking,40006.02,2024-06-29 04:50:56.226386
3968,1731,checking,25170.14,2025-05-26 15:28:07.544328
3969,1214,checking,27264.5,2026-04-21 00:22:43.123238
3970,3780,checking,2280.36,2025-06-19 20:10:35.007957
3971,3806,savings,33945.34,2024-03-18 14:36:44.276765
3972,2535,checking,38189.33,2025-03-25 16:00:02.570388
3973,4129,checking,21726.04,2025-12-11 11:55:51.128192
3974,53,checking,36544.52,2024-12-21 17:57:14.768728
3975,1523,checking,26064.83,2026-05-11 03:39:00.428432
3976,3235,checking,45647.95,2025-03-02 15:46:12.950267
3977,2090,checking,49470.88,2025-07-20 00:58:33.744392
3978,4224,checking,35460.56,2025-01-12 19:20:27.087295
3979,2626,checking,10670.7,2026-01-22 18:22:27.177079
3980,3253,checking,35992.21,2025-11-06 11:32:32.905066
3981,855,savings,13418.98,2025-08-25 15:22:40.394177
3982,937,checking,11024.08,2024-10-26 03:36:29.345148
3983,485,savings,22866.19,2024-05-02 15:23:18.011348
3984,760,savings,25573.55,2026-02-19 04:52:22.703990
3985,1129,checking,44315.8,2023-09-06 06:38:08.316205
3986,2647,savings,39231.3,2023-06-18 08:06:54.009504
3987,2942,savings,22889.81,2026-05-05 10:20:25.407234
3988,678,checking,16534.77,2024-04-17 04:30:38.747414
3989,1352,savings,5499.31,2024-08-19 12:29:10.036512
3990,4163,savings,48400.97,2025-02-26 12:48:58.602213
3991,2656,savings,13882.62,2024-05-19 18:16:09.176642
3992,1261,checking,25416.48,2024-02-24 07:03:22.379313
3993,1928,savings,32895.64,2026-03-10 11:10:58.553295
3994,4001,savings,44693.44,2024-11-28 15:29:27.497508
3995,2723,checking,4515.26,2026-02-27 05:58:14.403638
3996,1563,checking,40346.88,2025-10-19 05:35:20.327409
3997,468,checking,22306.8,2023-12-03 08:50:35.458519
3998,3048,savings,15161.28,2025-03-01 20:47:50.994431
3999,2500,savings,25868.0,2026-06-12 14:29:19.341395
4000,910,checking,9672.01,2026-05-07 00:38:29.270496
4001,3914,checking,561.26,2024-08-23 21:45:50.256457
4002,2377,savings,13759.68,2026-02-07 05:08:36.152326
4003,34,checking,24309.36,2024-08-11 23:09:30.368159
4004,3912,savings,18618.01,2025-09-10 03:13:11.960568
4005,4218,savings,34291.67,2026-01-17 06:52:16.274428
4006,2615,savings,17901.54,2026-03-04 11:48:32.022457
4007,1322,savings,28270.74,2026-03-10 05:10:49.427916
4008,268,checking,3553.9,2023-08-24 11:20:47.218020
4009,2172,savings,28193.03,2026-02-05 07:53:13.061907
4010,1677,savings,9903.45,2026-03-07 19:11:15.223948
4011,272,savings,4340.13,2025-06-02 01:55:36.502892
4012,160,savings,6446.25,2025-06-02 11:13:14.869380
4013,4287,savings,39158.49,2024-04-10 04:44:20.348078
4014,1337,savings,4659.05,2024-06-10 23:56:19.578046
4015,1587,savings,36759.5,2024-07-05 20:21:27.357290
4016,1216,savings,6716.25,2023-07-01 20:36:29.778596
4017,2387,savings,17353.08,2023-12-16 04:36:01.193160
4018,1727,checking,22131.7,2026-02-28 02:35:41.210981
4019,1243,savings,11183.06,2025-11-21 23:30:18.261321
4020,3060,savings,43743.71,2024-02-24 11:54:46.437134
4021,3832,checking,42520.61,2024-10-23 11:12:05.285261
4022,3942,checking,28749.67,2026-04-29 10:45:17.423043
4023,4915,savings,43830.44,2025-07-31 01:35:10.599897
4024,4429,savings,20027.06,2024-10-31 08:49:21.196048
4025,2661,savings,5521.86,2023-07-24 06:44:55.878469
4026,205,checking,11266.41,2026-03-11 06:39:32.710283
4027,432,savings,30906.53,2024-05-21 04:30:55.590989
4028,1024,savings,46973.51,2026-02-07 18:56:19.086883
4029,3189,checking,4733.09,2025-08-10 20:46:08.257398
4030,3089,checking,24784.37,2024-10-28 03:27:21.991939
4031,4889,savings,28376.51,2024-12-13 18:56:33.883959
4032,3503,savings,43885.77,2024-06-16 03:37:14.468311
4033,3976,savings,21394.35,2024-02-23 23:01:29.378542
4034,4751,savings,49730.71,2023-07-12 07:11:31.606781
4035,628,savings,14488.43,2025-09-04 17:17:11.799686
4036,3954,checking,15373.41,2023-10-09 19:08:07.771184
4037,3045,savings,40772.96,2023-12-12 15:52:22.804195
4038,2331,savings,12921.86,2024-11-10 09:32:50.064767
4039,4790,savings,47838.91,2025-08-06 22:36:28.480964
4040,2566,checking,23301.8,2025-05-06 00:30:42.505126
4041,2480,savings,43274.27,2025-12-15 22:28:40.832594
4042,2184,checking,15045.35,2023-07-02 12:17:05.608782
4043,4917,checking,42220.58,2025-04-23 02:20:05.652016
4044,1116,savings,21290.06,2025-05-31 12:59:44.446471
4045,2407,savings,9789.11,2023-12-27 21:47:41.042436
4046,1889,savings,12795.51,2025-04-11 19:34:35.293633
4047,2684,savings,35430.02,2025-06-22 22:16:19.487728
4048,1115,savings,3709.42,2026-04-27 12:26:24.159125
4049,4612,checking,45545.89,2024-06-23 14:10:24.697506
4050,4290,checking,49948.7,2023-12-27 13:09:46.954698
4051,568,checking,13269.01,2025-08-22 23:10:22.132520
4052,675,checking,29760.83,2023-09-06 23:48:11.986316
4053,2756,checking,35149.47,2025-09-23 15:32:20.230319
4054,1675,savings,12426.16,2024-09-11 23:25:53.835864
4055,3142,savings,4130.19,2024-02-20 02:20:41.850637
4056,657,savings,5313.22,2023-10-11 10:22:50.036281
4057,4127,savings,15828.08,2023-06-24 00:14:27.788021
4058,3060,checking,34391.74,2025-07-04 22:05:45.971422
4059,3466,savings,42136.4,2024-04-23 05:42:10.376314
4060,3218,savings,8821.56,2025-03-24 04:15:38.681309
4061,4026,savings,12747.11,2023-11-29 03:45:47.043675
4062,1432,checking,630.58,2025-11-05 15:12:56.776012
4063,2684,savings,475.16,2026-03-15 03:37:19.661257
4064,4266,savings,20612.74,2023-10-25 22:27:51.705602
4065,4642,checking,7975.03,2023-06-28 07:24:47.388459
4066,2189,savings,4710.63,2024-12-31 00:36:22.454207
4067,2309,savings,6362.34,2025-02-14 18:05:33.965049
4068,3684,savings,34143.27,2025-07-28 03:41:08.851610
4069,1861,checking,21673.66,2025-01-17 04:50:19.204027
4070,4793,savings,6530.25,2024-03-11 07:27:07.922457
4071,3756,checking,46423.05,2024-11-28 20:15:58.430081
4072,2573,savings,40017.75,2026-04-18 23:17:01.351009
4073,3927,savings,31668.35,2025-09-06 18:31:36.852859
4074,4097,checking,26583.94,2024-04-17 15:42:03.665008
4075,3158,savings,25904.7,2025-12-13 22:00:10.516580
4076,237,checking,27036.26,2023-07-08 00:35:54.255581
4077,4557,checking,46002.73,2024-08-11 21:36:39.339257
4078,3755,checking,6624.04,2025-12-24 14:59:50.164231
4079,92,savings,39900.19,2023-11-20 16:49:28.428889
4080,3877,checking,14931.33,2024-08-26 11:38:27.447316
4081,4300,savings,44491.73,2024-05-24 22:08:53.636957
4082,562,checking,28289.27,2025-01-19 14:59:55.884550
4083,3869,savings,42836.61,2025-03-07 13:23:01.654487
4084,3873,checking,19406.5,2023-09-04 08:49:01.732394
4085,1757,savings,36812.15,2024-08-20 07:23:22.124523
4086,4497,checking,29239.38,2025-06-06 20:28:20.612845
4087,2551,savings,30117.5,2025-06-13 02:29:45.065500
4088,3436,savings,11715.12,2025-06-21 22:45:09.685734
4089,3820,checking,47269.82,2025-10-25 05:31:23.892616
4090,421,checking,9104.21,2023-06-14 03:46:44.487011
4091,3499,checking,1365.59,2025-12-10 16:24:45.266391
4092,3544,savings,4083.91,2023-08-14 13:45:25.069444
4093,715,savings,3442.75,2024-05-31 23:52:22.801738
4094,3985,savings,6803.02,2023-11-15 21:41:18.266352
4095,3102,checking,17023.83,2024-10-03 02:09:52.946385
4096,3799,checking,6519.07,2024-08-23 09:14:45.063149
4097,297,savings,48928.93,2024-11-27 00:00:49.831412
4098,1683,savings,29370.71,2025-03-01 21:07:52.977486
4099,2542,checking,20611.88,2026-02-09 09:05:09.380252
4100,4214,checking,28319.29,2023-11-20 03:45:49.961504
4101,1398,checking,47815.97,2024-06-29 02:26:06.922643
4102,2518,checking,12642.14,2024-02-26 11:03:52.636095
4103,3501,savings,39567.34,2023-10-05 04:18:24.825366
4104,2750,savings,40236.62,2024-09-03 22:40:25.529923
4105,2769,savings,32389.08,2025-10-23 03:22:36.291536
4106,2691,savings,3969.48,2025-01-24 13:44:45.898364
4107,1736,checking,20435.98,2024-04-25 14:21:12.526692
4108,1781,checking,33656.27,2025-07-05 05:12:36.424707
4109,4664,checking,47652.41,2025-09-15 19:10:49.660010
4110,4665,checking,31091.58,2024-08-28 10:45:02.074505
4111,560,savings,13917.48,2025-08-29 20:18:52.748382
4112,3311,checking,17129.22,2026-04-04 10:08:17.894937
4113,2356,checking,38216.01,2026-04-12 01:25:06.475825
4114,2178,checking,36254.37,2025-08-04 16:31:16.202353
4115,17,savings,21098.78,2025-02-16 23:04:16.585239
4116,392,savings,16098.46,2024-05-06 03:15:58.053718
4117,2983,savings,39636.51,2026-06-10 09:22:03.111396
4118,606,checking,7319.27,2025-05-09 15:06:23.095489
4119,1132,savings,16056.9,2025-01-13 00:43:39.595928
4120,1986,checking,47392.07,2024-01-17 14:51:26.729090
4121,915,checking,31356.96,2023-12-24 02:06:03.165558
4122,2442,checking,31200.17,2024-04-08 17:21:00.884275
4123,3688,checking,16342.35,2024-01-21 10:14:52.703459
4124,4129,savings,24858.55,2025-08-02 09:31:00.370865
4125,2719,checking,1888.03,2023-12-22 03:28:43.431544
4126,2738,savings,41527.79,2024-11-21 00:21:37.838222
4127,2740,checking,9405.91,2025-03-21 13:50:28.676728
4128,793,savings,22842.12,2024-06-19 10:55:38.450832
4129,2635,savings,2724.78,2024-05-16 01:19:37.026685
4130,1645,savings,39480.8,2024-01-28 10:42:48.760991
4131,4392,checking,17106.44,2025-04-09 22:45:38.004145
4132,43,savings,2107.13,2025-04-23 01:59:24.435504
4133,3445,savings,49385.42,2025-09-09 07:15:19.561329
4134,3819,checking,5318.34,2024-02-05 16:52:19.463897
4135,945,checking,12712.26,2026-02-07 17:02:23.826006
4136,879,savings,3105.58,2024-05-21 17:33:05.882961
4137,2664,savings,1704.15,2026-02-06 13:41:47.815130
4138,787,checking,32427.86,2024-12-12 18:12:17.787510
4139,1906,checking,34906.81,2023-10-11 01:22:03.881771
4140,1358,checking,47237.21,2024-10-19 20:56:13.507548
4141,2334,savings,11316.14,2026-04-01 01:33:28.951777
4142,285,savings,36628.54,2025-08-04 19:18:01.937485
4143,496,savings,36581.83,2025-04-20 06:29:01.997237
4144,1597,checking,21222.68,2023-06-21 09:21:22.752208
4145,2447,checking,20396.28,2023-10-23 16:56:28.641761
4146,2144,savings,22826.16,2026-04-08 04:44:16.145792
4147,3170,savings,1507.52,2023-12-27 18:15:48.575349
4148,947,savings,20892.57,2025-11-25 05:41:17.076722
4149,4872,checking,41467.53,2025-12-16 18:41:57.732840
4150,3267,checking,39287.99,2023-09-13 14:59:04.825068
4151,4037,checking,38385.43,2025-09-29 07:24:17.263431
4152,1902,checking,86.87,2023-07-17 13:59:51.538538
4153,4279,checking,26195.27,2025-01-07 06:38:32.093882
4154,3995,savings,39515.85,2024-08-29 04:26:04.577669
4155,4471,checking,7679.08,2024-10-30 13:38:59.454374
4156,1123,savings,39582.94,2025-10-31 12:10:36.025937
4157,421,checking,31752.88,2023-08-05 14:51:26.800929
4158,4884,checking,37321.82,2026-06-04 12:13:02.568493
4159,4851,savings,40857.62,2025-12-01 16:29:38.221195
4160,2865,checking,23794.84,2024-04-11 11:56:12.773396
4161,4753,savings,2197.14,2026-02-28 03:17:59.751062
4162,3983,savings,36354.85,2023-10-03 18:03:17.906104
4163,869,savings,13540.92,2023-12-12 17:37:04.085365
4164,1049,savings,10905.53,2023-12-14 23:18:44.184737
4165,696,checking,31808.78,2026-01-07 02:20:14.788529
4166,3503,savings,7511.1,2025-09-12 16:25:01.400514
4167,4913,checking,47644.8,2024-04-26 04:37:23.232149
4168,1453,savings,5432.7,2025-12-16 12:26:30.981314
4169,3239,checking,2284.28,2024-02-29 10:13:13.646028
4170,1414,savings,47531.55,2024-03-21 00:46:25.524130
4171,4950,savings,10941.21,2024-05-02 01:27:01.759384
4172,2786,checking,26325.35,2025-11-07 19:28:04.978714
4173,2341,checking,959.29,2026-03-15 06:16:56.290087
4174,1401,checking,13652.91,2024-01-13 11:26:03.075238
4175,639,checking,2985.01,2024-05-08 16:18:23.086301
4176,3127,savings,27220.22,2026-03-19 00:33:17.841893
4177,2392,checking,11707.46,2024-04-14 13:19:02.026639
4178,3055,checking,27897.25,2025-11-19 00:10:24.874763
4179,4402,checking,8661.68,2025-02-06 07:35:44.117846
4180,2814,savings,21138.98,2024-08-28 02:09:02.519418
4181,1690,savings,26494.93,2025-04-05 19:44:39.552135
4182,4778,checking,36395.02,2023-07-25 13:34:45.561283
4183,1524,savings,16770.34,2023-08-17 00:06:21.751641
4184,4164,checking,38408.34,2025-01-22 20:29:59.456982
4185,115,savings,21766.89,2025-09-08 17:51:36.935176
4186,1739,checking,33049.99,2024-01-23 20:34:51.846493
4187,4287,savings,16737.89,2026-06-08 18:12:46.904259
4188,845,savings,9235.48,2026-01-25 02:17:55.824714
4189,3533,savings,4625.27,2026-01-02 21:31:09.219481
4190,3294,checking,32963.75,2023-06-15 18:36:15.286322
4191,2317,checking,37185.47,2023-09-27 02:55:51.077652
4192,4686,checking,4902.4,2023-10-02 19:51:20.585574
4193,295,checking,41810.31,2023-10-07 01:15:51.870269
4194,1985,checking,10501.59,2025-06-10 03:54:05.598761
4195,4614,savings,27619.98,2024-07-10 02:48:42.649186
4196,1474,savings,47262.81,2026-01-11 06:16:29.440333
4197,1050,checking,17283.77,2023-07-31 04:19:36.992471
4198,897,checking,39950.89,2025-07-10 07:48:58.659867
4199,4646,savings,44386.67,2024-06-02 05:29:54.518661
4200,1576,savings,4371.3,2025-08-31 14:27:20.320023
4201,2173,checking,15388.02,2025-05-05 16:55:10.726392
4202,4787,savings,9965.96,2024-10-23 08:36:52.369167
4203,2308,savings,26269.78,2025-05-12 15:06:35.324919
4204,3326,checking,12786.31,2023-08-07 18:16:32.581607
4205,2000,savings,39950.73,2024-03-06 01:26:20.207328
4206,870,checking,45478.39,2025-05-11 01:40:24.702355
4207,4343,savings,16519.47,2025-12-07 14:50:47.182598
4208,495,savings,17780.33,2023-07-19 15:30:34.026863
4209,1309,savings,38944.47,2024-07-24 10:54:12.873409
4210,4518,checking,17959.86,2023-09-26 19:56:49.787609
4211,1690,checking,16620.05,2024-06-22 06:06:13.663840
4212,483,savings,2750.13,2026-01-19 06:26:28.208314
4213,728,savings,33934.85,2025-08-28 13:44:10.247158
4214,2311,checking,12712.18,2025-08-01 10:55:12.540963
4215,4798,checking,1987.47,2024-02-26 18:39:16.316362
4216,3550,checking,13494.15,2025-06-11 04:46:15.021055
4217,3883,savings,6092.05,2025-06-09 16:11:34.225461
4218,705,checking,39515.0,2025-01-30 02:05:47.516350
4219,3432,checking,13507.69,2025-04-11 17:30:43.288075
4220,2039,checking,31998.09,2025-03-30 07:16:18.546161
4221,2797,checking,10930.95,2026-02-07 03:00:36.615905
4222,2035,checking,11744.28,2023-07-03 14:48:39.391145
4223,1856,savings,15825.33,2025-01-04 07:20:58.422192
4224,2033,savings,49050.01,2025-01-16 02:37:29.032014
4225,1520,checking,22223.17,2026-01-02 05:48:51.530660
4226,2262,savings,5967.12,2024-01-25 07:57:01.300531
4227,1365,checking,43857.29,2025-04-14 13:16:21.481430
4228,2291,savings,12967.42,2026-04-15 23:23:19.285601
4229,365,savings,14370.47,2024-06-24 18:53:12.483062
4230,4808,savings,15860.06,2024-11-25 18:42:52.733995
4231,4081,savings,24088.54,2023-07-10 19:52:33.369244
4232,31,checking,36943.8,2025-03-30 19:26:20.271313
4233,2712,savings,12681.1,2023-07-05 08:26:57.067068
4234,4142,checking,42806.63,2024-05-12 18:22:04.611927
4235,4148,checking,11623.89,2023-07-01 05:07:48.506921
4236,785,savings,27916.46,2024-08-28 10:14:43.088228
4237,1641,checking,48078.26,2023-07-01 13:50:03.267966
4238,563,checking,16662.7,2025-01-02 09:40:53.838351
4239,490,savings,45681.35,2024-08-31 00:50:38.104600
4240,1738,checking,2850.03,2024-07-31 11:20:45.790905
4241,2337,checking,514.79,2025-10-27 08:54:49.127790
4242,2069,savings,18567.25,2024-10-29 14:57:10.728549
4243,1329,savings,45330.77,2023-06-19 04:19:44.747354
4244,1974,savings,47989.84,2025-07-14 02:19:42.250791
4245,3341,checking,39837.53,2025-10-15 01:33:40.462594
4246,4379,savings,15763.67,2024-10-26 17:28:36.056962
4247,148,checking,11136.1,2024-12-13 03:06:32.304029
4248,3975,checking,3112.45,2024-09-01 13:55:51.335445
4249,4002,savings,35953.22,2025-08-13 03:36:56.409251
4250,2673,checking,34581.79,2023-08-13 05:47:56.239205
4251,547,savings,9968.66,2026-06-07 05:20:58.163070
4252,4903,savings,43219.83,2025-12-26 17:31:34.616884
4253,700,checking,36503.92,2026-04-25 20:36:55.810518
4254,2793,savings,31892.82,2025-02-02 22:05:42.812256
4255,1432,savings,9271.29,2026-03-02 07:47:51.952909
4256,3653,savings,6477.63,2025-03-01 21:58:54.744770
4257,691,savings,19412.18,2025-03-21 22:40:31.727349
4258,2660,checking,14586.93,2025-07-28 01:20:59.790245
4259,2280,savings,25816.36,2025-04-25 13:08:45.552322
4260,2785,savings,15861.85,2023-06-16 06:41:18.502764
4261,4942,checking,5550.94,2024-02-29 10:41:11.879722
4262,2142,savings,16766.0,2025-06-18 09:19:11.627201
4263,2171,savings,44305.22,2024-01-12 06:48:16.094461
4264,3386,checking,37973.29,2026-03-20 01:29:54.656158
4265,2203,checking,6698.42,2026-02-14 21:48:38.660408
4266,748,savings,23311.51,2025-02-21 01:12:41.374085
4267,1235,checking,39303.34,2024-12-27 04:50:20.054976
4268,4525,savings,15734.5,2025-11-16 02:01:19.709074
4269,1303,savings,1125.31,2023-09-05 13:44:11.421138
4270,4781,checking,18259.31,2024-07-03 12:44:39.885947
4271,3109,savings,21381.39,2023-07-28 01:07:56.067981
4272,2093,checking,5114.63,2023-07-10 17:54:22.374567
4273,2604,checking,24301.78,2024-12-03 07:00:45.325756
4274,2257,savings,39814.05,2024-09-23 09:09:31.830844
4275,4134,savings,24768.91,2026-05-21 07:08:02.042783
4276,3553,savings,46802.37,2025-03-22 19:59:50.061754
4277,1895,savings,31202.87,2026-04-11 09:22:26.973260
4278,1011,checking,28198.38,2025-07-10 02:59:54.673150
4279,2508,checking,38047.14,2025-02-03 03:43:41.807569
4280,1508,checking,15730.84,2023-10-06 10:29:52.128044
4281,1246,savings,33229.7,2024-10-01 07:16:28.186731
4282,3640,checking,25644.14,2023-08-29 21:51:16.483579
4283,2263,checking,6509.04,2026-04-25 05:33:25.138123
4284,4228,checking,20125.19,2025-07-20 21:49:41.070846
4285,1073,checking,2453.49,2023-09-12 12:38:44.970449
4286,3990,savings,538.72,2024-08-27 09:50:43.661446
4287,3593,savings,19253.53,2025-06-03 20:15:57.504891
4288,3383,checking,13447.7,2023-12-01 22:58:11.349922
4289,1499,savings,25216.15,2024-01-05 21:16:54.752047
4290,2339,checking,14780.71,2024-07-28 13:15:36.917788
4291,4525,savings,39005.13,2023-06-23 11:37:22.325146
4292,1696,checking,49331.27,2024-11-20 08:48:51.254904
4293,351,checking,6195.39,2026-03-14 22:28:31.509011
4294,1795,checking,5692.28,2024-06-02 19:44:01.787762
4295,3221,savings,4735.03,2023-11-03 21:36:13.921276
4296,4773,savings,15791.98,2023-10-27 01:16:12.381687
4297,1115,savings,28873.58,2024-08-10 05:46:35.937539
4298,751,savings,38479.85,2024-02-20 01:55:12.296567
4299,1394,checking,13240.19,2024-02-15 09:43:09.815873
4300,2554,savings,11952.69,2025-05-19 04:46:16.699216
4301,4429,checking,18741.9,2024-01-30 14:36:57.043889
4302,4380,savings,46559.17,2025-10-11 03:37:45.331533
4303,4292,savings,37255.15,2026-03-07 00:11:27.429266
4304,171,savings,35277.38,2024-08-18 07:36:23.070064
4305,3642,checking,7951.46,2024-05-13 21:20:21.324639
4306,2644,savings,30915.78,2024-12-27 10:10:20.385208
4307,1743,checking,37296.46,2024-07-25 01:38:02.195316
4308,3238,checking,36351.07,2025-12-12 02:07:31.058591
4309,3467,checking,41948.65,2023-06-15 21:07:09.489752
4310,191,savings,34525.15,2025-07-26 21:02:08.231595
4311,4823,checking,38781.14,2023-11-12 12:56:52.322047
4312,3244,savings,19271.58,2025-05-16 05:12:36.620192
4313,3365,checking,4933.69,2024-05-09 16:42:40.005289
4314,3701,checking,38117.74,2023-09-23 07:20:15.720359
4315,4390,checking,21551.19,2024-03-06 00:21:22.250440
4316,2945,savings,25910.96,2025-12-03 18:03:19.072512
4317,4929,checking,3512.66,2023-11-30 23:34:40.484086
4318,217,checking,15931.42,2026-02-05 11:00:56.479715
4319,4734,checking,22174.92,2025-11-06 17:10:31.693412
4320,4511,savings,24224.98,2024-11-28 14:55:49.668998
4321,809,checking,23258.6,2025-05-11 10:19:36.883160
4322,3948,checking,37337.66,2023-07-12 23:43:00.263842
4323,1279,savings,35850.11,2024-05-23 22:03:59.936114
4324,2731,savings,7968.22,2024-04-22 01:07:12.470870
4325,4672,savings,38090.52,2024-12-06 22:02:58.166533
4326,2399,savings,40114.82,2024-04-07 05:08:37.874753
4327,3386,savings,9663.62,2025-10-30 03:51:56.083716
4328,4302,savings,45229.75,2026-05-04 10:52:43.086648
4329,142,checking,18172.5,2023-12-04 19:07:07.758162
4330,3685,checking,21439.06,2024-08-11 15:09:41.927424
4331,3154,checking,7007.92,2024-12-28 21:33:35.260482
4332,679,checking,24675.55,2023-09-12 18:53:51.422640
4333,1074,savings,24387.79,2025-03-17 00:38:24.120891
4334,261,savings,8570.99,2023-12-06 08:13:13.286314
4335,4146,savings,29800.26,2024-01-10 21:25:08.095473
4336,223,savings,23513.83,2026-04-18 02:05:46.737328
4337,325,checking,49637.36,2023-10-03 11:22:02.640281
4338,4711,checking,22012.85,2026-01-13 21:05:27.024320
4339,2534,checking,21543.29,2024-05-02 02:18:54.326597
4340,3467,savings,23399.52,2025-05-10 05:42:32.113300
4341,826,savings,36513.12,2025-04-13 04:57:24.925156
4342,1072,checking,13662.77,2025-10-07 21:43:06.484916
4343,4738,savings,13439.79,2025-08-24 03:28:23.228740
4344,3279,checking,165.37,2025-07-11 12:03:17.352052
4345,2682,savings,22337.89,2024-06-08 23:41:15.255136
4346,134,checking,23743.72,2025-02-21 17:16:13.194797
4347,4606,checking,34272.28,2024-01-25 14:39:43.597980
4348,2884,savings,20699.68,2026-03-04 02:28:32.936258
4349,4612,savings,16137.7,2025-06-21 01:25:58.039401
4350,2992,savings,18585.45,2023-11-14 18:32:45.398642
4351,2526,checking,48087.34,2024-08-08 02:43:35.022158
4352,3577,savings,19254.6,2024-01-02 11:31:58.052151
4353,4756,checking,14167.08,2024-12-15 00:30:57.994699
4354,2224,checking,27688.47,2026-01-21 11:15:25.249294
4355,2237,savings,28970.66,2026-02-26 14:10:17.817764
4356,1663,checking,6541.93,2025-05-23 08:59:04.100381
4357,3487,checking,33799.16,2026-01-11 14:31:21.030469
4358,2236,savings,5339.23,2024-09-22 06:11:46.444653
4359,1176,savings,27694.02,2025-11-26 20:19:26.374099
4360,2708,checking,49027.55,2024-11-15 16:53:37.059959
4361,4035,checking,38725.43,2025-05-23 13:04:15.157732
4362,2171,savings,11549.84,2025-03-03 00:54:24.132674
4363,2897,savings,6434.1,2025-06-18 01:53:06.237895
4364,1153,savings,5849.93,2024-01-26 04:48:14.411359
4365,1525,checking,43512.83,2024-03-05 19:14:54.373366
4366,4791,savings,27647.77,2023-08-11 16:54:02.579252
4367,2682,checking,13324.8,2023-07-06 01:13:08.167518
4368,3467,savings,29588.6,2025-11-26 01:59:18.917220
4369,2037,savings,17746.72,2024-06-10 13:56:44.392140
4370,22,checking,45062.65,2025-06-29 05:52:22.923733
4371,3083,checking,39073.3,2025-06-04 10:07:20.940267
4372,3187,savings,42880.14,2025-01-11 01:39:10.858772
4373,3116,checking,3712.16,2024-01-19 10:49:52.340333
4374,1245,checking,6587.71,2024-08-15 04:49:06.208545
4375,2769,savings,19389.06,2025-04-10 09:23:50.870658
4376,4520,checking,27631.44,2025-08-15 17:28:40.585984
4377,3134,checking,37527.22,2026-06-12 14:43:58.309365
4378,4022,savings,12975.87,2025-07-16 14:30:55.012918
4379,3576,checking,37678.02,2024-07-23 23:35:35.514993
4380,165,savings,28620.67,2026-03-16 18:25:54.237694
4381,1762,checking,20340.71,2025-07-23 21:12:16.520816
4382,1356,checking,15392.73,2025-03-23 09:15:31.375436
4383,3044,checking,6130.37,2025-10-02 16:10:32.102512
4384,1522,savings,44530.87,2025-06-20 18:33:21.617633
4385,1907,checking,27930.74,2026-02-04 20:30:39.952383
4386,4527,savings,33535.89,2024-02-18 13:18:01.662834
4387,864,savings,12128.19,2025-04-19 13:17:38.616373
4388,2297,checking,4385.2,2026-05-18 13:47:38.293278
4389,456,savings,18712.67,2024-02-18 02:50:13.163455
4390,3441,savings,24514.89,2025-03-30 05:16:31.857157
4391,4354,savings,5643.16,2024-04-27 19:45:46.582546
4392,2048,checking,16660.13,2025-07-27 01:12:01.099387
4393,3390,checking,7652.03,2024-07-31 01:38:42.228497
4394,1498,checking,17827.62,2025-02-10 20:07:47.492049
4395,3906,savings,41723.4,2026-03-13 00:06:46.615554
4396,3681,checking,42935.72,2023-11-02 04:34:44.513358
4397,1810,savings,40249.13,2026-05-29 16:22:21.940808
4398,3025,savings,16309.1,2024-03-14 16:21:33.494509
4399,1902,checking,12472.04,2024-05-17 07:36:50.226596
4400,705,savings,11516.4,2025-09-26 03:36:26.575950
4401,1275,savings,22079.59,2026-01-23 01:37:49.379984
4402,3662,checking,42093.46,2024-01-09 03:58:02.543422
4403,473,savings,42059.83,2024-04-19 19:00:01.722380
4404,3891,checking,46275.51,2024-11-15 17:03:19.264405
4405,4688,checking,38487.88,2024-06-11 12:31:11.819985
4406,398,savings,13030.75,2026-03-31 01:20:06.902475
4407,1101,checking,34685.98,2025-07-29 09:26:17.492512
4408,2544,savings,27947.18,2026-03-19 06:01:31.453377
4409,1341,savings,12836.6,2024-10-05 13:26:21.330223
4410,79,checking,11989.14,2023-07-04 20:16:04.279761
4411,1854,checking,39973.7,2024-08-31 20:11:07.482738
4412,607,savings,20857.43,2024-07-27 16:15:34.573245
4413,2970,savings,14317.99,2024-08-24 19:21:26.048221
4414,806,checking,24822.38,2025-04-02 12:20:34.431487
4415,1753,savings,7021.68,2024-08-11 15:56:34.823432
4416,401,checking,27814.25,2023-11-24 22:38:27.205218
4417,2447,savings,486.31,2026-05-14 20:31:41.873287
4418,1115,savings,34185.35,2025-06-21 01:31:40.439786
4419,142,savings,24999.86,2025-12-31 00:56:48.917178
4420,4454,savings,25040.63,2026-03-20 08:54:50.372023
4421,4121,savings,43267.81,2025-12-10 05:57:06.340646
4422,926,checking,49489.38,2025-09-09 01:01:55.010585
4423,4528,checking,39130.18,2025-09-15 18:48:36.842468
4424,1107,savings,12995.1,2024-06-14 06:04:27.087075
4425,651,checking,12826.37,2023-08-25 08:50:02.629860
4426,1367,checking,4787.11,2023-11-18 00:41:53.493052
4427,681,savings,20424.87,2025-01-31 05:05:40.287958
4428,2674,checking,27838.78,2025-08-08 07:01:42.825916
4429,2634,savings,11938.12,2026-05-09 09:53:52.316189
4430,4998,checking,47166.64,2024-12-20 05:38:48.128742
4431,4018,checking,46.39,2025-06-01 11:00:30.459154
4432,849,savings,17422.22,2024-11-15 23:07:54.553224
4433,773,savings,3990.92,2026-02-16 18:16:03.937847
4434,2614,checking,27140.39,2024-04-09 16:49:26.624819
4435,1768,checking,32970.65,2025-02-13 05:49:34.266842
4436,4728,savings,36104.49,2025-11-22 21:40:46.641193
4437,4922,savings,21223.31,2024-05-22 05:13:31.328116
4438,4139,savings,34952.48,2024-04-11 19:10:23.538836
4439,2142,savings,44629.83,2024-12-11 23:00:31.816158
4440,1376,checking,32868.66,2026-01-12 20:39:54.987821
4441,4400,savings,7934.86,2025-10-29 15:18:49.543433
4442,4744,checking,34783.45,2026-06-09 20:25:38.165249
4443,4786,checking,19685.91,2026-04-28 17:18:28.824438
4444,251,checking,47803.92,2023-11-01 11:49:42.052475
4445,1980,savings,43267.42,2025-07-08 07:00:18.715667
4446,3781,checking,24917.5,2026-04-30 21:51:46.321742
4447,4533,savings,23785.95,2023-07-31 05:55:53.796884
4448,2790,savings,14822.61,2025-06-01 22:20:25.472519
4449,130,checking,25188.97,2023-11-22 06:13:42.061223
4450,1905,savings,19236.61,2025-10-31 07:52:40.116304
4451,1823,savings,22435.03,2023-06-20 23:38:15.090108
4452,1592,savings,25259.15,2026-05-28 03:14:16.821468
4453,1807,savings,3893.61,2024-08-18 05:56:28.959984
4454,294,savings,45174.33,2025-12-06 08:28:27.366458
4455,170,savings,39992.88,2025-11-02 02:40:59.190493
4456,3303,checking,49465.52,2024-04-17 13:28:39.179860
4457,1580,savings,2448.56,2025-05-07 17:14:21.872977
4458,815,checking,9005.62,2024-12-22 08:25:44.747732
4459,3862,checking,33611.08,2025-06-02 08:08:06.338607
4460,803,checking,49821.55,2023-07-30 16:44:59.638189
4461,1251,savings,29799.01,2023-07-28 00:17:39.470570
4462,4765,savings,21448.64,2025-10-14 11:00:06.854421
4463,3924,savings,48993.71,2024-10-15 06:23:10.678076
4464,794,checking,18337.64,2024-09-22 07:16:03.757560
4465,4388,checking,39579.37,2025-11-12 11:43:38.916733
4466,3126,savings,27888.36,2024-05-31 15:34:45.158715
4467,4398,checking,22808.89,2025-04-02 20:28:40.717284
4468,3774,savings,11627.02,2024-12-21 03:37:49.138692
4469,2857,savings,7318.13,2024-07-15 13:50:14.366613
4470,2531,savings,258.26,2025-06-27 15:06:54.151891
4471,3782,checking,15153.95,2023-07-27 18:35:03.687000
4472,569,checking,30591.44,2023-11-06 21:00:27.655143
4473,458,savings,1788.23,2025-01-10 13:59:33.141802
4474,3495,savings,15483.42,2025-08-26 04:46:28.181199
4475,2209,savings,7264.25,2025-07-04 12:12:54.298076
4476,3783,savings,32318.14,2025-09-13 18:47:52.773405
4477,4641,savings,31487.27,2024-01-09 01:05:34.298276
4478,2346,checking,22239.14,2025-04-02 02:28:49.851157
4479,2482,savings,39935.8,2023-12-09 21:15:44.335407
4480,1008,checking,37935.25,2024-03-03 08:47:47.128201
4481,4369,checking,22627.9,2025-06-14 01:06:13.831582
4482,3493,checking,43759.42,2025-02-20 01:25:55.816590
4483,3428,checking,334.74,2024-08-28 06:33:04.358858
4484,1360,checking,8986.43,2024-06-18 13:19:58.727894
4485,3319,savings,37789.05,2025-01-22 07:15:17.021083
4486,1917,checking,1842.66,2025-03-07 17:49:19.654100
4487,1990,checking,6487.27,2026-04-22 09:41:36.584688
4488,1540,checking,11684.35,2026-04-24 18:50:10.807672
4489,4251,checking,29311.52,2024-04-28 19:36:42.589342
4490,3570,savings,11740.77,2025-12-05 07:26:57.492405
4491,2588,checking,47053.5,2026-01-27 19:05:38.050408
4492,794,savings,5351.93,2025-10-05 17:51:20.839879
4493,685,checking,36137.54,2024-06-24 21:31:36.233757
4494,4563,savings,9849.33,2024-09-19 05:09:19.471036
4495,4565,savings,45958.4,2023-11-14 08:44:50.852841
4496,4188,savings,33482.51,2023-12-01 00:39:57.333790
4497,3343,checking,19541.23,2023-10-16 04:51:16.075750
4498,3111,savings,13272.24,2023-08-08 09:06:59.859161
4499,1201,savings,19488.16,2024-01-19 18:05:27.682984
4500,137,savings,40206.12,2024-10-21 04:35:25.466527
4501,4362,checking,4522.8,2026-04-23 02:51:25.105469
4502,3504,savings,46940.23,2026-05-17 17:40:25.577741
4503,2024,checking,28904.88,2024-05-25 22:03:49.605301
4504,348,savings,37393.32,2025-01-11 05:26:41.807776
4505,2919,savings,41525.35,2025-07-16 18:31:21.219444
4506,3324,savings,6742.42,2023-08-21 03:14:23.825024
4507,3929,savings,38113.02,2024-08-08 19:50:06.374717
4508,225,checking,25278.92,2026-03-27 12:28:03.875671
4509,305,savings,14760.67,2025-02-22 02:51:37.726245
4510,2446,savings,48557.01,2026-04-21 14:05:12.970871
4511,4488,checking,44953.48,2024-11-04 09:04:00.621445
4512,1067,savings,2275.37,2026-04-23 00:56:01.545931
4513,451,savings,12261.08,2024-10-20 01:50:28.252966
4514,2645,savings,37602.98,2023-10-29 01:28:39.160038
4515,3199,savings,18734.03,2024-10-29 09:45:18.675192
4516,3779,savings,29105.72,2024-10-19 20:36:54.461494
4517,1882,checking,4750.58,2024-03-18 03:46:56.263696
4518,3474,checking,25768.28,2024-03-05 23:40:20.627270
4519,2947,checking,37035.87,2026-02-26 01:14:15.216961
4520,4724,checking,5366.74,2025-10-07 00:44:14.293039
4521,525,savings,36374.62,2025-10-19 17:48:59.980410
4522,4409,savings,44257.8,2024-04-30 08:59:22.398578
4523,3181,checking,3940.9,2023-07-13 13:29:08.206024
4524,1510,checking,42633.79,2025-01-01 21:51:40.876302
4525,1617,savings,21660.29,2025-10-01 19:49:37.537722
4526,1279,checking,20355.98,2025-03-06 03:41:36.112865
4527,308,checking,429.93,2023-09-15 04:39:53.363177
4528,3437,checking,43449.04,2024-01-28 15:39:07.189193
4529,1147,checking,29970.23,2025-04-17 07:24:39.269320
4530,2222,savings,78.72,2023-12-25 07:35:34.232235
4531,4514,savings,18309.31,2023-08-05 10:25:59.605209
4532,858,savings,31804.93,2024-04-02 02:18:04.740332
4533,4656,savings,29445.0,2024-09-02 17:28:33.540644
4534,2376,checking,45889.07,2025-05-12 22:28:42.219319
4535,2200,savings,13401.54,2024-09-12 19:27:58.929280
4536,2948,checking,7531.09,2025-05-02 05:45:53.805786
4537,3162,savings,14222.61,2026-05-01 21:01:55.440897
4538,272,checking,48437.53,2025-11-05 23:32:35.005898
4539,1240,savings,14374.08,2025-12-17 10:35:34.804071
4540,2151,savings,28338.25,2025-09-03 16:29:29.056780
4541,769,checking,28407.72,2024-06-23 02:51:30.160208
4542,3335,checking,14733.38,2025-06-04 17:54:08.776987
4543,503,checking,13762.48,2023-09-28 07:38:27.552544
4544,1219,savings,49595.24,2025-01-20 16:10:37.134249
4545,74,savings,28480.22,2023-12-27 22:00:00.442020
4546,4741,checking,21756.72,2024-03-25 20:15:04.542521
4547,364,checking,14431.2,2024-02-17 10:49:22.251147
4548,4160,checking,33535.18,2023-06-27 21:28:12.741790
4549,1167,checking,9279.94,2026-05-31 17:17:20.952130
4550,2348,checking,47901.52,2025-07-16 04:22:18.450078
4551,3539,checking,31052.16,2023-10-03 16:40:55.520953
4552,953,checking,1866.17,2024-04-09 13:28:22.846097
4553,381,checking,15065.25,2025-06-07 19:41:33.948966
4554,4492,checking,3265.77,2026-02-18 06:09:24.412871
4555,4137,savings,45236.51,2024-04-07 02:17:58.088115
4556,2176,savings,16563.41,2025-02-11 22:27:39.501829
4557,3544,savings,48950.9,2023-09-26 01:17:32.186847
4558,3109,savings,26232.91,2023-11-13 23:08:23.382261
4559,1841,checking,49605.03,2024-11-29 10:47:18.457905
4560,1853,checking,4594.69,2024-08-27 06:14:15.240006
4561,3654,checking,45921.07,2024-02-25 06:15:01.605630
4562,2504,savings,22526.04,2023-07-14 21:09:38.005921
4563,2022,checking,769.78,2026-02-22 10:46:33.532136
4564,1495,checking,36038.75,2024-08-12 19:47:21.609605
4565,3906,savings,45499.48,2024-03-17 10:04:56.844523
4566,2026,checking,36724.1,2023-10-20 12:03:49.067690
4567,1460,savings,43518.73,2023-11-30 02:39:13.832741
4568,1891,savings,32392.09,2026-05-11 14:09:20.559810
4569,3167,checking,24030.86,2023-10-25 10:25:57.881727
4570,263,savings,34089.84,2024-01-27 20:15:20.699104
4571,304,savings,11067.35,2025-09-22 12:45:04.027797
4572,4201,savings,46149.35,2025-02-01 19:37:55.493785
4573,2706,checking,42897.61,2024-08-29 07:27:24.521050
4574,1389,checking,46085.75,2024-11-29 20:20:14.320612
4575,781,checking,4012.81,2025-12-25 00:32:55.285806
4576,4366,savings,28059.12,2026-05-07 06:57:34.569689
4577,3216,checking,25075.8,2023-07-26 02:50:50.844035
4578,3466,checking,12776.19,2023-07-16 10:06:30.736428
4579,4944,savings,2496.12,2024-04-11 09:49:44.404185
4580,1565,checking,13130.24,2023-11-26 05:39:53.721147
4581,1706,savings,36605.29,2023-08-26 01:28:40.840338
4582,3015,savings,31076.11,2025-02-04 08:11:24.099988
4583,4034,savings,34809.35,2024-04-22 12:29:57.382280
4584,1316,savings,9964.87,2025-09-10 17:50:37.090082
4585,4960,savings,47458.22,2026-06-07 06:51:25.156255
4586,3218,checking,19853.58,2023-07-15 19:48:00.855779
4587,2120,savings,33780.13,2024-01-25 02:38:16.710460
4588,2912,checking,15527.16,2023-08-21 08:16:08.556479
4589,3376,savings,44400.16,2023-12-25 16:11:30.670850
4590,706,checking,39028.8,2024-06-14 04:31:31.925705
4591,4040,savings,2951.98,2024-03-16 05:04:01.075260
4592,3921,savings,10784.2,2025-01-18 09:47:49.564287
4593,1192,savings,7246.35,2023-06-26 20:07:08.649462
4594,2249,savings,5252.8,2024-07-31 21:36:31.325501
4595,2842,savings,37556.6,2024-02-03 04:58:14.815378
4596,2894,checking,19020.78,2024-01-14 09:10:49.867701
4597,3267,checking,15449.91,2026-05-27 10:27:27.007515
4598,3107,savings,28423.39,2025-12-20 00:50:23.148318
4599,4113,savings,42142.73,2025-12-12 11:46:14.273264
4600,2729,checking,33826.32,2025-06-17 17:22:35.535837
4601,3336,savings,34302.8,2023-08-02 04:07:47.906298
4602,1675,checking,46350.43,2023-11-09 13:55:58.596508
4603,2871,checking,38997.86,2023-12-30 07:44:12.900073
4604,3543,savings,46863.14,2023-09-03 20:43:54.057131
4605,76,savings,25602.31,2024-08-27 21:30:48.616608
4606,3887,savings,23393.99,2024-07-05 04:20:49.731980
4607,4062,checking,19910.76,2026-03-31 13:04:58.217596
4608,3057,savings,23456.42,2025-03-19 01:03:27.552997
4609,3807,savings,29668.75,2025-01-18 08:21:19.442832
4610,3374,savings,27853.0,2024-07-08 03:29:30.118144
4611,3831,checking,48142.84,2024-08-29 15:05:21.800315
4612,109,savings,10895.06,2024-05-30 06:27:39.682149
4613,1535,savings,23935.52,2025-05-27 15:13:52.516021
4614,4736,checking,28195.4,2023-10-11 17:03:09.201453
4615,158,savings,37246.62,2024-11-08 18:06:01.762780
4616,3630,checking,12712.69,2024-12-05 22:20:14.699083
4617,3880,checking,30318.72,2024-06-30 21:09:41.634583
4618,3881,checking,42170.71,2024-07-24 22:41:57.789255
4619,4753,savings,27636.46,2025-10-12 04:13:44.243581
4620,2793,savings,8714.28,2025-04-09 15:05:02.271683
4621,2279,savings,40856.86,2025-04-24 14:53:34.267265
4622,2109,checking,28533.98,2025-01-01 15:08:42.076533
4623,2000,checking,5258.03,2025-11-14 08:11:54.495295
4624,2596,savings,29406.19,2026-03-15 23:04:10.024832
4625,1481,savings,43423.1,2023-08-13 05:23:59.698200
4626,3994,savings,35631.55,2023-08-10 07:06:54.868724
4627,3659,checking,44167.26,2025-10-26 17:19:01.210687
4628,4858,savings,42657.53,2024-09-09 19:42:41.263592
4629,3550,savings,1018.61,2024-12-17 06:42:16.522808
4630,2333,savings,21000.74,2025-10-06 06:01:00.971855
4631,3255,savings,28227.82,2025-05-12 18:12:36.041923
4632,447,savings,14102.98,2025-12-17 11:07:13.709023
4633,3175,savings,9468.63,2024-11-10 18:29:17.590658
4634,3473,savings,18209.76,2024-04-09 11:33:58.269742
4635,1502,savings,22801.47,2023-07-02 19:55:29.051254
4636,1783,savings,4005.2,2024-10-16 05:40:00.210200
4637,124,checking,15265.83,2023-10-22 15:33:24.377751
4638,1968,savings,17996.55,2026-03-27 12:10:58.013176
4639,1793,checking,35400.44,2025-05-16 06:37:10.430355
4640,1391,checking,30072.81,2023-12-02 12:02:12.633624
4641,179,savings,19283.17,2024-04-27 11:28:07.942302
4642,130,checking,49927.57,2024-04-30 20:40:19.531979
4643,104,savings,29457.7,2025-10-06 18:29:07.054545
4644,651,savings,19554.05,2026-03-19 12:40:51.823446
4645,3438,savings,31843.11,2024-12-08 13:09:49.276433
4646,662,savings,3331.93,2025-04-25 00:28:47.851355
4647,2108,checking,26770.69,2024-08-29 01:17:12.609069
4648,4626,savings,11522.18,2024-02-07 21:38:59.485445
4649,3498,checking,27809.08,2024-11-20 16:34:08.564860
4650,3105,savings,27666.27,2024-09-03 05:39:11.566875
4651,2812,savings,21933.04,2025-02-24 13:26:59.766173
4652,4468,checking,42474.01,2024-05-29 11:07:17.377309
4653,2739,checking,32858.51,2024-03-04 01:32:44.837547
4654,1273,checking,36422.39,2024-12-07 07:14:11.181447
4655,597,savings,40.96,2023-07-01 11:40:36.139509
4656,2828,checking,32969.89,2026-04-20 05:42:56.316446
4657,644,checking,10016.72,2024-01-22 10:34:51.441551
4658,146,checking,18272.29,2024-04-22 00:11:03.279599
4659,2201,savings,6018.13,2025-03-11 10:39:00.274750
4660,1314,checking,47318.96,2026-03-25 14:26:38.896466
4661,1991,checking,34153.84,2024-04-07 03:47:58.867569
4662,4967,checking,39678.44,2023-12-09 17:20:54.264570
4663,2992,savings,32865.9,2025-10-28 06:58:13.036937
4664,2835,savings,9308.96,2024-11-23 23:48:30.798894
4665,4630,checking,27488.31,2024-12-04 01:45:29.237020
4666,2868,savings,37851.72,2026-03-05 22:14:04.491791
4667,23,checking,2760.21,2024-07-14 23:13:09.746984
4668,4182,checking,18010.84,2026-05-31 08:46:31.996561
4669,811,savings,3322.8,2025-09-18 07:07:25.616496
4670,853,checking,42613.04,2023-07-16 07:15:27.046227
4671,3325,savings,17687.1,2024-11-05 05:27:20.259087
4672,1836,savings,37350.87,2024-07-18 07:51:41.944558
4673,2065,checking,32873.19,2024-10-13 03:13:09.731264
4674,3380,savings,39682.09,2023-11-26 00:54:15.720469
4675,3166,checking,7196.59,2026-03-12 16:03:05.237712
4676,4187,checking,26021.45,2025-08-06 10:46:36.620325
4677,3843,savings,28636.6,2024-03-28 20:56:38.839438
4678,4821,checking,8419.07,2025-10-28 04:49:49.406440
4679,4348,checking,11793.88,2026-03-16 05:00:51.913396
4680,607,savings,22370.7,2025-08-01 12:57:58.320830
4681,20,savings,29158.75,2024-03-26 23:05:00.937773
4682,3408,checking,813.13,2025-08-18 03:59:07.674479
4683,3255,checking,29295.82,2025-08-09 09:32:45.111248
4684,4741,savings,30355.01,2024-05-19 23:52:34.544153
4685,4618,checking,18068.73,2023-12-15 21:09:03.207437
4686,1294,savings,45705.29,2026-04-21 12:34:22.213522
4687,4309,checking,18595.36,2025-09-10 11:05:24.125283
4688,2063,checking,22992.0,2026-02-11 14:37:37.735582
4689,301,savings,20225.2,2024-04-08 20:11:29.519355
4690,3217,checking,29954.64,2024-01-10 13:26:38.699824
4691,1752,savings,40731.74,2024-02-26 18:37:30.845680
4692,727,checking,40732.13,2025-11-27 16:44:31.158957
4693,4318,savings,4053.66,2024-02-12 08:12:28.099081
4694,3083,savings,10639.66,2025-12-12 09:59:19.374137
4695,2858,checking,18920.86,2024-01-25 07:25:43.032235
4696,3092,checking,32626.04,2025-08-27 20:35:50.067981
4697,4722,checking,14215.19,2025-12-15 17:33:34.506271
4698,3576,checking,40860.28,2025-07-15 02:46:17.291424
4699,3616,savings,32521.03,2025-05-06 03:51:16.642290
4700,2844,checking,4754.28,2024-09-11 16:45:04.937270
4701,187,savings,11371.74,2023-10-02 03:08:23.350622
4702,4293,checking,44079.78,2026-01-01 21:40:00.463738
4703,175,checking,10351.51,2023-06-15 19:44:24.084611
4704,3192,savings,10184.61,2023-09-17 03:33:05.343187
4705,4578,savings,1608.22,2023-06-21 17:42:11.410173
4706,98,checking,9587.16,2025-10-19 21:17:42.644683
4707,2408,savings,2257.71,2024-07-01 06:06:26.171614
4708,3755,checking,4778.41,2023-09-16 19:25:05.298571
4709,782,checking,20702.22,2025-07-22 08:41:06.842213
4710,1826,checking,13261.43,2024-04-16 21:52:32.382418
4711,4832,savings,47993.74,2025-07-13 19:54:53.365702
4712,2076,savings,43009.84,2025-06-05 13:39:21.140339
4713,203,savings,32465.67,2023-12-25 23:20:20.078889
4714,4745,savings,27235.88,2025-05-04 06:25:01.623019
4715,3074,savings,46759.88,2023-08-02 11:58:00.755687
4716,3521,savings,9362.02,2024-06-28 19:54:40.722785
4717,2273,savings,12361.72,2025-07-28 13:37:53.783576
4718,609,savings,46846.11,2024-01-02 02:43:09.785003
4719,3320,savings,8084.55,2024-06-26 20:26:56.211769
4720,3207,savings,11855.15,2024-03-19 22:01:57.855577
4721,3631,checking,44154.29,2025-05-07 15:21:05.795066
4722,2433,checking,31835.39,2026-02-15 10:29:34.761035
4723,708,checking,7268.46,2024-03-02 01:49:56.628417
4724,3631,checking,4574.29,2024-07-14 11:33:35.880394
4725,3645,savings,14697.57,2025-03-24 03:27:16.606599
4726,2411,savings,23269.0,2024-02-09 21:22:39.687944
4727,502,checking,8157.54,2024-08-20 05:06:51.571738
4728,1872,savings,2142.72,2023-12-13 09:58:50.539797
4729,4343,checking,3354.47,2026-01-11 07:07:36.801365
4730,2224,savings,5792.36,2024-09-20 18:05:48.226658
4731,4270,checking,2333.79,2025-05-16 14:57:51.326722
4732,430,checking,29985.07,2024-12-04 20:10:01.597443
4733,4305,checking,45688.64,2024-03-03 03:26:45.780020
4734,1678,checking,37604.34,2026-06-03 19:12:06.010248
4735,2889,checking,4859.68,2026-03-09 12:10:04.765048
4736,89,checking,12506.06,2023-09-28 16:56:16.581958
4737,3506,savings,42287.44,2025-01-15 08:42:55.814004
4738,1957,savings,46792.48,2025-11-27 01:59:36.728699
4739,1498,savings,45474.37,2024-02-13 23:09:09.403987
4740,2397,savings,34221.08,2024-08-08 02:17:09.160468
4741,1901,savings,5426.17,2023-06-15 10:43:56.173943
4742,83,savings,10609.47,2023-08-08 19:53:35.038759
4743,2987,checking,21222.31,2025-07-16 19:04:49.971628
4744,852,checking,21440.08,2025-04-23 21:22:19.984742
4745,1669,checking,33455.16,2026-03-05 10:53:16.710524
4746,3426,savings,13722.12,2025-05-05 10:27:28.090620
4747,2241,savings,6758.36,2023-07-08 15:21:31.849134
4748,4394,savings,26003.56,2026-06-11 19:50:02.663495
4749,3736,savings,36591.62,2023-08-12 01:29:44.381608
4750,4312,savings,9266.81,2023-06-16 18:16:41.981034
4751,2841,checking,14423.48,2026-05-28 14:33:55.354773
4752,4119,savings,33796.94,2024-11-14 07:40:44.043203
4753,2758,checking,19802.51,2025-07-12 07:14:54.502299
4754,683,checking,26037.6,2026-03-11 10:29:48.756608
4755,1248,checking,11362.5,2024-02-11 20:48:23.836063
4756,4010,checking,12609.75,2025-09-04 06:12:53.569713
4757,3010,savings,1144.05,2024-09-04 07:30:40.049039
4758,1879,checking,6804.44,2025-02-15 18:16:50.719193
4759,869,savings,22264.72,2025-04-01 03:57:57.634203
4760,3291,checking,39390.24,2025-03-13 20:33:00.876311
4761,3374,savings,4791.63,2025-04-17 13:59:43.340030
4762,4354,savings,31022.98,2026-06-03 01:57:53.354036
4763,146,checking,14839.5,2025-01-19 12:07:11.762777
4764,20,checking,34834.27,2024-05-23 16:09:44.815047
4765,735,savings,5209.96,2024-05-13 08:01:52.973240
4766,3810,checking,45817.99,2025-07-12 15:40:44.175727
4767,4830,checking,21085.74,2023-06-16 23:41:30.262420
4768,1222,checking,11000.01,2024-11-09 08:49:25.227399
4769,4016,savings,13275.12,2024-01-05 10:24:35.031058
4770,2845,checking,13161.39,2025-12-13 03:00:11.772995
4771,2601,savings,10751.11,2023-10-24 23:43:42.104416
4772,1896,checking,38684.73,2023-11-08 07:50:11.971013
4773,3769,savings,36243.95,2023-12-15 00:01:51.521766
4774,4499,savings,3175.04,2025-03-18 02:43:26.995929
4775,1541,checking,14524.63,2024-12-30 23:38:13.472020
4776,3774,checking,4765.79,2026-05-20 02:54:23.128635
4777,1371,checking,3825.62,2024-10-14 22:28:54.261638
4778,2957,checking,39374.48,2026-05-14 00:11:06.804426
4779,60,savings,37072.57,2025-09-20 03:55:40.097847
4780,1136,checking,45712.06,2024-03-14 02:10:15.372327
4781,3096,savings,29943.4,2024-01-12 05:12:42.182470
4782,3370,savings,23619.63,2025-03-27 17:27:30.910475
4783,3809,savings,23638.9,2024-08-29 21:32:16.632923
4784,2175,savings,9190.73,2023-08-08 02:36:01.537024
4785,4311,savings,753.87,2023-07-14 07:56:48.847295
4786,968,checking,30368.41,2023-11-25 20:17:56.002537
4787,3340,savings,11295.71,2025-12-21 02:19:04.971811
4788,4298,checking,24885.35,2026-05-11 14:51:56.597154
4789,4217,checking,6135.9,2025-10-17 21:19:44.222102
4790,3174,checking,15804.33,2023-12-18 12:25:34.065748
4791,763,checking,6592.14,2024-05-05 02:12:27.678359
4792,4974,checking,26563.52,2025-09-30 08:04:14.808132
4793,4504,savings,48898.3,2024-11-08 03:17:42.458540
4794,2474,savings,5964.89,2025-02-17 10:15:39.857503
4795,4070,savings,23860.67,2026-01-28 22:48:31.110601
4796,1354,savings,10560.55,2024-02-21 00:03:11.150624
4797,373,checking,33280.76,2024-01-02 06:25:27.780716
4798,2286,checking,37703.1,2025-07-16 02:15:50.741772
4799,4888,savings,5035.76,2024-07-02 14:24:44.758628
4800,3528,checking,3524.2,2025-05-28 16:03:48.871683
4801,3784,savings,36728.93,2023-07-21 07:04:24.409319
4802,957,savings,22022.53,2026-06-03 22:53:40.779825
4803,4804,checking,41337.02,2024-04-07 07:43:17.461540
4804,213,checking,7261.04,2024-01-11 10:16:29.534519
4805,1583,checking,43181.37,2024-07-13 07:03:31.096180
4806,370,checking,39268.99,2025-03-20 12:51:47.044756
4807,1284,checking,45969.1,2023-12-14 14:47:08.894445
4808,34,checking,39671.73,2025-08-14 13:03:34.345026
4809,3856,checking,1327.32,2023-12-05 00:43:27.956951
4810,4272,checking,5087.34,2024-07-01 16:42:51.627001
4811,644,checking,1383.45,2026-05-04 11:39:09.238811
4812,2306,savings,34383.85,2024-01-10 09:44:04.888727
4813,579,checking,27803.29,2024-07-23 02:07:21.599444
4814,2902,checking,15574.0,2024-02-29 19:54:49.247144
4815,4926,savings,381.22,2024-07-26 23:23:22.068465
4816,1995,checking,20629.18,2025-01-06 17:53:40.811123
4817,1553,savings,22221.29,2025-02-05 03:11:43.289847
4818,290,checking,22844.98,2023-06-15 08:58:35.248043
4819,2552,checking,22556.69,2025-03-21 16:44:36.914510
4820,1536,savings,37241.47,2024-07-05 14:17:55.042924
4821,2862,savings,3140.57,2024-07-04 12:02:08.254727
4822,2084,checking,8299.01,2024-05-26 15:49:46.744945
4823,757,savings,35578.29,2024-03-17 23:04:21.193247
4824,3115,savings,13980.8,2023-11-21 23:57:38.773896
4825,428,savings,19616.14,2024-09-04 23:56:27.954329
4826,4783,savings,40405.2,2025-11-26 02:34:47.247539
4827,4101,checking,32314.74,2025-11-10 23:21:41.545146
4828,1422,checking,49766.03,2024-09-04 13:38:07.582945
4829,1388,savings,10.99,2025-06-14 20:08:05.677567
4830,1644,checking,5930.19,2024-08-11 07:48:01.371806
4831,3442,checking,29866.73,2025-04-26 23:20:12.401002
4832,4267,checking,18916.08,2024-02-21 16:32:49.866771
4833,4450,savings,41934.64,2025-08-13 03:52:55.916407
4834,3814,checking,13559.25,2026-03-17 13:48:21.781233
4835,4325,checking,7692.12,2024-04-22 05:32:10.503844
4836,1155,checking,8151.73,2024-08-07 06:32:47.531523
4837,4981,savings,49201.34,2025-06-05 17:59:13.284627
4838,642,checking,23387.97,2024-06-02 05:08:06.676291
4839,109,savings,17646.24,2026-01-28 21:07:26.733864
4840,2334,savings,36268.06,2024-02-26 07:17:00.701430
4841,1024,checking,41176.43,2026-01-03 17:12:43.394070
4842,2092,savings,7342.66,2024-04-29 18:07:48.250297
4843,4617,checking,40693.82,2025-11-19 15:59:17.304149
4844,1256,savings,26015.24,2025-04-21 20:37:56.596123
4845,620,savings,23442.25,2024-05-21 09:32:43.554544
4846,397,checking,15226.9,2025-05-05 19:35:25.353696
4847,1438,savings,17429.68,2026-05-10 02:56:55.526402
4848,2671,savings,41167.09,2025-06-01 22:30:28.602464
4849,2735,savings,26515.02,2023-12-09 14:51:44.292270
4850,4611,checking,35991.66,2024-05-27 11:36:11.496042
4851,3547,checking,38148.0,2025-03-10 21:54:26.678113
4852,3232,savings,14077.5,2025-07-30 21:17:33.490831
4853,885,savings,21137.18,2025-06-19 12:35:25.516991
4854,4727,checking,32034.57,2023-07-21 09:44:15.802069
4855,4913,savings,46604.87,2023-10-27 14:33:17.901310
4856,3802,savings,1614.99,2025-02-03 17:32:23.121447
4857,2172,savings,46719.45,2025-09-26 01:10:32.509979
4858,10,savings,8774.12,2024-08-14 13:13:25.554877
4859,2685,checking,21139.82,2026-04-09 18:00:11.274079
4860,3441,checking,21808.28,2024-04-04 10:38:21.541899
4861,4940,savings,277.35,2025-05-20 07:55:54.146990
4862,740,checking,44117.06,2023-07-14 13:50:59.909050
4863,2201,checking,27138.97,2025-07-13 15:27:42.161777
4864,3432,checking,26886.32,2023-10-05 17:30:06.637194
4865,3924,savings,12383.84,2024-06-11 05:57:42.181725
4866,3960,savings,47619.53,2024-08-18 21:23:18.965316
4867,1093,checking,7550.91,2024-08-29 02:00:05.322332
4868,803,checking,48447.49,2026-01-10 05:46:19.936535
4869,2323,checking,2107.27,2024-09-15 14:41:07.422903
4870,1257,checking,25044.0,2024-06-08 22:53:35.272254
4871,325,checking,49864.34,2026-03-16 01:33:39.453955
4872,732,checking,43325.24,2025-06-29 16:08:39.578748
4873,2696,savings,19814.06,2024-10-24 18:38:37.971107
4874,2345,savings,5032.92,2025-12-21 21:24:05.401472
4875,3660,savings,45885.01,2024-12-14 03:37:36.212265
4876,3339,savings,48051.78,2025-11-01 00:54:37.453362
4877,585,checking,18588.28,2024-07-21 19:37:48.164280
4878,3730,savings,35338.0,2025-11-14 09:28:19.675709
4879,4946,savings,49342.99,2026-01-28 19:12:58.199969
4880,1662,checking,48147.75,2024-08-22 10:01:16.573727
4881,17,checking,6513.44,2025-02-28 01:06:46.162579
4882,1558,savings,35826.64,2024-09-29 02:21:39.135967
4883,177,checking,1625.42,2024-08-05 03:13:36.704559
4884,3098,savings,31183.7,2024-05-08 12:39:08.513061
4885,98,checking,2426.83,2024-08-24 12:38:25.451928
4886,836,savings,26391.36,2025-02-07 07:14:40.386036
4887,1295,checking,20169.19,2024-10-19 00:50:01.729724
4888,1064,checking,6074.72,2024-03-30 21:16:42.661949
4889,3455,savings,3418.0,2025-01-01 19:06:46.462053
4890,2725,savings,34162.73,2025-10-24 13:26:35.818461
4891,4778,checking,16623.61,2024-05-06 08:11:56.715179
4892,4815,savings,13885.04,2025-11-25 13:53:31.370423
4893,2605,savings,34477.65,2026-01-17 06:39:21.899664
4894,3734,checking,4023.52,2025-02-10 03:58:35.330495
4895,4535,checking,30791.28,2023-08-08 16:08:30.056156
4896,4351,checking,9740.88,2025-06-09 03:22:05.110246
4897,2511,savings,31024.96,2023-10-02 08:30:54.731211
4898,2497,savings,41645.51,2024-02-07 22:07:27.591290
4899,2994,checking,49848.72,2023-08-19 23:06:02.497024
4900,1571,savings,20179.52,2025-12-21 19:15:55.960122
4901,2488,checking,18143.52,2023-10-22 08:28:54.561352
4902,4740,savings,35970.75,2025-08-09 06:20:40.025675
4903,219,savings,41896.71,2023-11-09 09:03:29.367792
4904,2900,checking,1986.17,2023-11-12 14:31:19.979098
4905,403,checking,40094.26,2025-04-22 23:21:38.410492
4906,597,savings,16255.58,2024-07-21 00:22:12.291851
4907,1007,checking,19925.69,2024-12-14 00:22:05.326398
4908,3474,checking,8769.09,2026-04-16 00:23:28.729200
4909,2239,checking,36911.7,2024-04-19 13:24:45.158319
4910,4694,savings,49457.3,2023-09-24 23:56:03.965354
4911,1213,savings,20196.68,2023-09-19 16:44:21.366608
4912,3068,savings,13230.93,2024-09-20 05:16:34.353602
4913,1601,savings,1439.34,2024-05-15 00:57:05.546304
4914,4982,savings,31020.0,2025-11-01 06:48:14.021603
4915,2127,checking,34823.36,2025-09-29 14:01:43.512631
4916,223,checking,17958.37,2023-09-18 05:54:54.542743
4917,3486,savings,45760.51,2026-02-01 16:29:20.127502
4918,2603,checking,47736.88,2025-06-16 06:55:14.589822
4919,2743,savings,42689.74,2025-09-07 17:26:00.347042
4920,2638,checking,8676.23,2023-07-01 13:47:27.714130
4921,2053,checking,12166.01,2025-04-08 04:18:42.075361
4922,4672,savings,18346.69,2026-01-26 16:43:43.562781
4923,1447,savings,10471.76,2026-01-10 10:57:42.248382
4924,1734,checking,897.99,2025-11-13 11:29:14.841604
4925,859,savings,39964.02,2026-05-22 14:55:05.823689
4926,3359,savings,8240.32,2024-09-17 03:21:37.616859
4927,1808,checking,36566.5,2025-07-15 21:29:01.910338
4928,4302,checking,15654.49,2025-02-22 05:19:53.439336
4929,1437,savings,20353.97,2023-07-23 03:02:04.556816
4930,1428,savings,49862.26,2025-11-03 14:20:50.536671
4931,2439,checking,2198.28,2025-09-01 20:36:22.290524
4932,3289,checking,28527.17,2024-01-01 16:26:40.200911
4933,4770,checking,7780.7,2025-03-06 15:41:18.777441
4934,2501,savings,38498.11,2026-04-27 22:44:55.464112
4935,1286,savings,13838.79,2024-06-04 08:48:02.955680
4936,1628,savings,37669.73,2025-04-18 08:10:48.989612
4937,2496,savings,41363.88,2025-11-27 08:06:00.064212
4938,4212,checking,42464.75,2024-10-28 15:41:16.085728
4939,1857,checking,44572.6,2024-07-18 06:45:12.184331
4940,2033,checking,5929.55,2025-05-08 13:42:09.069144
4941,2604,savings,856.99,2025-05-04 16:12:16.207424
4942,4478,savings,39723.92,2024-11-09 10:19:29.734974
4943,1116,checking,1554.54,2025-08-28 13:08:34.622420
4944,1662,checking,47806.65,2026-02-24 15:11:40.978005
4945,2208,checking,10747.23,2024-11-03 22:33:20.681568
4946,1203,checking,32312.44,2025-01-16 04:21:30.210362
4947,2859,checking,13457.21,2024-02-12 22:46:28.762145
4948,1899,checking,26160.45,2023-07-14 12:58:32.218818
4949,2919,checking,43326.06,2024-07-09 10:03:47.323544
4950,1161,savings,21159.03,2023-06-19 14:39:38.706459
4951,1939,checking,21571.23,2023-06-24 03:59:27.797749
4952,3677,checking,46918.43,2024-05-10 10:29:12.960208
4953,997,savings,29098.33,2024-02-24 14:37:53.885286
4954,4111,checking,6508.8,2024-06-14 09:36:58.515301
4955,211,checking,48317.15,2025-05-13 00:00:33.644346
4956,2376,savings,24715.17,2025-06-10 18:19:44.078446
4957,76,checking,22493.79,2025-10-03 02:20:01.654458
4958,2032,savings,9126.65,2024-11-19 23:25:28.661400
4959,2388,checking,470.5,2024-08-04 05:19:59.200760
4960,3441,savings,22370.56,2026-02-12 08:35:05.917485
4961,1189,savings,18664.28,2024-10-27 21:00:13.749927
4962,2659,checking,3725.48,2025-04-03 18:44:52.625491
4963,158,savings,8759.11,2024-01-03 07:35:15.737624
4964,3076,checking,26385.97,2026-03-02 21:33:44.818724
4965,1304,checking,7069.32,2025-03-31 02:26:53.475658
4966,993,savings,48166.83,2026-01-02 07:27:03.624042
4967,3625,savings,35486.55,2023-08-31 20:55:57.521253
4968,4174,checking,25130.73,2025-05-05 16:40:00.990371
4969,4760,savings,5028.82,2025-07-16 00:21:05.745327
4970,4552,checking,24380.08,2023-08-02 08:00:38.228426
4971,1891,savings,15543.55,2025-01-19 10:04:44.007285
4972,959,checking,2359.5,2025-01-05 16:50:13.536442
4973,4237,savings,36290.13,2024-05-01 05:52:43.756208
4974,653,savings,31989.8,2026-04-25 16:05:53.462947
4975,3511,savings,26874.31,2024-12-17 19:36:08.629008
4976,4135,savings,19961.48,2024-02-24 10:01:09.214580
4977,3653,checking,49703.49,2025-09-17 07:23:57.754927
4978,3656,savings,34739.33,2026-01-27 15:16:21.664326
4979,3293,savings,11906.95,2024-09-26 01:28:00.244369
4980,45,checking,38362.37,2025-11-27 23:13:40.837606
4981,14,checking,40558.27,2025-04-27 23:35:42.478441
4982,240,savings,32818.23,2025-02-12 05:51:58.865000
4983,961,savings,2066.99,2024-05-19 10:59:20.425380
4984,4636,checking,759.65,2025-10-21 11:41:27.657868
4985,4307,checking,44730.52,2025-04-21 15:43:10.629664
4986,111,checking,21858.94,2025-01-27 08:35:18.748650
4987,4080,checking,48067.55,2025-10-27 18:40:04.774010
4988,4151,checking,14240.48,2024-03-26 06:47:00.365870
4989,951,checking,42609.72,2025-06-08 00:06:54.249844
4990,3543,savings,27215.31,2024-08-15 12:30:04.557270
4991,4593,savings,45335.16,2025-05-02 18:33:11.308540
4992,659,savings,6461.74,2023-10-25 13:44:07.761114
4993,4212,savings,26983.37,2023-12-15 13:53:38.041057
4994,4666,checking,16063.29,2024-05-02 10:31:10.239602
4995,2071,checking,8238.16,2024-12-10 10:10:24.016655
4996,213,savings,30137.96,2023-08-23 05:06:58.041669
4997,1927,checking,37888.5,2024-02-02 01:54:21.323345
4998,4113,checking,27727.18,2023-11-22 14:49:38.540824
4999,4655,checking,35529.2,2026-03-16 11:30:16.511180
5000,359,savings,20312.65,2026-04-07 04:18:09.416614
5001,2133,checking,19963.09,2025-09-18 08:38:27.890261
5002,4260,savings,31563.01,2023-12-26 14:47:33.701305
5003,2098,checking,1148.23,2025-09-20 16:46:41.769910
5004,3400,checking,11047.83,2025-06-01 04:29:53.285397
5005,4466,savings,33130.38,2024-05-19 10:45:44.274852
5006,219,savings,26793.99,2024-06-30 17:37:14.472618
5007,849,checking,32943.23,2026-04-15 17:40:39.546147
5008,2121,checking,4985.0,2025-05-01 03:46:05.197048
5009,3041,checking,46632.24,2024-12-31 10:42:20.291265
5010,2958,savings,13856.41,2025-07-14 06:07:06.255333
5011,1866,checking,6824.12,2024-05-23 22:42:36.570888
5012,98,checking,29811.41,2024-03-31 07:01:10.404475
5013,1549,savings,4020.18,2025-01-30 06:15:13.220326
5014,1926,savings,48022.14,2026-02-11 13:03:08.423849
5015,3080,savings,42200.64,2023-10-21 15:59:26.215260
5016,4686,checking,3667.58,2024-11-24 15:13:04.837694
5017,2644,savings,21840.05,2023-07-16 23:39:20.930038
5018,566,checking,36090.79,2025-03-20 07:38:17.370401
5019,417,savings,32483.54,2025-01-20 19:19:38.270256
5020,2711,checking,10806.76,2024-04-20 21:37:55.883926
5021,3754,savings,27609.07,2025-06-16 02:06:20.814363
5022,1913,savings,35960.78,2024-12-28 13:04:09.502346
5023,493,savings,4309.44,2025-10-20 06:55:46.907148
5024,2610,savings,21323.57,2024-02-19 23:51:01.515698
5025,823,savings,17816.55,2023-07-22 04:40:41.829082
5026,1758,savings,26271.88,2025-08-29 22:31:30.258661
5027,1287,savings,31143.97,2025-12-24 04:25:16.237917
5028,977,savings,6374.55,2024-01-13 02:31:53.903435
5029,3416,savings,3415.47,2023-08-22 14:35:06.453442
5030,2206,checking,22246.03,2026-01-17 08:00:31.561838
5031,1221,savings,14143.09,2025-11-17 21:21:52.203600
5032,2340,checking,5064.39,2024-02-20 02:44:50.669266
5033,2509,savings,45889.08,2025-07-25 06:35:15.760938
5034,2600,checking,12463.72,2025-12-01 18:31:46.793005
5035,1713,checking,30677.82,2025-12-02 13:48:43.757451
5036,4898,savings,12428.03,2024-06-01 22:28:40.874580
5037,4890,checking,6034.33,2024-04-27 23:30:40.310109
5038,4,checking,47924.74,2025-04-01 14:49:17.358009
5039,3464,savings,12716.24,2023-09-25 22:48:58.593817
5040,1899,checking,42180.8,2025-12-15 21:22:01.024408
5041,4504,savings,7556.76,2026-05-04 07:45:36.083670
5042,1540,checking,33037.8,2025-01-23 03:22:49.355891
5043,4342,checking,49345.69,2024-11-08 21:42:13.339688
5044,977,checking,37045.75,2025-02-25 19:43:06.583946
5045,2035,savings,32655.36,2023-11-09 00:22:06.397635
5046,4517,savings,49828.39,2023-11-03 18:47:42.698159
5047,1452,savings,5474.32,2025-12-24 15:15:44.950889
5048,4870,savings,26630.96,2023-07-30 16:55:13.429452
5049,2649,checking,16329.06,2023-09-05 00:29:52.848202
5050,306,savings,33265.23,2023-08-19 20:59:33.280976
5051,849,checking,33087.68,2024-01-14 18:48:49.816976
5052,2928,savings,28547.28,2023-08-27 12:42:01.661171
5053,4532,checking,32561.23,2023-10-01 06:20:25.848465
5054,4179,checking,31823.67,2024-03-18 21:24:19.298777
5055,1671,checking,40762.56,2025-03-31 06:49:20.037502
5056,2891,checking,31209.59,2023-11-09 00:40:59.541918
5057,370,savings,30869.53,2026-01-12 12:33:00.899379
5058,2849,checking,33137.81,2023-06-25 04:58:05.257089
5059,3104,savings,47794.89,2024-08-06 09:38:48.632678
5060,3835,checking,16228.45,2025-04-24 01:32:40.261661
5061,708,savings,732.44,2023-09-13 07:53:52.609257
5062,3437,checking,18908.0,2025-12-02 15:56:05.305011
5063,1457,checking,13412.73,2024-10-04 04:51:33.281037
5064,4131,checking,49801.33,2023-12-25 14:35:35.813871
5065,1424,checking,22258.53,2025-11-28 02:26:08.057135
5066,4970,checking,35765.54,2024-04-13 14:29:10.941626
5067,2382,savings,38671.55,2025-08-10 04:46:50.953869
5068,2136,savings,43842.18,2024-05-13 13:55:23.681875
5069,3820,savings,1998.73,2026-03-05 13:22:48.599331
5070,3538,checking,9389.03,2025-07-12 19:33:14.447624
5071,572,checking,7253.69,2025-04-02 08:27:58.657497
5072,773,savings,37359.1,2025-03-13 13:52:57.917055
5073,4473,checking,18441.97,2025-06-28 00:13:03.179226
5074,2780,checking,8339.7,2025-07-30 16:07:44.189744
5075,4565,checking,7086.15,2024-03-18 05:59:47.900728
5076,4098,checking,39030.17,2024-04-04 04:25:20.870544
5077,185,checking,12948.9,2024-05-14 22:45:50.940828
5078,2203,savings,23207.23,2026-04-23 12:45:42.908440
5079,1141,checking,30678.74,2023-07-11 18:49:30.509263
5080,3608,savings,3405.84,2024-02-27 11:40:07.481174
5081,1273,savings,5963.28,2026-05-06 22:33:09.798345
5082,4491,savings,1449.32,2025-05-27 11:21:21.184319
5083,3383,checking,24103.61,2023-09-22 21:16:44.489313
5084,3820,savings,20538.22,2025-10-28 11:10:29.412470
5085,4372,checking,35668.16,2023-11-09 16:55:18.624416
5086,157,checking,11477.16,2024-12-03 08:09:15.009228
5087,3900,savings,9045.52,2025-10-18 19:41:38.504671
5088,4125,checking,37442.8,2024-10-08 20:03:23.236628
5089,4068,checking,15873.26,2024-03-16 10:14:57.970929
5090,1044,savings,44317.01,2025-11-05 01:20:56.790024
5091,4016,checking,29540.7,2024-12-17 05:14:19.805499
5092,1631,savings,26655.07,2023-07-31 17:50:03.258995
5093,1403,savings,30462.1,2024-09-25 08:13:11.411571
5094,1548,savings,8423.03,2025-06-09 12:53:17.594817
5095,1746,savings,21375.97,2025-02-18 02:40:34.405849
5096,215,savings,12411.46,2025-04-16 09:31:58.427708
5097,419,savings,29925.92,2024-09-23 13:29:57.606415
5098,2506,checking,6396.08,2024-06-13 00:47:44.901337
5099,1058,checking,39936.81,2025-04-12 13:30:29.871478
5100,4876,savings,11214.28,2024-10-09 17:25:26.623861
5101,3989,savings,1465.88,2025-06-16 15:30:38.007803
5102,4074,checking,6124.71,2025-12-16 20:12:15.380367
5103,3528,checking,40735.06,2024-07-01 09:16:07.994442
5104,3848,checking,29326.97,2023-10-11 01:13:47.996595
5105,2,savings,2122.19,2025-04-28 07:32:47.977321
5106,820,savings,28738.83,2026-04-17 18:42:52.187607
5107,2580,checking,23616.5,2025-10-17 15:54:02.657623
5108,3933,savings,41839.66,2024-04-30 21:49:36.419931
5109,3230,checking,40674.26,2025-01-30 04:53:51.387939
5110,1960,checking,24930.56,2024-07-20 11:04:44.902147
5111,1161,checking,25525.45,2024-03-01 22:19:09.408702
5112,320,checking,35560.05,2024-08-15 12:23:14.957591
5113,4109,savings,2238.63,2025-10-20 23:18:16.073138
5114,3472,savings,35827.33,2025-07-12 19:11:01.889043
5115,4474,checking,4337.87,2024-09-27 03:35:22.364448
5116,3570,savings,1421.57,2026-05-12 16:21:32.196160
5117,2465,savings,2881.04,2025-04-29 22:35:13.622732
5118,3561,savings,24898.82,2024-03-17 17:46:57.637115
5119,1439,savings,45357.69,2026-01-10 17:09:27.110866
5120,1269,checking,32395.16,2026-01-05 13:35:53.650388
5121,2207,checking,17764.37,2025-12-27 05:05:56.085077
5122,1961,checking,561.09,2024-02-04 07:39:27.312010
5123,4582,savings,33783.8,2024-12-29 05:51:38.811086
5124,99,checking,34859.1,2024-01-16 21:54:55.469833
5125,1049,checking,20110.06,2026-01-21 14:11:32.841958
5126,2525,savings,11546.84,2025-10-18 21:41:38.181798
5127,1713,checking,21993.32,2026-03-07 01:53:14.973074
5128,1372,savings,22102.2,2024-11-28 07:32:41.956759
5129,3210,checking,49704.6,2026-02-28 09:52:16.555020
5130,2332,checking,29650.6,2026-03-21 21:45:53.111538
5131,3263,savings,18620.26,2026-01-15 16:58:47.843415
5132,1292,savings,18327.98,2024-11-30 01:45:51.029512
5133,3266,savings,40678.26,2024-07-06 22:54:32.093253
5134,3249,savings,46233.25,2026-02-12 19:22:05.581858
5135,1995,checking,28304.59,2023-11-09 13:16:09.862187
5136,1589,savings,14417.2,2026-03-25 12:46:06.952987
5137,3939,savings,950.12,2025-08-15 09:36:46.875767
5138,3306,savings,40546.49,2025-07-21 03:54:16.154768
5139,1570,checking,42876.44,2025-01-29 14:10:40.461648
5140,4258,checking,43070.83,2024-11-18 19:24:29.891295
5141,2684,savings,23723.15,2026-02-26 21:42:58.616678
5142,1809,checking,21580.75,2024-09-22 20:46:46.104532
5143,3234,savings,9721.46,2024-05-04 14:35:13.611995
5144,553,checking,47116.62,2025-02-03 02:33:32.560035
5145,3409,savings,27067.48,2026-05-13 19:47:02.179872
5146,4402,savings,42415.1,2024-07-07 04:08:15.804534
5147,2823,savings,24562.77,2024-09-30 06:27:32.112034
5148,261,savings,10524.1,2026-03-12 21:35:37.937751
5149,3073,savings,35083.29,2025-05-01 06:02:02.897809
5150,4101,checking,25587.46,2024-05-20 17:46:52.489069
5151,288,savings,36624.56,2023-11-11 23:21:43.880059
5152,4441,savings,42159.19,2024-07-19 16:03:16.326379
5153,2808,checking,6060.23,2023-07-26 01:09:05.400375
5154,2255,savings,20234.49,2024-11-19 12:22:31.285470
5155,4385,checking,23671.73,2023-11-17 08:20:26.096233
5156,3762,checking,7266.01,2026-05-06 05:34:36.806872
5157,374,checking,11341.59,2024-09-16 21:48:35.667461
5158,1169,checking,5352.27,2025-12-17 16:35:40.698285
5159,4438,savings,32707.92,2024-11-12 23:32:06.217019
5160,1809,checking,5059.46,2023-12-06 16:07:23.799027
5161,4347,checking,2735.3,2025-04-11 17:38:56.994195
5162,4734,savings,24386.5,2024-12-05 13:59:58.491194
5163,3688,checking,15940.49,2026-02-10 08:16:44.291143
5164,735,checking,24010.13,2024-01-01 15:06:57.586064
5165,1547,checking,10617.14,2026-03-18 20:14:52.508063
5166,117,savings,5485.74,2024-09-02 11:25:13.659498
5167,3002,checking,29812.52,2025-08-22 07:45:29.977690
5168,759,savings,12195.82,2024-02-07 22:02:16.882543
5169,3450,savings,26135.72,2024-03-07 04:34:26.978422
5170,338,savings,39546.95,2024-05-31 20:10:29.891972
5171,3128,savings,3045.85,2024-07-18 23:50:25.193607
5172,1624,savings,45361.07,2025-10-04 14:40:41.897156
5173,2890,savings,14484.86,2025-09-15 11:56:29.103359
5174,4179,checking,27658.74,2023-07-18 19:55:46.619085
5175,792,savings,21190.09,2026-02-15 23:55:46.317933
5176,2942,checking,2705.3,2023-08-05 20:39:51.190728
5177,895,savings,36513.21,2024-01-11 19:13:38.668354
5178,3270,checking,35312.13,2025-12-04 18:09:00.553803
5179,480,savings,37294.81,2025-11-19 20:27:39.571043
5180,3297,savings,42767.78,2026-01-06 07:06:37.832009
5181,1095,checking,44581.54,2026-03-03 00:46:55.253033
5182,4305,savings,22815.83,2025-10-27 07:39:17.855621
5183,2773,checking,16985.26,2025-12-31 11:57:02.539597
5184,1094,checking,20637.0,2025-01-24 02:51:15.757477
5185,482,savings,28370.56,2024-05-12 15:10:55.816410
5186,1639,checking,37880.84,2023-08-06 23:55:52.050062
5187,2774,savings,24574.02,2023-12-27 11:30:18.309034
5188,3274,checking,13225.34,2024-07-14 04:33:41.232589
5189,1872,savings,3242.14,2026-04-29 16:09:04.981964
5190,70,savings,44267.41,2026-05-11 20:49:37.044192
5191,4289,checking,29919.7,2025-11-17 20:16:08.415050
5192,2534,checking,36531.34,2025-04-25 22:28:37.963444
5193,4854,checking,36926.4,2024-06-25 13:56:58.682983
5194,4461,savings,29988.05,2024-07-12 09:10:12.467159
5195,4492,checking,8679.35,2025-12-31 16:47:10.382933
5196,4908,savings,4436.0,2026-01-02 01:18:36.408098
5197,2146,savings,49805.92,2025-03-16 16:23:21.804379
5198,1705,checking,9333.23,2025-04-10 23:25:10.783928
5199,1913,savings,13559.68,2024-03-09 23:19:57.478496
5200,1269,checking,48592.23,2025-10-05 03:01:50.483123
5201,1956,checking,44631.95,2024-11-14 23:23:54.340841
5202,644,savings,16433.8,2025-12-27 14:22:19.833671
5203,1680,savings,21224.9,2024-04-05 04:30:54.484302
5204,4778,checking,34043.9,2024-10-27 23:25:06.937211
5205,284,savings,2750.07,2023-10-09 06:19:36.377514
5206,3728,savings,31356.79,2025-02-10 08:05:54.184349
5207,1565,savings,28975.86,2024-03-21 09:53:44.052191
5208,1944,savings,40686.29,2025-08-18 16:09:19.575017
5209,3088,checking,10170.82,2025-08-15 06:50:45.586836
5210,158,savings,21630.68,2023-12-15 09:57:42.953532
5211,4587,checking,38781.63,2023-10-11 15:23:30.304837
5212,474,savings,34516.68,2025-11-11 03:22:42.587644
5213,2655,savings,43440.24,2024-04-17 03:33:51.382067
5214,2461,checking,2469.65,2024-09-19 16:17:29.349296
5215,7,savings,18434.14,2023-11-28 10:48:02.710000
5216,1594,savings,47222.16,2024-09-04 22:41:44.443764
5217,548,checking,14536.8,2024-06-23 20:14:37.065216
5218,3757,savings,39453.06,2023-06-25 01:44:57.626649
5219,4560,savings,43714.21,2026-05-26 06:07:00.964902
5220,1551,savings,18444.9,2025-04-09 16:01:11.568622
5221,4650,checking,37871.94,2025-10-28 01:30:54.526374
5222,1093,savings,43393.72,2024-07-22 17:19:04.727717
5223,2870,savings,46712.31,2024-07-07 01:42:52.663378
5224,4072,savings,35319.11,2026-06-09 10:42:01.403156
5225,543,savings,47692.81,2025-08-07 01:01:33.817473
5226,4301,checking,49910.07,2024-11-23 11:46:11.365691
5227,4127,savings,12709.7,2025-02-06 16:53:45.484394
5228,1877,checking,46432.26,2024-07-19 08:55:20.391719
5229,2595,savings,11849.04,2025-09-07 13:08:02.875573
5230,1252,checking,40677.36,2026-01-21 19:45:23.874346
5231,1258,checking,41942.04,2024-02-07 09:40:52.847247
5232,4326,savings,47438.09,2023-07-05 19:42:30.501589
5233,2299,checking,3883.27,2026-02-10 17:06:15.539140
5234,4854,savings,23018.51,2023-11-02 21:40:38.873063
5235,143,checking,49492.88,2025-02-17 14:02:01.595588
5236,3225,checking,21743.53,2025-05-26 18:34:50.231952
5237,4683,checking,725.66,2025-10-14 07:45:55.354603
5238,3714,savings,24778.61,2025-02-10 16:21:42.068687
5239,3873,savings,25705.16,2024-02-29 18:49:48.063910
5240,1718,savings,36600.71,2024-11-16 21:26:03.813000
5241,2028,savings,45700.32,2025-03-13 00:37:06.451955
5242,4324,savings,25295.6,2024-01-07 15:07:46.377385
5243,2948,checking,43794.49,2026-02-08 18:42:58.924331
5244,3088,checking,25400.61,2023-11-04 18:06:29.884226
5245,943,checking,33190.19,2025-09-12 05:46:00.262983
5246,1661,checking,2507.71,2025-06-08 21:08:20.671804
5247,1829,savings,22962.49,2023-09-17 03:15:36.885019
5248,543,checking,30639.24,2026-03-26 18:40:38.229015
5249,1749,savings,44047.33,2025-04-04 01:21:06.766468
5250,2221,checking,1962.76,2024-01-16 22:55:22.449645
5251,2000,checking,4741.58,2024-11-28 03:50:38.980340
5252,3153,checking,26491.24,2023-10-06 02:23:42.001295
5253,51,savings,28815.32,2025-05-17 16:02:46.349352
5254,3475,savings,30150.56,2024-11-05 10:01:44.031512
5255,1122,savings,36711.03,2025-05-19 09:18:39.550496
5256,3236,checking,27649.69,2025-07-06 15:30:19.900900
5257,2665,savings,47138.92,2025-11-07 02:13:00.408832
5258,829,savings,18187.25,2025-11-27 17:00:05.557990
5259,3727,savings,11207.14,2025-07-20 21:33:16.141687
5260,4638,savings,32083.4,2024-07-27 21:25:48.593952
5261,2325,savings,6136.3,2024-03-24 00:16:03.459836
5262,763,checking,23142.18,2025-09-09 13:54:15.957635
5263,4582,savings,32688.52,2026-02-19 06:44:40.470301
5264,3550,checking,30161.56,2025-03-29 10:59:11.245739
5265,3538,savings,24860.42,2023-11-08 20:09:45.924190
5266,569,checking,4032.78,2024-07-14 14:59:16.942150
5267,4582,savings,2113.14,2024-03-24 21:54:32.543276
5268,151,checking,12823.86,2025-11-29 19:22:24.307156
5269,523,savings,11832.94,2023-09-16 15:05:42.655730
5270,1044,savings,33270.78,2024-12-17 07:05:25.704530
5271,2828,savings,37929.16,2023-09-20 06:07:02.342991
5272,40,savings,49988.12,2024-04-20 23:39:32.318138
5273,3454,checking,48501.16,2024-09-29 08:48:35.694972
5274,453,savings,39053.97,2024-09-11 23:40:28.549791
5275,1963,checking,6368.5,2023-12-31 19:44:12.421719
5276,2770,checking,21864.98,2025-05-08 22:06:48.931500
5277,4958,savings,24713.71,2024-02-26 01:07:50.753287
5278,3064,checking,41797.18,2024-02-08 18:11:03.975589
5279,392,savings,33809.82,2025-10-06 05:31:26.711791
5280,4482,savings,3671.8,2025-05-16 15:14:28.570614
5281,2681,checking,46362.85,2025-01-14 19:13:23.595227
5282,301,savings,1355.65,2024-12-24 05:21:03.410936
5283,4897,checking,33091.92,2025-10-19 18:04:32.633095
5284,2279,savings,17753.97,2024-01-21 09:45:23.668833
5285,3260,checking,47463.26,2025-08-09 04:32:44.602241
5286,3404,checking,13834.09,2026-05-25 03:44:04.895269
5287,546,savings,44008.65,2026-06-03 21:19:56.488054
5288,2001,checking,48560.19,2023-07-11 02:21:42.326774
5289,1640,checking,39855.57,2026-05-13 19:55:40.186450
5290,297,savings,16027.32,2025-04-27 14:13:17.186660
5291,2440,savings,34689.25,2024-06-09 14:56:03.774864
5292,3844,savings,2256.44,2024-03-31 05:27:58.246144
5293,3671,savings,1013.51,2026-02-18 22:39:27.718777
5294,325,savings,12688.54,2024-11-04 16:15:14.099597
5295,1614,checking,27328.85,2024-03-29 20:32:53.574750
5296,1736,checking,16146.28,2025-06-14 16:11:34.545834
5297,1305,savings,45605.2,2025-09-26 02:49:00.927022
5298,4500,savings,29885.41,2025-11-06 10:25:10.611204
5299,2508,savings,30819.77,2024-03-18 14:21:03.364656
5300,4576,savings,42980.02,2025-07-03 10:18:09.815344
5301,558,checking,13347.29,2024-06-06 06:17:43.252050
5302,3420,savings,10323.83,2025-05-28 11:34:18.088280
5303,4072,savings,24742.79,2023-11-15 04:24:59.530165
5304,4969,checking,35265.65,2024-12-01 03:16:54.644639
5305,3915,checking,39366.75,2026-04-14 02:53:57.026478
5306,3455,savings,14942.84,2025-06-11 18:30:45.689285
5307,1861,savings,6063.55,2025-01-31 23:59:09.959839
5308,216,checking,10242.83,2025-12-21 09:02:11.296770
5309,152,checking,48272.32,2026-01-29 20:20:13.769768
5310,4198,checking,24405.81,2024-03-22 20:54:18.007079
5311,2276,checking,8847.46,2026-04-08 14:00:43.690133
5312,4783,savings,8183.26,2024-01-16 02:53:19.625575
5313,1865,savings,39099.27,2023-09-09 09:17:58.192797
5314,4539,checking,26381.81,2023-10-31 21:48:45.652261
5315,336,savings,48613.22,2026-06-11 11:29:40.771489
5316,3558,savings,12712.08,2024-05-27 22:59:04.326706
5317,4217,savings,5212.41,2025-06-15 17:31:21.627546
5318,4375,checking,45291.11,2024-07-17 13:56:00.631965
5319,3548,checking,27513.18,2025-06-03 00:37:25.301488
5320,1644,checking,48852.2,2024-07-21 17:11:24.627483
5321,1157,savings,19037.5,2026-05-14 00:36:39.040923
5322,2955,checking,29730.22,2024-10-18 19:08:33.270244
5323,4222,checking,32492.57,2025-08-31 19:39:46.314117
5324,2624,savings,27478.3,2025-06-15 08:16:37.941537
5325,1370,checking,5384.89,2024-10-01 17:05:03.084237
5326,3222,savings,45898.03,2024-08-13 20:33:25.452994
5327,4126,savings,46806.8,2024-01-14 14:52:38.433335
5328,151,savings,17576.22,2025-02-15 08:28:58.278311
5329,1268,checking,37729.12,2024-02-10 15:19:47.214235
5330,2032,checking,34513.79,2025-05-14 05:15:09.465490
5331,272,savings,30274.16,2024-09-01 19:46:29.033267
5332,3528,checking,35084.83,2025-08-17 08:24:33.217469
5333,2680,savings,37430.56,2025-11-26 08:10:11.545024
5334,3831,savings,16315.78,2023-06-16 07:45:45.301289
5335,1003,checking,4564.07,2025-10-28 21:48:46.883438
5336,4549,checking,4983.53,2025-03-25 08:28:51.263024
5337,4656,checking,38634.43,2024-12-25 07:43:06.005616
5338,2829,savings,18052.33,2025-10-25 16:20:28.707752
5339,2614,savings,5893.9,2023-12-23 17:29:22.503373
5340,3910,savings,27482.88,2024-05-05 22:55:15.326879
5341,2358,checking,21703.4,2024-08-01 09:08:51.159658
5342,1562,checking,22141.96,2023-12-08 08:49:54.404861
5343,4386,checking,22675.33,2025-12-29 19:33:31.735849
5344,1342,checking,17707.59,2025-10-13 00:57:12.486877
5345,1015,checking,11036.64,2026-04-11 08:14:54.619676
5346,4176,checking,36008.69,2023-08-10 20:57:54.790130
5347,4541,savings,4315.25,2026-01-02 04:57:28.104837
5348,1746,savings,47592.37,2025-02-09 12:37:45.962955
5349,2679,checking,25285.15,2024-06-18 12:59:12.484408
5350,2013,checking,47950.47,2025-04-18 05:36:09.759469
5351,693,checking,44329.67,2024-12-02 23:40:00.022645
5352,3020,savings,38863.62,2024-03-30 00:58:31.351142
5353,4046,checking,41100.21,2026-02-28 11:43:52.567893
5354,1216,savings,11551.02,2025-12-20 13:25:53.504619
5355,4958,checking,24486.99,2024-06-10 02:49:50.871719
5356,684,savings,24443.78,2026-04-25 08:35:31.103869
5357,2314,checking,14219.08,2023-09-28 20:29:42.061493
5358,3724,checking,20365.46,2023-10-14 23:09:47.131065
5359,1146,savings,42876.9,2025-06-21 08:23:08.925392
5360,4926,checking,35396.83,2023-12-21 21:03:56.918751
5361,2308,checking,35724.79,2025-09-03 10:47:52.130244
5362,2290,savings,1966.98,2024-02-27 09:18:03.549275
5363,1785,checking,34491.73,2024-06-20 06:59:20.742852
5364,3272,savings,18142.76,2023-10-10 03:45:00.870213
5365,2735,checking,37599.01,2024-01-22 23:55:23.455211
5366,2764,savings,33471.01,2024-12-30 05:47:27.246125
5367,3166,savings,7021.75,2025-04-04 14:21:13.407843
5368,2054,savings,21277.11,2023-09-30 08:58:12.400916
5369,4370,savings,14301.91,2024-06-12 01:44:29.297334
5370,722,checking,11745.49,2024-08-10 18:10:26.191129
5371,1639,checking,16485.07,2025-12-02 13:54:35.550770
5372,4680,checking,32305.66,2025-08-14 14:26:54.416242
5373,3807,savings,7224.18,2023-09-22 01:59:10.037359
5374,1462,savings,16083.83,2025-09-21 03:50:06.307887
5375,1054,savings,28532.07,2026-05-12 23:47:45.248414
5376,2612,checking,43364.92,2024-11-28 16:45:19.908672
5377,3848,checking,13129.45,2025-07-12 15:03:16.895732
5378,4878,checking,31846.0,2024-11-24 09:10:12.219489
5379,2131,savings,32320.93,2025-01-14 23:37:02.242414
5380,895,checking,43117.79,2025-03-16 16:51:13.692445
5381,2865,savings,16112.84,2026-03-25 05:05:51.525110
5382,3087,checking,3930.43,2024-09-17 15:11:18.755449
5383,4003,checking,31040.72,2024-05-19 22:54:40.315758
5384,773,savings,32528.5,2024-05-21 09:40:16.812812
5385,4507,checking,18257.82,2024-09-05 03:03:29.543010
5386,2737,savings,32286.35,2025-08-11 07:04:40.531496
5387,702,checking,7682.43,2023-12-14 05:46:59.869416
5388,3031,savings,38761.17,2024-05-19 19:17:29.803130
5389,3578,checking,46683.45,2026-03-30 06:24:13.365563
5390,2528,savings,41985.31,2024-12-27 12:19:30.028093
5391,952,checking,37999.34,2024-06-14 20:23:22.452297
5392,390,checking,8238.02,2023-12-02 19:28:28.568362
5393,2722,savings,41390.95,2023-12-17 07:13:33.520275
5394,1306,savings,45759.88,2025-12-29 16:32:50.371915
5395,1312,checking,8124.61,2024-02-27 00:42:52.364816
5396,3781,checking,13699.78,2024-06-26 08:04:49.298669
5397,1388,savings,18762.47,2025-06-14 23:00:20.559750
5398,3504,savings,42720.49,2023-12-07 05:10:17.473278
5399,3411,checking,37514.2,2024-06-07 06:14:55.283962
5400,2740,savings,43878.11,2026-02-17 06:00:40.356980
5401,4910,savings,34501.25,2024-01-10 17:17:56.774083
5402,3182,savings,19503.7,2025-06-20 01:37:32.804795
5403,2022,checking,2562.14,2025-03-29 07:09:53.996017
5404,544,checking,14496.22,2023-12-06 22:00:12.969756
5405,2058,checking,15025.12,2024-01-05 06:05:02.853832
5406,4853,checking,2758.7,2026-02-09 18:17:37.881184
5407,4089,checking,11943.21,2026-03-28 14:39:20.923592
5408,3926,savings,41437.3,2026-05-02 12:57:32.821187
5409,676,savings,24969.99,2024-01-09 06:50:51.320940
5410,1144,savings,37121.87,2026-01-08 12:46:09.750324
5411,4016,savings,47094.49,2025-02-27 07:19:46.558111
5412,1441,checking,48953.45,2023-08-26 19:05:22.009475
5413,657,savings,27453.67,2025-11-11 07:47:57.441865
5414,4441,checking,14115.06,2025-01-30 15:07:42.198076
5415,747,savings,23205.05,2025-05-12 18:45:04.114603
5416,3803,checking,9190.95,2025-07-19 05:48:25.413840
5417,4253,checking,30679.08,2025-08-04 13:32:51.910770
5418,2725,savings,45636.58,2023-11-22 08:19:58.971160
5419,1704,checking,6488.85,2026-02-28 11:07:48.015478
5420,3302,savings,10325.93,2025-03-09 13:02:48.238981
5421,1543,checking,30982.97,2024-06-12 21:20:25.396729
5422,3800,checking,19182.73,2024-03-23 11:18:24.777586
5423,4757,checking,41438.06,2025-10-25 04:42:41.543529
5424,2895,checking,16495.97,2023-08-18 05:06:41.378254
5425,4342,checking,22905.06,2024-05-27 02:27:13.547289
5426,4444,savings,22517.66,2025-03-18 02:25:11.098850
5427,3380,checking,27531.13,2025-05-20 10:51:23.860661
5428,1136,savings,37479.23,2025-03-26 02:17:33.336437
5429,3190,checking,34100.58,2024-07-31 05:24:16.211834
5430,1524,checking,31621.38,2026-05-26 17:04:37.209318
5431,4818,savings,23150.12,2024-07-19 22:06:07.529005
5432,845,savings,4443.45,2024-10-10 08:54:45.816381
5433,3162,checking,41160.9,2023-09-21 12:14:03.813085
5434,140,checking,46081.02,2024-02-23 01:35:36.988920
5435,1009,checking,46918.31,2024-12-16 13:12:59.887858
5436,1350,savings,9861.42,2023-07-25 04:02:05.224097
5437,2202,checking,46925.71,2024-12-22 09:12:24.492557
5438,2815,savings,38400.38,2025-11-01 03:45:06.300014
5439,4940,checking,29629.83,2023-12-08 00:48:42.442648
5440,3131,checking,33404.24,2023-12-11 04:05:28.223476
5441,4192,savings,31588.49,2026-02-27 23:46:08.218292
5442,3878,checking,29649.55,2026-02-16 21:56:35.936132
5443,1381,savings,3380.22,2025-12-21 10:53:48.137717
5444,2252,checking,49360.55,2025-01-14 18:17:32.366352
5445,594,savings,17506.87,2026-02-07 21:16:28.204346
5446,1363,checking,26335.94,2025-06-30 12:34:47.306974
5447,3452,savings,12799.3,2025-12-08 19:27:33.048919
5448,777,checking,18742.27,2025-11-23 05:58:07.343834
5449,4918,savings,30343.06,2024-04-29 14:05:29.953904
5450,3490,checking,12580.16,2025-07-11 16:02:39.079497
5451,2163,checking,40348.64,2024-02-10 10:45:16.218846
5452,1586,checking,48931.83,2024-10-27 08:42:32.681977
5453,1434,savings,49492.81,2023-09-30 06:57:32.273914
5454,3530,checking,47976.43,2024-09-29 19:23:53.981672
5455,2355,savings,35241.36,2024-03-04 04:23:28.525873
5456,320,savings,2070.82,2024-12-11 19:04:32.328040
5457,1003,savings,37866.07,2024-07-23 07:46:53.559578
5458,1055,checking,16912.58,2024-10-12 02:24:05.759898
5459,350,savings,10314.89,2024-09-21 20:24:17.973880
5460,1711,checking,28982.27,2024-09-23 02:11:16.163013
5461,952,savings,39370.78,2026-01-21 19:05:18.184440
5462,2035,savings,27305.26,2023-11-23 11:38:35.772443
5463,487,savings,16627.15,2026-02-07 11:19:58.219688
5464,822,savings,34878.75,2025-11-28 04:02:33.149946
5465,4838,checking,27191.16,2024-10-23 16:50:02.223480
5466,619,savings,30306.89,2025-09-25 00:49:27.752814
5467,2480,checking,38920.52,2024-04-15 01:53:23.228581
5468,2035,checking,23945.18,2025-09-21 14:12:34.947199
5469,2303,checking,48770.87,2023-07-13 17:04:15.183468
5470,2894,savings,47115.29,2024-12-18 16:37:01.988425
5471,2850,savings,39272.92,2024-09-06 10:59:45.673165
5472,2814,savings,4769.96,2024-10-24 04:14:46.519462
5473,3642,savings,37663.52,2024-01-22 21:07:34.616430
5474,1936,checking,7952.39,2023-10-26 23:48:55.258488
5475,4041,checking,47686.14,2024-02-06 15:23:44.177055
5476,3681,checking,17246.06,2024-01-09 13:43:46.366379
5477,1623,checking,48976.68,2025-09-02 03:42:58.721465
5478,960,checking,40941.64,2025-10-07 18:23:16.148563
5479,4885,checking,42193.2,2024-03-15 12:48:42.775485
5480,4069,savings,17735.35,2025-05-31 13:19:17.811534
5481,1744,checking,16406.45,2024-08-08 08:18:34.222287
5482,2859,checking,12760.72,2024-07-09 21:32:25.096077
5483,2125,savings,11603.62,2025-11-01 13:18:12.454167
5484,1838,savings,14157.22,2025-05-30 01:02:55.907902
5485,3847,savings,37632.77,2023-10-28 00:29:21.837989
5486,2847,checking,35129.13,2025-05-02 09:59:09.438684
5487,2384,checking,41858.3,2025-12-23 17:56:47.465059
5488,982,checking,17518.05,2025-07-22 04:18:46.052346
5489,4107,checking,7713.92,2025-11-17 16:58:48.883184
5490,2456,savings,4932.15,2024-08-26 00:31:23.492985
5491,3279,savings,1290.57,2026-01-01 06:32:03.547183
5492,838,checking,19059.73,2025-05-23 09:49:24.656049
5493,1024,savings,24033.99,2025-07-22 05:11:57.310057
5494,929,checking,1222.16,2024-07-29 10:01:39.742256
5495,4199,checking,1393.91,2025-06-13 18:06:18.659698
5496,1707,savings,4261.07,2025-03-03 18:07:18.879483
5497,611,savings,7132.93,2023-12-19 04:05:23.716846
5498,2066,savings,76.1,2024-04-27 16:47:52.642455
5499,3007,checking,28145.72,2024-06-01 09:15:02.340826
5500,2686,checking,19026.09,2026-06-04 11:00:20.807341
5501,4216,savings,28344.41,2025-11-10 10:34:46.452828
5502,892,savings,27285.47,2024-06-27 18:12:07.583278
5503,4446,checking,42501.4,2025-03-20 12:19:59.141105
5504,837,savings,24607.3,2025-08-22 15:21:04.260453
5505,1844,savings,23613.0,2024-11-27 23:55:41.918819
5506,1069,savings,32551.37,2023-10-29 02:00:37.187378
5507,2081,savings,38879.73,2025-07-20 09:38:02.452761
5508,4747,savings,26410.01,2026-04-29 17:47:49.109612
5509,1222,savings,41883.1,2023-07-09 20:44:16.911173
5510,4497,savings,1008.65,2024-09-25 08:54:53.462822
5511,2634,savings,44308.15,2024-11-08 01:33:06.299618
5512,1409,checking,28398.35,2025-06-28 08:40:01.100565
5513,2969,checking,27261.64,2024-07-03 20:26:02.771858
5514,326,checking,36299.4,2024-09-21 19:17:18.829195
5515,4688,savings,42744.12,2026-04-05 04:33:49.257281
5516,4595,checking,48199.97,2025-06-05 01:58:44.595860
5517,1091,checking,5781.02,2026-03-30 21:09:32.315061
5518,4484,checking,37958.4,2024-02-08 19:26:33.508051
5519,1711,checking,10637.94,2025-08-03 14:11:29.035487
5520,2443,savings,11766.76,2025-08-15 22:22:47.605544
5521,192,savings,35213.9,2025-02-28 07:39:16.262305
5522,61,checking,21266.73,2024-11-14 04:46:48.410793
5523,725,checking,34891.56,2026-05-10 16:07:02.239755
5524,4199,checking,36796.27,2026-01-27 17:33:02.374349
5525,3565,checking,37922.8,2024-04-20 12:44:19.539454
5526,3163,savings,15874.29,2026-02-10 19:45:22.313774
5527,4643,checking,37473.05,2024-08-29 19:25:32.845115
5528,808,checking,39078.71,2024-08-01 22:45:50.264328
5529,4627,checking,34780.01,2025-07-16 15:30:37.228426
5530,4887,savings,16139.41,2024-05-05 08:15:53.299435
5531,1251,savings,25056.44,2025-02-01 06:12:31.199315
5532,2477,checking,17758.84,2024-11-13 16:32:25.469012
5533,224,savings,499.51,2025-06-23 23:48:41.625779
5534,4285,checking,23208.3,2024-04-18 04:57:15.345235
5535,2913,checking,42587.98,2026-02-01 17:10:40.704852
5536,4480,savings,48776.36,2025-04-28 19:20:04.389946
5537,2093,savings,44280.79,2023-09-05 08:00:34.250031
5538,1689,checking,16288.21,2025-01-26 20:59:52.330626
5539,70,checking,24059.7,2026-03-19 08:17:24.233099
5540,1737,checking,26568.4,2024-02-24 10:16:25.210011
5541,2156,savings,4623.44,2024-05-31 15:43:53.377291
5542,4246,checking,43044.7,2025-02-21 21:46:00.933145
5543,2728,checking,26430.29,2025-07-23 13:48:37.253975
5544,207,savings,19080.33,2026-04-10 11:43:45.649541
5545,597,checking,32908.93,2023-07-25 02:33:58.066500
5546,2082,savings,21648.98,2025-01-14 06:18:44.461648
5547,3587,checking,23192.13,2024-07-09 05:29:49.499625
5548,1497,savings,19061.3,2025-03-21 09:51:55.177994
5549,1240,savings,10624.93,2024-09-10 15:15:35.851408
5550,4528,savings,41029.58,2026-05-23 07:50:26.033669
5551,2396,checking,3378.75,2023-06-19 02:49:40.629221
5552,3788,checking,23410.53,2023-09-12 13:45:41.195905
5553,4459,checking,32204.84,2023-12-23 21:31:34.861553
5554,463,checking,31288.8,2023-09-12 12:41:40.735687
5555,935,savings,46384.54,2024-01-04 07:57:59.622699
5556,2582,savings,18554.83,2025-02-06 14:07:07.123538
5557,2627,checking,920.35,2025-09-24 15:58:12.278269
5558,1165,savings,19824.04,2025-09-14 06:15:42.841366
5559,1894,savings,43742.61,2023-12-13 02:42:57.489704
5560,3787,savings,46386.8,2025-01-09 09:03:29.595623
5561,1500,savings,15801.19,2024-04-27 10:32:32.293445
5562,3187,savings,42922.21,2025-08-08 21:06:41.928149
5563,4781,savings,31118.11,2025-09-19 04:48:05.927137
5564,2240,checking,3787.17,2023-06-21 11:27:43.194819
5565,682,checking,7146.63,2024-10-12 10:36:43.790174
5566,168,savings,181.85,2025-01-24 11:42:48.193093
5567,3887,savings,28776.56,2025-03-25 02:45:12.835182
5568,854,checking,37058.93,2023-10-11 13:39:52.577276
5569,1800,checking,19516.75,2023-11-17 18:26:02.691752
5570,2199,checking,41493.51,2025-09-23 12:14:36.184610
5571,4215,savings,2323.98,2024-06-01 09:02:39.145421
5572,2772,checking,33391.65,2025-05-09 01:43:59.762483
5573,2103,checking,20600.6,2025-01-08 01:24:13.030242
5574,4692,savings,30258.44,2026-06-03 03:28:08.159792
5575,3796,savings,35229.98,2023-06-24 20:10:15.985452
5576,4249,savings,45308.6,2024-04-17 19:00:27.562975
5577,1915,checking,42182.48,2025-07-11 00:36:41.627261
5578,3689,savings,28632.92,2026-01-04 01:53:55.076093
5579,1013,checking,5921.24,2026-06-08 22:17:40.663633
5580,2292,checking,42070.33,2023-07-25 16:17:58.598302
5581,3225,savings,30995.1,2025-01-27 15:07:48.344649
5582,1222,savings,45381.25,2024-06-11 11:38:28.902824
5583,2439,savings,11339.66,2024-05-08 12:47:01.793631
5584,2848,savings,13764.67,2026-02-15 12:23:03.478477
5585,1103,checking,15896.27,2026-01-18 12:57:52.526998
5586,4197,savings,41467.68,2026-02-12 07:10:58.354316
5587,1056,checking,27362.76,2024-09-23 06:34:09.794657
5588,3557,checking,37708.72,2023-11-20 21:50:47.903908
5589,4408,checking,32501.16,2024-10-26 23:52:15.047565
5590,2838,savings,22095.73,2025-07-17 23:29:58.464608
5591,102,savings,2241.84,2024-02-08 23:05:49.437097
5592,4229,checking,42311.19,2026-04-02 08:09:16.099510
5593,2443,checking,46025.08,2024-01-17 00:19:57.905254
5594,2264,savings,20562.77,2024-01-22 04:46:49.614033
5595,4916,savings,21107.3,2025-05-08 09:32:55.371645
5596,4338,checking,38023.87,2025-05-11 19:06:49.478876
5597,4,savings,28043.56,2026-05-22 20:24:26.411765
5598,1707,savings,3659.34,2025-03-25 21:19:42.147495
5599,3749,savings,33407.61,2023-10-04 21:05:22.782680
5600,1836,checking,789.61,2023-10-29 23:28:15.131800
5601,509,savings,8989.64,2023-08-31 16:18:53.578831
5602,747,savings,45099.53,2025-03-23 10:11:43.788249
5603,204,checking,7623.96,2025-01-25 10:56:51.924437
5604,4704,checking,5012.55,2024-06-15 12:11:29.821050
5605,181,checking,8944.82,2025-12-06 04:28:54.382320
5606,574,savings,9829.81,2026-04-02 03:20:39.722405
5607,3427,savings,19274.4,2023-08-15 15:38:49.555195
5608,1222,checking,20706.1,2024-01-18 08:10:12.001905
5609,1293,savings,16662.3,2026-03-12 12:14:22.161601
5610,4723,savings,41563.45,2026-01-05 09:32:20.152827
5611,4044,savings,15508.37,2026-02-14 05:35:38.363416
5612,4578,checking,2265.53,2026-03-13 05:11:26.480652
5613,1560,checking,3530.87,2025-06-30 11:30:42.763914
5614,265,savings,49835.55,2024-01-28 00:46:10.567237
5615,3508,checking,30176.38,2024-08-09 08:56:54.369920
5616,2852,checking,49589.53,2026-04-01 14:14:39.482068
5617,907,checking,11086.45,2026-02-08 17:01:00.957795
5618,979,checking,27711.74,2024-04-24 14:18:52.631315
5619,709,checking,24281.82,2023-10-14 21:42:01.447956
5620,4012,savings,45926.62,2024-07-10 03:38:20.441363
5621,1706,savings,16583.65,2025-02-16 23:05:29.001745
5622,3520,checking,24166.3,2024-12-09 02:32:08.020524
5623,3897,checking,34933.75,2023-12-30 05:37:54.488936
5624,2078,savings,27680.48,2026-04-07 11:25:02.479995
5625,696,checking,5565.34,2024-05-18 19:26:14.631126
5626,1119,checking,48760.41,2025-06-03 04:19:13.191837
5627,3474,checking,3789.91,2024-12-03 10:39:49.627641
5628,3188,savings,25415.33,2026-04-10 13:29:36.486600
5629,1435,savings,18158.86,2023-08-29 10:27:28.419780
5630,719,savings,44164.79,2024-08-08 12:49:43.101542
5631,1725,savings,7443.43,2025-06-11 23:15:39.125351
5632,4197,savings,42362.2,2025-04-14 00:08:06.543604
5633,4850,savings,32539.35,2025-02-15 09:18:03.437555
5634,2470,checking,27659.48,2025-06-01 08:07:11.521412
5635,1349,checking,32415.77,2024-06-14 01:38:43.610887
5636,2933,savings,14433.65,2026-04-14 22:42:23.656080
5637,1508,savings,27028.04,2025-09-29 10:53:55.678530
5638,4892,savings,35830.18,2024-03-28 06:26:27.563120
5639,2907,savings,4539.5,2025-09-15 17:34:20.340064
5640,4426,checking,17929.94,2024-11-23 04:36:05.639524
5641,2001,savings,45223.19,2023-11-18 15:35:45.399988
5642,1318,savings,46558.59,2023-11-16 16:36:13.423486
5643,1900,savings,36497.79,2026-03-23 06:44:27.157579
5644,4049,checking,31050.02,2025-05-23 15:24:27.961185
5645,4942,checking,29263.2,2025-06-28 17:59:11.096596
5646,369,checking,5616.61,2025-12-17 05:43:49.974056
5647,2699,checking,41931.87,2026-06-08 20:46:32.957181
5648,310,checking,37401.47,2025-06-30 16:58:31.385310
5649,813,savings,43276.56,2024-10-10 11:29:34.123777
5650,4713,savings,30744.5,2023-10-07 16:50:39.207581
5651,2009,savings,9895.68,2024-12-16 03:23:29.811386
5652,1548,checking,7497.38,2025-01-24 12:43:53.845100
5653,2137,checking,45834.85,2024-04-11 21:00:03.299681
5654,4274,savings,38019.65,2025-08-16 00:56:32.870030
5655,3313,savings,47865.94,2024-07-26 13:14:15.227522
5656,4088,checking,40789.49,2024-06-12 21:56:10.684036
5657,4497,savings,41929.31,2026-03-23 15:35:28.846139
5658,2264,checking,19775.15,2025-06-06 15:51:19.387870
5659,1133,checking,39627.06,2026-02-07 18:46:49.934747
5660,209,savings,5680.48,2026-01-10 04:37:16.580176
5661,2430,checking,38364.49,2026-04-27 19:41:11.341795
5662,3236,checking,47008.6,2023-09-27 02:47:49.096163
5663,4320,savings,20051.0,2023-09-23 21:51:07.722610
5664,2253,savings,35232.61,2025-12-22 14:27:26.669439
5665,362,checking,24182.56,2024-10-09 00:08:18.294029
5666,420,savings,17240.29,2024-10-04 09:25:13.978932
5667,1451,checking,11958.07,2023-06-14 02:49:40.455475
5668,4237,checking,16886.68,2025-08-03 14:52:59.400324
5669,3548,savings,11381.03,2025-10-22 18:30:05.862813
5670,193,checking,40084.69,2023-09-13 02:46:24.255227
5671,2566,savings,11592.59,2026-01-06 22:17:04.592660
5672,3630,savings,46096.06,2024-09-21 00:30:35.895979
5673,1737,checking,19584.57,2025-11-30 19:00:11.003059
5674,4097,savings,25707.5,2024-05-07 02:43:37.266193
5675,782,checking,5865.24,2023-08-26 23:06:22.417656
5676,3598,savings,10192.48,2024-12-12 17:00:01.784858
5677,4987,savings,7515.02,2025-12-01 14:05:49.878774
5678,202,savings,13514.69,2024-09-27 12:09:25.288723
5679,328,savings,9057.73,2024-08-01 07:57:54.928772
5680,2807,savings,48661.15,2025-09-26 05:34:59.795228
5681,4879,savings,25932.95,2026-02-01 00:15:51.318969
5682,3387,checking,40390.35,2024-06-15 12:33:23.553508
5683,1898,checking,17459.65,2025-11-27 20:47:35.849693
5684,2378,savings,47590.87,2023-07-17 16:44:04.061612
5685,4109,savings,36865.96,2023-10-06 09:22:04.227667
5686,201,checking,1929.59,2024-11-26 02:00:13.291581
5687,2516,checking,32123.46,2023-11-03 22:14:31.811194
5688,3078,checking,6341.43,2023-09-08 21:38:44.987324
5689,969,checking,23844.84,2025-07-17 22:36:40.767028
5690,3152,savings,25273.08,2023-07-05 12:13:12.638047
5691,3682,checking,28278.3,2023-09-11 23:00:16.908698
5692,2413,savings,28512.26,2026-05-08 06:21:37.809270
5693,3402,checking,19590.88,2025-05-29 10:20:31.171210
5694,3497,checking,11215.48,2025-03-21 21:03:38.827512
5695,326,checking,2055.66,2023-08-12 08:48:08.688923
5696,2962,checking,32295.75,2023-06-15 12:42:40.677527
5697,3680,savings,18582.74,2025-03-07 12:15:40.197512
5698,3265,checking,24904.1,2025-06-28 07:23:19.843500
5699,3271,checking,37974.29,2023-10-15 06:58:23.372269
5700,3258,checking,39496.88,2023-10-18 04:03:49.445238
5701,3155,checking,45821.26,2024-12-10 05:37:56.999664
5702,3008,savings,45597.23,2024-12-02 14:14:00.518583
5703,4488,checking,18915.07,2024-10-27 14:19:14.707020
5704,4463,savings,4598.91,2024-01-08 16:24:54.783775
5705,1761,checking,19122.22,2024-12-09 00:29:19.950910
5706,3461,savings,41669.19,2026-01-10 20:15:46.536615
5707,4072,checking,3627.56,2024-10-12 23:23:42.538960
5708,294,checking,21148.89,2023-12-15 19:28:57.649258
5709,681,savings,13708.59,2024-03-26 11:33:00.595126
5710,2074,checking,11976.98,2023-11-09 21:16:26.693890
5711,1495,savings,23843.77,2025-11-24 00:31:58.888966
5712,1941,checking,4924.57,2024-11-13 15:02:50.193826
5713,793,savings,44499.68,2024-04-23 03:39:26.894123
5714,4705,savings,40012.32,2024-03-01 01:08:16.456223
5715,2257,checking,32782.52,2025-08-13 00:42:16.424113
5716,2686,savings,34600.25,2024-07-31 17:18:41.731761
5717,2400,checking,49243.11,2024-06-09 04:53:43.597894
5718,3794,savings,3734.28,2023-06-18 08:38:09.706824
5719,764,savings,43552.91,2024-05-18 21:23:34.872952
5720,2351,savings,40991.46,2026-05-29 03:00:23.132730
5721,751,checking,29806.49,2026-04-05 10:29:49.722014
5722,4980,savings,18270.1,2026-05-20 01:01:46.497050
5723,2090,savings,43032.14,2023-08-18 13:52:07.680814
5724,2442,savings,20974.78,2025-11-02 08:29:42.066903
5725,2481,savings,16555.17,2025-05-27 11:54:12.264880
5726,2374,savings,41650.24,2024-03-26 20:47:34.588577
5727,3333,checking,19653.93,2026-01-21 07:46:55.357762
5728,3704,savings,16556.57,2024-02-25 13:27:47.761664
5729,1350,savings,38451.34,2024-07-31 02:13:51.701002
5730,1222,savings,36942.01,2025-07-12 20:51:16.957564
5731,801,savings,47275.23,2023-11-19 07:21:04.790192
5732,4815,checking,34649.49,2025-06-26 08:08:05.308697
5733,3505,checking,39274.96,2023-10-03 19:26:30.665842
5734,3331,checking,26945.78,2025-02-14 16:57:13.462945
5735,3658,savings,41337.0,2025-05-24 01:50:52.914803
5736,1784,checking,17101.66,2024-08-27 23:46:52.480033
5737,4117,savings,36085.69,2026-04-26 08:48:52.023768
5738,4877,checking,16336.25,2023-06-28 15:45:03.807204
5739,561,savings,28664.69,2024-08-21 07:06:20.711686
5740,62,checking,40024.33,2025-12-24 06:29:14.826061
5741,2426,savings,44754.89,2024-09-16 04:46:25.327342
5742,2306,checking,27716.18,2024-05-19 19:23:37.780017
5743,4433,checking,47472.88,2025-06-24 17:21:45.859565
5744,2302,checking,24924.0,2024-10-15 03:42:23.483753
5745,4233,savings,21252.55,2023-07-20 20:58:28.819031
5746,2337,savings,483.6,2025-04-14 16:48:18.341282
5747,825,checking,39522.4,2025-12-12 01:47:06.943262
5748,2622,savings,49410.61,2025-05-08 10:46:34.634664
5749,956,savings,37.53,2026-03-30 23:54:01.439339
5750,1327,savings,12616.36,2023-11-18 12:24:18.950627
5751,791,savings,41890.6,2024-05-22 05:09:03.731668
5752,122,checking,14080.45,2024-02-07 22:00:29.637694
5753,2104,savings,28877.42,2024-04-23 04:10:27.729118
5754,1729,savings,7351.0,2024-02-27 11:20:22.180858
5755,363,checking,12183.52,2024-01-23 13:51:41.609452
5756,4800,checking,26170.36,2025-09-09 10:42:59.449476
5757,44,savings,5502.9,2023-06-24 16:16:06.717424
5758,1278,checking,8455.05,2023-11-02 08:06:38.748640
5759,3730,savings,9853.69,2025-01-03 08:21:08.218079
5760,2515,savings,43772.43,2024-05-14 06:29:16.682549
5761,3772,checking,27882.58,2024-10-15 01:07:13.495613
5762,2136,checking,38189.52,2024-09-07 00:15:50.435921
5763,885,checking,3696.11,2023-09-16 21:48:35.049729
5764,4947,savings,8453.76,2024-11-01 05:19:55.191801
5765,811,checking,39945.37,2025-03-13 08:31:37.696629
5766,1561,checking,9482.54,2024-03-15 09:13:31.738640
5767,4548,checking,6097.89,2024-01-19 07:40:56.856835
5768,397,checking,15083.25,2023-12-28 11:47:15.961333
5769,2380,checking,48505.59,2023-10-26 01:37:03.322645
5770,1589,checking,28498.48,2026-05-13 11:57:59.172499
5771,1262,savings,25775.47,2024-04-23 14:14:43.511800
5772,381,savings,48076.85,2024-06-23 10:51:49.013010
5773,2727,savings,37968.22,2024-12-07 08:03:57.757459
5774,3394,savings,41391.7,2025-03-16 02:30:21.005598
5775,459,savings,29315.42,2024-04-17 03:25:52.829961
5776,4343,checking,21422.3,2023-07-12 03:18:40.653650
5777,1946,checking,43518.83,2026-01-16 19:37:37.689948
5778,2179,checking,15765.28,2026-06-09 03:53:20.644686
5779,1501,checking,35569.13,2025-05-20 18:32:46.294899
5780,3590,savings,7248.76,2023-08-29 02:58:42.032906
5781,2992,checking,44154.53,2025-01-08 09:42:48.252822
5782,403,savings,35404.19,2026-01-17 21:37:57.248493
5783,677,checking,44273.16,2025-02-02 04:40:38.682860
5784,3517,savings,32947.51,2024-09-23 10:16:23.227788
5785,838,checking,36148.37,2025-04-15 09:42:42.484463
5786,2992,savings,31890.34,2023-08-13 12:32:36.886523
5787,4857,checking,12917.34,2024-01-07 02:34:30.032015
5788,4725,checking,20226.99,2024-10-21 04:21:13.358935
5789,1282,savings,6126.04,2024-09-18 06:11:27.085059
5790,3251,checking,5059.72,2024-03-21 03:34:48.660223
5791,1571,savings,17613.44,2025-07-14 14:00:37.609977
5792,2712,savings,37625.02,2024-02-20 04:13:27.296313
5793,4857,savings,46596.48,2026-01-30 00:06:02.015455
5794,762,checking,24167.11,2025-02-26 16:07:15.355195
5795,1121,checking,37912.48,2026-03-16 03:35:17.470535
5796,4570,savings,280.34,2025-12-22 05:22:06.688367
5797,2872,savings,49907.08,2024-05-30 13:12:46.458013
5798,980,checking,35252.31,2025-02-14 07:06:44.565147
5799,913,checking,37781.77,2024-10-28 00:51:36.382133
5800,4630,checking,11229.0,2023-07-07 04:46:05.698554
5801,875,savings,11976.58,2025-09-01 17:10:35.629551
5802,2138,savings,16609.77,2025-06-14 20:17:57.344428
5803,1698,savings,31259.42,2026-04-28 17:11:36.155968
5804,4675,checking,9936.15,2025-03-08 19:01:04.276811
5805,1314,savings,27833.3,2025-04-14 08:57:33.960670
5806,3522,checking,5720.48,2025-05-24 01:24:46.440191
5807,4553,checking,11098.34,2023-12-08 23:32:59.088412
5808,2518,savings,24911.66,2025-11-07 16:10:05.209621
5809,1002,checking,48542.08,2025-08-22 08:37:13.108431
5810,3270,savings,26434.15,2024-07-04 12:08:13.750019
5811,3463,checking,27881.57,2025-08-16 05:09:08.456773
5812,2784,savings,47111.69,2025-07-08 23:52:34.503060
5813,3017,savings,14874.19,2024-02-03 15:46:46.045344
5814,174,savings,43388.73,2025-09-30 22:44:58.000053
5815,4601,checking,44181.52,2023-10-27 16:37:03.787159
5816,3862,savings,45418.09,2023-12-28 08:38:04.344570
5817,3131,savings,16178.15,2024-12-24 13:03:33.017272
5818,4011,savings,1271.61,2023-12-11 10:53:55.904387
5819,43,savings,236.88,2024-08-24 18:42:26.733758
5820,1861,savings,28802.29,2026-05-01 03:53:25.898745
5821,1583,savings,42692.98,2024-06-16 22:18:19.923866
5822,339,checking,8849.28,2025-06-15 08:31:16.369489
5823,391,checking,10360.39,2025-11-09 15:33:00.407522
5824,2555,savings,33475.64,2025-05-01 09:09:41.921541
5825,2159,checking,11619.51,2025-12-19 18:10:47.564765
5826,1626,savings,7844.16,2025-07-20 08:16:53.029777
5827,2426,savings,18663.22,2023-11-23 18:33:52.070189
5828,1389,savings,26677.33,2023-11-14 13:32:42.810595
5829,4862,checking,27900.34,2025-10-21 14:01:05.134729
5830,1116,checking,22122.46,2025-11-16 19:33:40.972573
5831,348,savings,29147.16,2023-07-30 12:45:00.070012
5832,461,savings,20712.94,2023-10-15 15:26:05.144909
5833,4389,savings,29628.12,2025-10-20 04:35:02.459426
5834,2857,savings,21013.25,2024-02-26 22:27:34.734301
5835,3344,checking,21275.51,2026-03-12 07:29:05.944658
5836,3664,checking,8322.28,2025-02-21 16:38:55.066218
5837,1653,savings,24746.49,2024-12-07 22:37:13.628839
5838,2658,checking,29716.76,2026-03-30 19:28:45.885298
5839,3120,checking,37802.57,2025-04-22 16:30:28.376244
5840,963,checking,39990.27,2024-03-28 14:35:29.923135
5841,4351,savings,14014.79,2024-04-16 21:25:58.179149
5842,1738,savings,27817.65,2025-05-10 15:18:30.078145
5843,1244,checking,1659.77,2025-11-21 04:42:24.752566
5844,3447,checking,41316.01,2023-12-31 01:07:36.888307
5845,1087,savings,18043.51,2026-05-06 08:04:35.128323
5846,2137,savings,40511.81,2026-03-27 10:10:05.784499
5847,2205,checking,26865.23,2024-07-29 06:11:16.586043
5848,4662,checking,32426.26,2024-12-06 08:09:58.557549
5849,274,checking,49474.52,2023-11-04 21:19:21.810656
5850,4675,checking,30476.07,2023-10-22 03:44:02.926914
5851,3223,checking,1701.97,2026-05-20 00:33:45.904549
5852,2387,savings,3414.33,2024-03-03 07:59:08.342482
5853,4967,checking,32016.38,2025-02-08 11:20:05.731242
5854,881,checking,30345.76,2024-11-03 08:33:44.176043
5855,3645,savings,445.66,2025-07-21 21:32:51.888613
5856,18,savings,35509.25,2024-06-26 04:12:53.404248
5857,3429,savings,27506.76,2025-11-13 05:06:04.567344
5858,306,savings,28593.15,2025-06-09 02:34:21.384471
5859,592,checking,3056.64,2026-04-29 22:01:09.791847
5860,3991,checking,28938.2,2024-02-29 18:57:14.310988
5861,4229,savings,18879.75,2026-06-13 04:49:21.994798
5862,4237,checking,46263.74,2024-05-09 09:23:36.635077
5863,453,checking,33047.27,2025-10-15 21:55:32.065603
5864,1621,checking,49797.54,2025-01-01 12:17:25.046101
5865,1387,checking,11263.04,2025-04-29 02:57:30.394876
5866,1762,savings,19235.46,2024-03-07 06:51:32.795495
5867,191,checking,42626.0,2025-10-11 09:19:19.992044
5868,3225,checking,42440.1,2025-05-09 04:49:04.697851
5869,1893,checking,5999.04,2026-01-09 01:37:02.729840
5870,3290,checking,3068.07,2024-05-22 16:53:48.684415
5871,1663,checking,11134.41,2025-07-06 18:10:09.633314
5872,1741,checking,15217.14,2024-03-24 23:06:07.919684
5873,3821,savings,35087.52,2025-03-29 00:20:38.036393
5874,134,checking,41231.88,2025-12-19 04:34:22.308856
5875,1774,savings,41222.07,2025-06-20 23:52:28.489200
5876,4202,savings,28265.7,2025-06-06 02:41:20.627632
5877,2118,savings,35509.13,2024-06-18 00:23:28.178078
5878,1476,savings,23723.93,2023-12-24 14:55:09.818659
5879,848,savings,4987.26,2026-01-16 04:36:54.632219
5880,3650,checking,48158.56,2026-02-04 07:44:25.566791
5881,1715,checking,24735.73,2023-08-20 18:30:54.368901
5882,3744,checking,12055.19,2023-08-26 14:32:36.293162
5883,27,savings,42521.31,2024-03-27 15:51:31.694064
5884,209,checking,29986.53,2024-02-10 00:12:59.224306
5885,4726,checking,30252.91,2023-08-27 00:20:46.756750
5886,2955,savings,22159.91,2023-07-22 16:17:10.689961
5887,1972,checking,25954.65,2026-05-11 18:03:23.501437
5888,1475,checking,41673.45,2025-01-11 05:06:14.399488
5889,4513,savings,33328.56,2025-09-15 10:53:07.314863
5890,2837,checking,1980.94,2025-06-25 01:48:06.195146
5891,1778,savings,38353.38,2025-04-06 08:33:42.118006
5892,445,savings,12253.69,2025-09-06 03:54:13.792308
5893,2250,checking,6547.64,2025-05-26 02:44:08.249769
5894,1077,checking,15628.09,2025-12-17 06:24:47.840998
5895,1608,checking,15150.38,2026-03-18 15:05:15.404257
5896,1994,checking,5044.75,2024-08-24 15:54:52.425365
5897,3833,checking,13078.09,2025-11-07 15:11:00.652222
5898,390,checking,19750.29,2024-01-25 19:02:29.970192
5899,2075,savings,29430.42,2023-06-30 16:36:24.185643
5900,2541,savings,15569.55,2024-09-17 16:20:26.701484
5901,132,checking,10010.79,2024-09-25 14:14:51.183067
5902,1683,savings,8376.29,2026-02-19 22:46:01.828112
5903,3278,checking,33391.94,2023-10-24 17:15:17.905777
5904,2650,checking,13301.86,2024-12-22 23:00:40.137499
5905,3053,checking,37838.46,2025-11-30 20:44:12.491518
5906,2754,savings,24707.92,2024-07-22 12:33:42.960452
5907,2359,checking,4683.02,2023-08-10 05:45:07.022803
5908,4301,savings,28563.54,2023-11-07 21:18:41.206127
5909,4922,checking,36133.83,2024-03-05 06:24:00.534849
5910,1219,checking,4433.47,2026-01-13 22:28:13.342673
5911,3240,checking,9379.97,2025-12-25 07:57:31.759536
5912,1153,checking,10183.81,2024-10-14 09:19:50.420693
5913,710,checking,10493.09,2023-07-31 21:19:13.946977
5914,2035,savings,43938.66,2025-10-25 04:26:49.307681
5915,4977,checking,4733.12,2024-06-28 19:08:49.076488
5916,2309,checking,43658.08,2023-06-21 14:54:05.232504
5917,1587,savings,1150.83,2025-03-06 21:24:07.093974
5918,4476,savings,35065.41,2024-09-08 10:11:31.891968
5919,2462,savings,24384.4,2026-02-17 10:23:52.075332
5920,4491,savings,47605.04,2023-12-16 03:22:18.803772
5921,4019,savings,40975.95,2024-02-23 09:11:25.479208
5922,2816,savings,19707.42,2024-11-21 06:37:54.092983
5923,3041,checking,7557.16,2024-10-01 00:28:18.752674
5924,865,savings,39154.16,2025-09-06 20:20:17.458076
5925,513,savings,12565.97,2024-04-26 10:56:25.620230
5926,936,savings,4367.74,2025-03-30 08:53:31.818017
5927,2657,checking,13197.61,2025-07-11 00:09:36.900983
5928,3184,checking,37279.76,2024-11-03 06:14:49.915326
5929,2593,savings,29902.72,2025-03-12 16:06:02.381362
5930,916,savings,25473.18,2024-07-16 02:03:52.078857
5931,2095,checking,29656.51,2024-09-07 16:52:45.093432
5932,4514,savings,21346.59,2025-06-12 07:50:30.325720
5933,1197,checking,3679.69,2025-05-06 19:35:12.678112
5934,3263,savings,3800.68,2025-08-19 10:07:37.737890
5935,3880,checking,27511.75,2024-12-10 14:48:00.842553
5936,3162,savings,43391.9,2025-01-12 14:45:48.131840
5937,4312,checking,10902.08,2024-10-19 21:15:50.109371
5938,4584,checking,47418.11,2024-12-30 20:43:18.089979
5939,568,savings,37115.96,2024-02-25 13:36:13.227210
5940,3485,savings,1313.77,2025-08-26 12:16:42.630698
5941,1850,checking,40157.09,2025-07-07 00:27:10.566369
5942,4840,savings,16762.7,2026-01-17 09:51:40.950796
5943,4236,checking,48904.59,2024-10-31 07:11:11.592932
5944,4058,savings,11385.5,2026-01-28 10:24:36.879179
5945,326,savings,30776.45,2025-12-10 03:41:22.599978
5946,4615,savings,26733.6,2025-12-26 12:41:19.598316
5947,4612,checking,49446.1,2024-06-17 01:47:25.601616
5948,1380,checking,32791.21,2024-06-15 05:57:32.690247
5949,652,savings,26223.68,2026-02-12 02:56:09.748759
5950,4810,checking,34231.05,2024-07-13 21:36:29.059075
5951,1385,checking,5567.21,2025-12-16 13:19:13.156836
5952,3851,savings,25332.63,2024-04-12 20:23:44.655560
5953,2942,checking,25455.65,2024-12-22 10:20:18.440761
5954,4267,checking,13778.41,2023-07-02 19:15:09.581250
5955,164,checking,590.3,2025-10-29 09:34:24.249339
5956,3924,checking,202.05,2023-12-15 05:07:45.385326
5957,1657,checking,41940.54,2023-12-24 12:56:11.397631
5958,2024,savings,4338.64,2024-07-09 10:44:35.205697
5959,994,checking,14076.98,2024-09-15 04:11:46.638855
5960,580,checking,42585.27,2024-07-11 04:50:08.675133
5961,1316,savings,31874.2,2023-09-11 09:59:03.622215
5962,2384,checking,38596.53,2024-02-07 23:44:59.838021
5963,4216,savings,10061.9,2023-10-23 11:13:46.766279
5964,2989,savings,47975.66,2024-11-29 19:12:30.462783
5965,600,checking,22313.3,2024-10-10 05:31:13.707287
5966,4333,checking,34350.22,2026-02-23 00:06:54.286508
5967,4249,checking,1346.78,2024-06-23 03:17:52.014222
5968,863,savings,24809.28,2023-10-14 21:23:34.863372
5969,355,checking,10262.0,2024-04-12 13:44:41.097687
5970,2455,checking,13779.29,2025-10-13 06:31:21.840440
5971,2312,checking,36196.04,2025-11-09 11:06:32.441427
5972,280,checking,20591.74,2026-01-04 16:08:21.184179
5973,1948,savings,49600.45,2024-11-01 02:28:31.511770
5974,2012,checking,267.4,2025-01-30 21:33:18.921573
5975,2264,savings,41172.9,2026-02-09 10:31:00.561090
5976,3042,savings,20541.84,2026-04-17 18:03:53.230656
5977,3284,checking,40744.97,2023-06-21 01:08:00.710445
5978,805,checking,6508.69,2024-05-11 17:47:24.172168
5979,1763,savings,40244.41,2025-11-20 17:18:16.078762
5980,1350,checking,34880.24,2025-07-20 03:07:04.908399
5981,602,checking,7000.19,2023-10-06 13:48:17.744895
5982,2048,savings,38696.82,2024-08-12 01:32:19.116121
5983,4525,checking,43212.37,2025-05-28 17:38:58.527819
5984,4692,savings,36912.22,2025-05-25 20:34:37.751910
5985,1642,savings,48524.77,2024-06-29 06:23:35.775952
5986,2812,savings,38906.65,2024-10-22 04:16:10.962514
5987,3851,savings,44527.07,2026-04-27 11:58:31.597849
5988,112,savings,29736.0,2024-08-07 08:04:52.417313
5989,211,savings,6112.65,2023-09-25 04:50:16.332570
5990,71,savings,46957.12,2025-08-21 21:59:52.428198
5991,1409,savings,37421.54,2024-07-03 02:14:34.300966
5992,1212,checking,24070.08,2023-10-03 11:38:51.044086
5993,3176,savings,16122.07,2025-05-01 07:19:37.491870
5994,3731,checking,33369.78,2026-01-03 22:39:49.217822
5995,1211,savings,65.33,2024-09-04 11:16:14.521191
5996,1088,checking,47779.12,2024-10-09 12:15:06.335545
5997,2331,checking,33049.28,2025-11-23 11:41:12.032621
5998,2770,savings,36223.38,2023-11-20 10:06:39.645297
5999,4363,checking,10370.02,2025-09-30 16:21:10.374785
6000,779,savings,13499.48,2026-06-05 08:30:34.609009
6001,1155,checking,48409.5,2024-02-28 04:48:21.539675
6002,1197,checking,5263.44,2024-05-21 13:20:41.538695
6003,4118,checking,35894.83,2025-05-23 04:43:21.449003
6004,3042,savings,49345.59,2024-03-22 04:08:51.846995
6005,4419,checking,6848.52,2025-11-28 14:03:58.800224
6006,4097,savings,12944.54,2023-08-19 11:10:45.115058
6007,4957,savings,44374.7,2025-07-21 09:26:19.860973
6008,4813,savings,28715.02,2025-01-12 05:56:12.457297
6009,1827,savings,34400.16,2023-08-05 20:03:18.015659
6010,56,savings,43146.42,2026-03-20 20:39:48.156323
6011,1319,checking,7416.28,2026-01-16 13:47:48.937892
6012,3353,checking,26710.44,2025-01-31 09:06:14.300943
6013,4761,checking,40603.91,2023-07-30 00:06:18.533807
6014,752,checking,30975.13,2024-02-11 15:37:15.009346
6015,2244,savings,41647.18,2024-04-10 02:54:21.893060
6016,4720,savings,24339.84,2023-09-08 12:06:32.377328
6017,1427,savings,39406.75,2023-09-09 20:49:11.944848
6018,4235,savings,48033.67,2024-12-16 02:59:20.646321
6019,1021,checking,366.52,2023-08-25 06:02:49.656926
6020,1295,savings,32624.67,2024-08-19 04:26:27.370105
6021,290,checking,31550.21,2025-01-10 08:08:39.744506
6022,3308,savings,2644.91,2025-07-20 00:55:24.907958
6023,268,savings,4969.85,2024-09-17 00:28:14.987960
6024,3536,checking,13331.82,2025-09-02 00:47:13.685280
6025,1810,checking,40549.72,2026-05-09 15:32:12.721730
6026,2272,checking,41109.66,2023-11-15 19:22:02.978675
6027,3164,checking,37208.52,2024-02-19 15:06:50.585511
6028,4845,savings,37722.06,2024-01-29 18:02:14.748274
6029,1947,checking,29329.63,2026-04-22 03:32:15.001146
6030,3704,savings,46064.9,2025-05-11 08:07:05.578331
6031,3489,checking,47240.79,2024-04-19 11:55:12.672344
6032,85,savings,10860.67,2023-08-05 03:11:48.013023
6033,4313,savings,44741.58,2026-04-02 00:37:17.423254
6034,3800,checking,30006.24,2025-06-13 08:05:20.186375
6035,2813,savings,7478.82,2023-07-12 05:54:39.651014
6036,1869,checking,46526.62,2024-12-09 15:15:54.258564
6037,33,checking,41353.42,2025-02-23 00:51:16.049352
6038,4549,checking,14414.03,2025-03-05 00:22:38.104515
6039,2129,savings,3978.07,2025-08-05 08:27:31.835928
6040,125,checking,45397.57,2024-10-22 00:26:21.402007
6041,4807,savings,26254.31,2025-01-27 16:50:43.291421
6042,3039,checking,42814.18,2026-03-16 20:25:21.077227
6043,1610,savings,11021.38,2023-06-15 05:44:33.902621
6044,4801,savings,12971.42,2025-07-16 21:42:37.059804
6045,3214,checking,14075.93,2025-07-14 19:11:03.364399
6046,1677,savings,1412.61,2024-02-01 23:48:41.758169
6047,1439,savings,40438.47,2026-03-26 11:21:37.216299
6048,2899,savings,6351.27,2023-10-04 21:56:50.748064
6049,3679,savings,46165.24,2023-08-28 04:55:58.803732
6050,3771,checking,39773.04,2025-02-08 18:05:13.939121
6051,1086,checking,3309.8,2025-06-28 14:24:34.206614
6052,4253,checking,23564.88,2025-10-03 09:59:02.350513
6053,4964,savings,18438.27,2024-08-27 21:35:56.494714
6054,2088,checking,26346.12,2024-08-19 23:00:05.268302
6055,2641,checking,12965.49,2024-05-21 16:58:18.572528
6056,3470,checking,35104.01,2026-01-19 22:48:59.535489
6057,1935,checking,22712.5,2026-03-06 00:37:37.642627
6058,340,checking,6327.41,2025-08-12 19:13:12.235084
6059,2585,checking,46549.19,2025-04-05 04:25:42.125254
6060,2290,checking,28694.53,2024-03-08 13:22:26.446910
6061,2079,savings,38528.36,2025-11-07 19:29:12.086662
6062,1713,savings,9321.94,2025-03-03 18:34:39.091495
6063,4073,savings,9154.87,2024-06-04 22:11:45.394752
6064,4640,savings,23063.69,2023-10-25 09:51:40.439907
6065,2397,savings,6438.02,2025-12-30 16:38:21.247133
6066,109,savings,18603.64,2024-05-27 20:35:13.599348
6067,1963,checking,25408.53,2023-06-19 01:56:46.916244
6068,3066,checking,33746.24,2026-03-11 20:55:03.741094
6069,3830,savings,14275.49,2025-10-01 15:37:27.366718
6070,3316,checking,38054.96,2024-11-09 07:16:04.541981
6071,3929,checking,34929.34,2024-09-19 19:27:31.564623
6072,1802,checking,25012.92,2025-03-01 06:01:55.789260
6073,3720,checking,31066.58,2025-03-20 04:53:31.880224
6074,2698,checking,18627.16,2025-04-23 07:18:32.376131
6075,4122,savings,20629.41,2026-01-28 16:02:45.035477
6076,508,checking,34186.56,2025-08-12 07:38:07.003314
6077,4991,checking,41897.83,2023-09-01 06:53:22.332724
6078,2116,savings,36853.69,2025-06-25 20:14:38.809394
6079,3370,savings,42827.34,2024-12-02 04:18:07.824883
6080,3754,savings,42361.61,2025-03-06 02:24:39.657979
6081,1627,checking,32462.26,2025-10-20 12:53:41.409941
6082,1622,savings,47144.77,2025-07-26 21:01:47.755774
6083,1475,savings,44305.16,2023-12-06 01:21:35.637416
6084,3969,checking,48289.17,2024-07-25 03:45:34.471190
6085,1415,checking,48727.44,2024-09-28 20:19:32.252245
6086,1016,checking,27444.51,2024-02-17 11:03:59.983384
6087,1181,checking,41048.97,2024-03-11 10:38:39.194351
6088,3689,checking,31377.11,2026-05-28 07:25:14.208636
6089,30,savings,12668.86,2024-09-09 11:44:12.290421
6090,4651,checking,39562.43,2024-01-06 09:33:48.438919
6091,4863,savings,31083.66,2024-05-08 17:20:06.166007
6092,226,checking,16003.0,2025-07-26 09:50:40.612875
6093,2647,savings,17944.98,2025-11-17 04:50:14.838208
6094,1313,checking,42352.41,2023-06-25 01:29:42.695586
6095,608,checking,4707.86,2025-10-06 04:53:23.785410
6096,4324,savings,30.99,2026-01-25 18:38:30.581172
6097,4665,savings,30010.07,2024-09-27 22:30:27.704174
6098,1748,checking,12041.56,2025-06-27 17:27:15.864333
6099,296,savings,5503.16,2025-07-02 19:17:47.645060
6100,2068,checking,45528.17,2024-11-24 17:54:25.634948
6101,2329,checking,49495.94,2025-01-23 03:50:45.869673
6102,4538,savings,44077.98,2023-10-13 16:07:42.216885
6103,356,checking,26429.7,2025-01-29 09:50:56.813766
6104,263,checking,42595.63,2024-12-06 13:46:54.806043
6105,2519,savings,13952.93,2024-05-18 06:17:50.464769
6106,3661,savings,30686.41,2024-10-23 15:07:47.492775
6107,2043,checking,23098.4,2023-07-11 00:57:02.817304
6108,3251,checking,20664.94,2025-09-12 21:50:15.194135
6109,3449,savings,47671.49,2024-08-01 10:57:11.235327
6110,3708,checking,35781.96,2024-12-20 04:39:29.385303
6111,2559,checking,18757.51,2024-12-05 18:10:03.937986
6112,3954,checking,41685.29,2026-01-01 11:54:29.464995
6113,2700,savings,22548.62,2024-08-29 14:39:34.393354
6114,2305,checking,48388.24,2023-06-18 20:47:48.829475
6115,383,savings,43026.3,2024-04-02 09:07:10.409819
6116,3751,checking,46232.1,2025-07-22 16:06:22.934125
6117,3778,savings,28099.57,2024-03-20 19:58:10.411965
6118,2812,savings,12079.93,2023-11-30 02:07:23.204417
6119,592,savings,34056.37,2025-04-15 15:47:50.455699
6120,963,savings,7990.11,2023-08-07 13:47:40.942334
6121,340,savings,35292.65,2025-06-05 03:58:18.547392
6122,1196,savings,1815.56,2025-02-23 00:21:05.002200
6123,288,checking,13471.48,2026-01-12 05:54:22.877420
6124,3331,savings,7388.23,2024-09-08 20:36:19.396581
6125,2484,checking,35011.15,2025-09-04 21:18:50.563147
6126,3459,savings,3752.88,2025-02-11 20:47:31.406414
6127,2912,savings,35607.38,2026-04-01 02:05:49.304908
6128,3763,checking,1947.49,2026-03-23 10:24:52.670534
6129,3954,checking,39499.54,2023-09-12 21:04:25.789769
6130,3613,checking,32175.03,2024-09-17 11:37:03.183306
6131,506,checking,27784.96,2025-11-16 21:46:13.527878
6132,2301,savings,41291.07,2024-01-30 23:53:20.084957
6133,1596,checking,44914.89,2024-02-11 02:20:04.351175
6134,452,checking,25265.91,2026-03-01 22:04:16.425678
6135,4451,checking,32850.14,2025-05-01 00:06:23.913321
6136,836,savings,6950.53,2024-04-27 09:42:28.291383
6137,1320,checking,3496.45,2024-08-06 15:15:50.211244
6138,1025,checking,35862.89,2024-10-15 07:56:31.577924
6139,2027,savings,24128.2,2023-12-22 08:29:08.600599
6140,3041,checking,32242.67,2023-10-01 16:46:09.862063
6141,176,checking,8653.86,2025-04-23 09:52:18.446968
6142,1626,savings,49203.23,2026-04-03 06:53:01.050523
6143,4069,savings,39702.01,2024-07-24 04:23:14.579063
6144,2156,checking,30934.12,2024-06-09 13:12:44.389701
6145,3357,savings,18628.47,2024-08-15 05:24:04.725044
6146,1397,savings,21178.39,2024-10-03 13:31:23.468757
6147,4702,checking,8642.46,2025-03-12 18:54:34.138275
6148,4264,savings,32500.49,2023-09-07 15:13:59.262780
6149,235,savings,8505.73,2025-02-09 06:51:29.462104
6150,1787,savings,22363.6,2024-05-25 05:03:42.540224
6151,4314,checking,11752.58,2024-02-12 02:30:42.509249
6152,4493,savings,7684.7,2025-05-10 17:56:03.662626
6153,1378,checking,31055.59,2024-11-10 03:49:06.207080
6154,223,checking,41533.06,2023-08-02 08:58:30.052886
6155,732,checking,15623.08,2026-04-10 04:34:23.499343
6156,2922,savings,10320.04,2024-04-01 08:06:20.026587
6157,1785,checking,38317.64,2026-05-30 02:54:55.965324
6158,3606,checking,43314.83,2026-04-29 09:57:01.421911
6159,415,checking,41838.36,2025-05-02 06:35:08.655398
6160,4764,checking,46570.2,2024-02-21 15:27:04.004180
6161,2078,savings,44356.35,2024-06-04 20:42:38.431725
6162,567,checking,43549.89,2026-05-23 14:59:16.626983
6163,3881,checking,32211.26,2023-07-05 19:48:45.199598
6164,720,savings,44872.81,2025-07-20 05:49:54.397640
6165,4322,checking,1000.22,2024-08-29 04:34:10.015939
6166,4285,savings,40499.86,2024-08-17 23:00:19.292276
6167,4276,savings,19041.2,2025-06-23 17:16:02.557960
6168,3321,savings,19484.49,2025-12-19 21:02:18.166171
6169,4327,checking,35195.35,2024-05-23 16:27:54.086592
6170,2757,checking,33684.12,2026-01-22 21:12:21.435530
6171,4936,checking,9725.34,2024-03-15 05:44:24.244710
6172,926,checking,36679.24,2025-06-04 20:29:53.374496
6173,1001,savings,13223.89,2024-12-17 04:45:02.216992
6174,1803,checking,30322.47,2025-06-21 23:44:02.768425
6175,1914,checking,10902.69,2025-10-26 16:42:17.713287
6176,2855,savings,11802.45,2025-12-21 11:41:01.903696
6177,2695,checking,30522.27,2024-12-01 15:37:48.614020
6178,3269,savings,11343.7,2026-04-27 20:00:43.519753
6179,390,checking,18410.84,2025-12-18 13:09:42.047911
6180,2308,savings,38007.58,2023-09-10 07:04:46.044132
6181,836,checking,25221.66,2024-04-01 15:39:27.112964
6182,2943,savings,7340.66,2024-04-01 00:30:02.039414
6183,3265,checking,14823.56,2024-08-10 00:31:49.851018
6184,4362,checking,24177.09,2025-06-20 18:22:32.438469
6185,4440,checking,9469.46,2025-04-24 14:32:36.202721
6186,1205,checking,33398.19,2023-10-07 21:22:05.365149
6187,2849,checking,632.09,2023-11-03 09:45:44.807556
6188,1432,checking,42418.21,2025-04-26 13:19:52.673069
6189,4254,savings,6939.98,2026-02-05 22:05:20.528437
6190,2229,checking,3303.02,2025-09-06 09:16:57.045217
6191,4163,checking,14777.21,2025-06-15 14:53:46.375698
6192,968,savings,13493.56,2023-06-15 04:47:56.165819
6193,312,savings,48526.72,2024-01-22 14:43:58.197216
6194,3457,checking,32939.52,2024-07-18 01:02:23.853006
6195,1709,checking,24607.42,2024-08-24 23:57:37.265574
6196,1858,savings,8993.31,2024-02-23 12:18:23.284803
6197,4828,checking,39469.13,2025-04-02 16:32:41.974738
6198,4474,savings,35050.26,2024-09-15 15:13:43.759050
6199,1245,checking,34219.3,2025-02-24 19:17:10.803257
6200,3316,savings,31350.18,2025-03-26 01:22:30.344527
6201,1335,checking,39089.74,2024-11-25 06:11:53.157214
6202,4560,savings,46408.32,2024-11-15 13:12:23.099016
6203,406,savings,4815.07,2026-01-04 18:11:07.840163
6204,4988,savings,35396.31,2024-10-10 23:50:14.964421
6205,2512,savings,31261.75,2026-02-12 23:41:11.098075
6206,4076,savings,47901.55,2026-03-28 21:50:18.848036
6207,4556,checking,19838.86,2024-12-16 05:39:02.798488
6208,400,checking,2294.72,2024-01-07 08:31:59.213516
6209,1839,savings,16132.48,2026-04-26 00:45:43.492104
6210,4336,savings,21815.23,2024-11-08 08:32:01.220802
6211,1763,savings,25515.27,2025-11-17 06:22:54.156698
6212,1945,checking,38717.04,2025-07-22 11:48:45.022465
6213,1544,savings,9989.05,2026-02-01 11:09:30.917509
6214,2952,checking,1108.68,2026-02-02 23:03:20.971073
6215,2019,savings,19287.14,2025-11-22 10:24:03.628820
6216,2216,savings,1772.56,2023-09-08 17:06:33.036348
6217,3936,checking,11944.03,2023-08-05 02:10:19.388500
6218,1231,checking,27191.65,2026-06-07 01:19:03.229048
6219,249,savings,22159.57,2023-10-27 05:06:10.021795
6220,4924,checking,46570.85,2023-12-11 12:00:59.375836
6221,17,checking,9611.73,2023-12-07 03:36:03.255510
6222,4673,savings,8301.72,2024-05-12 10:07:35.674557
6223,2431,savings,36618.2,2023-11-29 18:52:11.760193
6224,102,checking,11307.95,2024-02-28 15:25:57.464638
6225,116,savings,25587.69,2023-11-08 03:55:37.079918
6226,4884,savings,27482.65,2025-08-27 14:43:57.127316
6227,2303,savings,6893.96,2025-08-24 20:22:41.734940
6228,266,savings,35119.4,2026-05-09 11:13:58.159785
6229,2565,savings,38213.47,2026-01-18 20:02:05.030252
6230,855,savings,37413.02,2025-04-03 14:10:51.996063
6231,2909,checking,37445.66,2025-06-20 12:28:02.595898
6232,1728,checking,15274.28,2023-12-11 13:56:40.215259
6233,2656,savings,14101.51,2024-07-30 12:18:03.920456
6234,3368,savings,33748.32,2025-09-19 19:15:48.376963
6235,2642,checking,13777.32,2024-09-14 13:04:19.062755
6236,4036,savings,15644.78,2024-02-18 15:19:40.883158
6237,1362,checking,28480.61,2025-10-05 12:44:09.267607
6238,2253,savings,2559.42,2024-09-03 00:03:18.130949
6239,1663,savings,40669.31,2025-09-08 10:55:56.783397
6240,4990,savings,27464.01,2025-12-07 09:24:07.339900
6241,530,savings,17446.61,2024-06-28 02:12:51.991412
6242,124,checking,48118.63,2025-11-11 07:09:27.189126
6243,3338,checking,32937.8,2025-06-08 16:48:16.967277
6244,3312,checking,39025.82,2023-11-26 14:45:11.929685
6245,831,savings,42433.61,2024-08-20 16:01:58.280565
6246,4415,checking,17180.39,2024-10-30 17:17:48.437100
6247,3612,checking,1771.26,2024-08-31 21:44:19.789798
6248,264,checking,38655.35,2024-08-29 17:30:20.785892
6249,4923,savings,29775.39,2024-01-27 16:39:27.788025
6250,3614,savings,48802.89,2023-09-30 08:09:31.144312
6251,3605,savings,49730.4,2023-07-29 03:13:11.992031
6252,1246,savings,21777.7,2024-06-03 23:51:28.959168
6253,1644,checking,26669.84,2026-05-14 10:30:49.438523
6254,1564,savings,30179.12,2024-06-14 17:41:23.407722
6255,764,checking,26109.6,2024-02-28 12:44:07.195827
6256,4112,savings,41224.06,2024-09-17 11:27:06.938447
6257,2402,savings,45699.51,2025-08-15 03:41:56.887267
6258,1072,checking,25744.82,2024-02-28 05:36:27.282920
6259,2078,checking,20217.0,2025-05-22 13:06:20.991411
6260,1033,checking,11507.8,2025-08-11 16:55:14.810559
6261,3880,savings,24034.24,2025-05-22 02:32:53.523429
6262,2288,savings,11777.01,2025-02-23 14:53:12.317320
6263,1656,checking,8443.74,2026-06-04 06:56:59.284801
6264,3954,checking,15061.94,2023-10-11 07:21:54.488118
6265,3377,checking,10197.78,2025-08-07 19:21:25.822645
6266,894,checking,29845.13,2023-11-09 04:16:30.929217
6267,4925,savings,5561.65,2024-12-16 07:11:33.728635
6268,4834,savings,16784.39,2025-10-25 09:41:22.058427
6269,3706,checking,8718.05,2024-06-18 09:55:17.765703
6270,1398,savings,18913.12,2023-09-12 11:16:26.018656
6271,4025,checking,28898.16,2025-03-12 11:13:58.236636
6272,955,savings,7829.8,2025-06-13 17:56:16.870978
6273,918,checking,4322.62,2026-04-04 13:54:36.969333
6274,2711,savings,25840.74,2023-08-28 18:08:14.222868
6275,1557,savings,21301.14,2025-03-25 22:23:25.695052
6276,218,checking,6695.53,2023-10-09 13:31:42.162964
6277,1709,checking,48753.98,2026-04-23 02:21:19.327456
6278,3046,savings,39931.21,2025-09-05 11:59:18.823874
6279,2132,savings,14491.25,2025-01-04 15:39:59.767675
6280,4158,savings,35775.26,2023-09-06 02:38:25.230184
6281,569,savings,10143.67,2024-09-06 06:04:54.692849
6282,691,savings,245.95,2024-05-23 08:58:05.432408
6283,455,savings,16774.26,2024-11-16 10:29:54.663931
6284,1508,savings,36750.99,2023-09-28 04:32:30.274153
6285,1243,checking,25629.82,2023-06-26 09:23:55.273036
6286,2349,savings,6422.14,2026-01-06 07:19:08.417413
6287,2246,savings,14031.33,2024-09-07 09:41:05.011082
6288,3688,checking,40799.19,2025-07-15 09:43:21.680008
6289,3095,savings,25062.49,2025-11-24 09:47:22.296453
6290,1594,checking,1732.16,2026-03-21 23:20:31.705064
6291,514,checking,6888.54,2023-11-20 02:26:36.564425
6292,372,savings,9771.03,2026-03-09 16:56:35.028409
6293,36,savings,17241.15,2025-08-15 04:31:56.719306
6294,1733,savings,20893.49,2025-07-01 07:55:49.936729
6295,1029,checking,38559.51,2024-02-19 08:19:08.856480
6296,4323,checking,24506.31,2025-04-20 19:20:13.406994
6297,2882,savings,24189.47,2024-10-17 04:29:44.754829
6298,3684,checking,6854.18,2025-10-15 17:50:24.736183
6299,4314,checking,39727.0,2024-09-27 08:53:48.809673
6300,435,checking,565.68,2026-05-13 11:51:11.216055
6301,2338,savings,10686.02,2023-12-02 13:13:30.427409
6302,4223,checking,25887.22,2023-12-22 01:49:00.736815
6303,2138,savings,18015.29,2026-02-09 11:16:08.383577
6304,4598,checking,20312.7,2024-03-16 15:46:13.584650
6305,4854,savings,33519.5,2025-12-12 17:23:38.230890
6306,1755,checking,13149.87,2026-03-09 21:46:36.385772
6307,795,checking,40008.93,2025-07-01 00:10:41.991543
6308,4460,checking,20663.56,2025-07-21 08:32:38.648876
6309,1156,savings,18559.5,2024-12-09 05:31:42.222238
6310,4297,savings,700.03,2026-01-22 06:31:53.266325
6311,3014,checking,41378.32,2025-12-09 04:43:50.838577
6312,4598,checking,31053.16,2026-05-27 07:41:31.801962
6313,3130,savings,4762.69,2024-02-18 14:30:53.238547
6314,3874,checking,39037.51,2024-07-17 09:28:47.099856
6315,4108,checking,25913.64,2023-10-15 13:06:48.830188
6316,4022,savings,18401.69,2025-01-01 20:09:46.896617
6317,4898,checking,12023.72,2025-11-17 04:18:43.086376
6318,4803,savings,12090.79,2026-02-09 01:07:59.443844
6319,614,savings,29545.24,2024-11-26 16:01:46.038818
6320,1266,savings,8753.55,2023-07-19 22:54:46.700819
6321,1959,checking,5175.3,2025-03-18 10:32:53.127413
6322,197,savings,21411.23,2024-09-01 18:21:30.559478
6323,864,checking,12185.81,2023-07-30 15:15:26.361561
6324,2400,checking,5540.29,2023-10-21 00:51:44.682105
6325,2526,checking,33230.24,2024-03-23 00:23:40.848640
6326,1410,checking,35439.2,2024-01-23 09:01:21.936657
6327,3848,checking,11119.69,2023-09-15 15:01:55.405281
6328,2184,savings,7061.35,2023-11-28 00:28:45.780730
6329,1867,savings,29440.75,2024-05-21 22:38:08.583699
6330,4405,checking,34627.06,2024-09-29 19:32:26.322265
6331,4075,checking,22132.48,2023-08-02 05:29:05.674621
6332,1245,checking,45200.52,2026-01-02 13:21:16.213893
6333,3905,checking,35031.24,2026-04-23 03:11:19.358843
6334,4196,checking,10658.06,2024-09-21 21:59:10.461324
6335,2607,checking,21369.51,2023-08-18 14:51:22.107196
6336,3018,checking,23170.31,2026-01-22 15:27:48.937670
6337,1579,savings,18829.88,2026-01-14 08:31:30.050809
6338,238,checking,34172.08,2025-08-19 22:23:45.602483
6339,1467,savings,15035.35,2023-11-24 01:37:58.064013
6340,1918,savings,14886.4,2026-01-25 11:29:04.891506
6341,3709,savings,24120.53,2025-11-06 02:12:37.644936
6342,772,checking,30917.16,2025-07-08 02:40:12.538354
6343,812,checking,47002.87,2024-09-06 18:01:55.467406
6344,746,checking,18047.7,2023-12-13 21:02:08.413493
6345,3757,savings,20938.04,2024-07-18 14:43:05.517397
6346,2456,savings,6795.31,2023-06-23 01:12:04.507046
6347,2062,checking,44323.1,2024-10-14 18:19:47.625729
6348,2672,checking,8705.2,2023-11-03 16:20:35.089259
6349,3224,checking,21268.98,2026-01-20 01:44:33.349875
6350,3455,checking,41427.17,2025-05-06 15:37:40.585102
6351,553,checking,43814.98,2025-03-13 22:09:35.937291
6352,3705,checking,44788.11,2023-11-07 20:39:53.854418
6353,1087,savings,1110.74,2026-01-20 08:38:41.241379
6354,708,checking,37048.52,2025-06-26 15:27:01.703501
6355,319,savings,24530.58,2024-07-20 18:02:08.712209
6356,1156,savings,40182.16,2025-11-07 04:21:21.656739
6357,478,savings,40448.79,2023-06-28 10:58:20.230105
6358,2110,checking,19481.47,2024-01-16 02:29:30.629147
6359,1583,savings,7559.97,2025-12-17 16:04:24.798008
6360,3090,savings,21.07,2025-11-12 05:05:17.183244
6361,197,savings,19531.14,2023-06-17 16:18:09.823323
6362,1639,checking,23094.77,2025-10-16 17:23:00.686795
6363,4998,checking,24453.5,2023-08-31 09:52:44.037351
6364,4823,savings,11977.82,2024-02-08 03:55:43.774115
6365,2535,checking,6142.54,2025-11-22 03:20:32.597384
6366,186,savings,34432.97,2023-07-04 07:46:32.354896
6367,2820,savings,44845.27,2023-12-09 07:42:47.179073
6368,37,savings,48133.62,2025-07-24 19:16:39.919791
6369,4585,savings,3868.79,2024-03-27 07:17:46.104407
6370,3635,checking,49477.85,2023-12-13 12:39:50.556875
6371,2999,savings,45224.25,2025-04-24 10:20:56.370316
6372,4975,savings,34507.64,2024-03-20 07:03:10.167094
6373,833,checking,20126.76,2025-02-21 16:10:10.589822
6374,2955,savings,46842.67,2023-07-09 00:36:07.237073
6375,4692,checking,43921.91,2024-08-19 09:37:01.174487
6376,4329,checking,44534.65,2024-04-26 10:34:21.341833
6377,1753,savings,15512.97,2024-12-18 20:03:28.924114
6378,4434,checking,7292.78,2023-11-03 01:43:32.892590
6379,2187,savings,4688.62,2026-06-09 02:57:43.823852
6380,4273,checking,14140.49,2026-02-22 12:57:30.367207
6381,1285,checking,6671.42,2026-05-30 02:30:11.657018
6382,4888,savings,44634.54,2023-12-26 18:44:23.582673
6383,536,savings,30279.54,2025-12-04 20:19:25.021158
6384,2405,checking,21833.5,2026-06-11 19:16:03.937219
6385,1851,checking,29004.19,2024-01-26 05:08:44.670851
6386,3263,savings,26168.81,2025-03-07 12:36:22.916045
6387,4450,checking,49784.59,2024-11-20 23:15:24.912164
6388,3455,savings,25826.85,2023-10-08 09:41:40.510455
6389,4275,savings,23188.15,2024-09-28 17:14:34.209519
6390,2125,checking,34221.41,2026-03-09 19:13:17.822052
6391,4915,savings,30259.93,2024-04-16 19:40:14.008550
6392,4851,savings,32336.93,2023-12-28 07:35:48.916929
6393,3302,checking,15905.75,2024-04-29 14:42:31.468590
6394,31,checking,1835.16,2024-05-09 05:25:52.399257
6395,1887,checking,19271.54,2025-12-24 05:10:54.867402
6396,1525,savings,492.02,2024-12-26 17:10:27.033160
6397,2008,savings,34889.85,2024-06-11 01:54:27.215042
6398,4498,checking,1937.42,2023-11-01 22:29:57.426639
6399,3185,checking,27003.89,2025-12-12 03:00:48.015328
6400,2139,checking,29449.24,2026-06-07 15:02:06.984080
6401,1102,savings,22273.78,2024-07-27 16:29:48.313903
6402,3906,savings,36251.5,2024-01-11 18:19:32.276587
6403,3947,checking,3507.83,2023-11-22 16:33:54.328762
6404,4596,savings,10454.57,2025-10-28 15:57:34.043907
6405,3876,checking,28852.45,2023-09-28 07:49:04.846196
6406,545,savings,2451.73,2025-04-12 11:29:00.343671
6407,2629,savings,20627.09,2025-04-26 12:13:03.632920
6408,785,checking,18185.16,2024-12-15 12:11:43.055184
6409,2440,checking,17719.23,2023-11-07 11:35:27.052644
6410,3015,savings,34029.1,2024-12-04 17:57:07.370206
6411,4553,checking,31737.58,2026-02-07 11:04:59.458305
6412,3587,checking,47928.43,2024-09-13 00:53:07.271271
6413,3140,checking,20713.2,2025-04-28 00:57:47.985600
6414,3351,checking,48838.55,2026-05-23 11:06:16.655500
6415,4310,checking,16743.41,2026-04-27 00:04:10.284420
6416,37,checking,21316.18,2025-10-30 08:28:15.089741
6417,3294,savings,23643.49,2024-08-22 20:19:46.523619
6418,1172,savings,17916.48,2024-04-03 00:47:34.806947
6419,2119,savings,8749.3,2023-09-16 22:54:32.528980
6420,3549,checking,8054.57,2023-10-11 10:51:53.055294
6421,4995,checking,13435.56,2025-06-26 02:19:46.809323
6422,4705,checking,15269.16,2025-07-04 02:18:06.733855
6423,4444,savings,45601.32,2024-06-07 18:55:53.168667
6424,4455,savings,13090.46,2025-12-14 09:27:29.685028
6425,160,checking,32308.54,2023-06-25 16:08:41.670185
6426,137,savings,31929.97,2024-10-27 07:47:36.660031
6427,746,savings,39869.13,2024-11-29 22:48:25.862490
6428,2227,savings,20082.65,2024-03-26 00:46:12.803575
6429,662,savings,26293.23,2026-03-25 01:45:48.395772
6430,2114,savings,11358.11,2024-02-15 18:37:49.551147
6431,1469,checking,3008.22,2024-06-27 17:21:28.495034
6432,1781,savings,29266.14,2023-10-12 01:46:09.790344
6433,102,checking,37331.38,2025-11-24 01:59:34.083162
6434,1423,savings,7625.59,2026-03-12 22:16:38.020164
6435,2516,savings,33272.39,2024-04-19 10:28:56.065377
6436,1518,checking,3742.35,2024-09-27 08:29:17.146927
6437,1077,savings,10733.85,2024-08-03 01:05:39.038627
6438,2578,checking,29422.64,2025-05-29 06:05:09.081716
6439,670,checking,21403.52,2026-05-28 09:52:03.509303
6440,2339,savings,35490.99,2024-12-10 07:01:17.487195
6441,1002,savings,226.87,2024-10-11 03:59:56.043574
6442,4878,savings,14511.01,2026-02-05 14:25:14.732021
6443,1455,savings,18834.84,2026-02-25 07:15:13.961271
6444,3377,checking,37792.61,2024-07-03 21:00:57.794071
6445,316,checking,42161.56,2026-01-31 07:03:18.575100
6446,2762,savings,2364.36,2025-02-19 16:25:41.480706
6447,4473,savings,22029.54,2023-08-01 01:48:34.379348
6448,2531,savings,12403.12,2025-11-11 10:20:33.110895
6449,713,checking,45849.96,2024-11-26 15:30:03.850215
6450,2031,checking,43839.97,2025-02-14 04:09:43.417737
6451,169,checking,31131.61,2026-01-15 19:52:00.483247
6452,1444,savings,41056.88,2025-08-10 06:15:58.139844
6453,2556,savings,35957.31,2024-03-02 02:16:10.760869
6454,2071,checking,23186.83,2024-06-29 05:22:08.338750
6455,109,savings,22200.29,2026-04-02 15:39:20.103050
6456,3847,savings,46807.96,2024-08-21 19:12:57.385552
6457,4063,checking,43918.8,2025-07-16 07:38:29.469758
6458,4418,savings,1701.8,2025-12-11 09:30:18.626488
6459,113,savings,22862.76,2023-08-05 12:23:49.880586
6460,4049,checking,34412.59,2024-10-01 23:56:49.027848
6461,4358,savings,32766.64,2024-03-31 16:06:35.144196
6462,79,checking,38868.24,2024-11-17 16:48:28.999740
6463,1038,checking,20854.8,2023-11-29 08:21:29.242394
6464,3341,savings,22403.31,2025-06-18 13:53:50.563724
6465,2842,checking,41099.83,2025-07-08 17:16:37.681328
6466,2084,checking,27895.55,2024-04-01 08:16:29.810102
6467,1346,savings,9626.23,2024-01-16 07:35:14.911793
6468,288,savings,25340.63,2025-05-26 09:05:01.206341
6469,3308,checking,17333.76,2025-02-03 07:52:03.289175
6470,1944,checking,32991.8,2024-01-23 19:26:00.934971
6471,1625,checking,11960.38,2023-09-08 03:31:41.686124
6472,751,checking,24313.5,2023-08-15 18:58:05.059586
6473,696,savings,32760.99,2025-04-16 23:08:16.133691
6474,344,checking,44681.93,2026-01-14 15:58:13.606744
6475,3373,savings,28726.05,2026-06-04 08:56:20.234683
6476,2997,savings,30712.14,2024-03-17 11:20:43.772459
6477,1939,checking,6878.11,2023-11-14 21:17:28.539098
6478,2257,checking,13517.53,2024-01-08 17:46:02.334641
6479,4920,savings,7533.78,2025-11-06 19:43:04.722209
6480,216,savings,45602.43,2023-10-02 23:20:21.202997
6481,465,savings,49027.9,2025-07-12 13:47:41.742389
6482,3045,savings,47575.48,2023-06-19 18:09:11.682719
6483,204,checking,2136.02,2023-12-24 13:46:29.087088
6484,1066,savings,21673.42,2024-08-11 21:55:46.575265
6485,2369,savings,31820.58,2023-10-11 02:56:01.439431
6486,1005,checking,15293.77,2025-03-13 11:59:38.039011
6487,1125,savings,783.23,2025-09-13 02:36:12.444620
6488,3304,savings,17187.73,2025-11-09 18:05:01.843286
6489,4384,checking,33228.2,2025-06-30 20:49:53.789998
6490,2095,checking,12183.72,2023-07-14 11:23:13.904890
6491,2392,checking,43635.08,2024-10-27 19:27:04.623826
6492,76,checking,8343.58,2024-09-30 07:55:45.748936
6493,2323,savings,9930.97,2026-05-02 10:35:30.279527
6494,1828,savings,6714.23,2025-01-11 17:35:03.494700
6495,2565,savings,24613.95,2026-02-11 05:31:47.494488
6496,3681,checking,45674.77,2025-04-03 02:25:11.896714
6497,3710,checking,7785.5,2023-07-15 12:50:22.268604
6498,4484,checking,17277.65,2024-07-01 18:13:05.798854
6499,37,checking,1603.91,2023-08-28 11:15:10.961257
6500,2405,checking,21969.25,2025-11-18 12:01:09.458102
6501,2064,checking,35367.84,2025-10-14 04:34:54.107895
6502,1923,checking,44816.56,2026-02-01 17:37:32.241084
6503,4373,savings,20386.05,2024-02-15 18:31:07.976061
6504,4745,savings,2174.97,2023-08-11 07:47:00.573632
6505,1869,checking,40025.43,2025-02-03 23:47:59.726373
6506,1211,savings,40526.26,2025-07-21 23:34:24.766507
6507,4486,checking,29306.72,2026-02-25 11:30:15.986594
6508,3722,savings,534.43,2025-12-27 11:01:05.149553
6509,2848,checking,34011.2,2025-03-04 18:57:46.439365
6510,2069,savings,357.68,2026-01-03 11:53:28.891682
6511,515,checking,16175.7,2025-02-22 10:59:26.378692
6512,2576,savings,8578.18,2025-03-23 12:51:51.962711
6513,1241,savings,19068.97,2025-12-26 23:08:06.487804
6514,2489,savings,24715.34,2025-12-03 18:38:41.728314
6515,1451,checking,13556.6,2025-12-17 05:43:07.463891
6516,4006,checking,37896.33,2024-09-15 13:08:47.745574
6517,2031,checking,28644.75,2026-05-16 13:04:50.383280
6518,2804,checking,30745.37,2026-04-21 03:41:57.783261
6519,741,checking,12193.26,2025-05-05 09:31:46.101893
6520,4662,checking,34769.19,2024-03-11 14:06:28.678401
6521,217,checking,38625.32,2025-10-22 03:32:44.024441
6522,4022,checking,28675.98,2023-09-22 08:21:31.327574
6523,2469,checking,27080.29,2025-08-25 22:34:54.396738
6524,1767,savings,46163.71,2025-09-12 04:15:03.761397
6525,3702,checking,5983.46,2024-10-24 14:50:48.094970
6526,3788,checking,36027.3,2025-03-08 19:19:07.447115
6527,193,checking,33729.17,2024-02-28 17:19:04.071164
6528,1509,savings,24832.69,2024-03-09 09:28:48.888386
6529,3016,savings,20948.76,2025-08-25 01:27:18.475204
6530,1393,checking,4915.76,2024-01-17 17:44:55.810594
6531,310,savings,1606.23,2023-10-28 09:39:54.108502
6532,1671,checking,22849.0,2025-04-24 14:36:16.632669
6533,4748,checking,28603.37,2023-09-12 00:55:13.219155
6534,2635,checking,44472.24,2024-06-20 12:21:10.854478
6535,1100,checking,38462.1,2026-04-12 18:31:32.837841
6536,4203,checking,36122.27,2024-07-23 02:29:27.116224
6537,131,savings,38790.5,2025-07-18 08:33:51.489369
6538,2629,savings,33589.41,2024-05-01 03:27:10.692881
6539,1392,checking,9913.81,2025-03-20 02:05:02.742262
6540,3456,checking,26484.94,2024-08-16 01:39:24.828599
6541,1353,checking,39736.13,2024-03-17 23:35:51.408355
6542,4260,checking,34680.2,2025-12-22 08:55:59.873397
6543,2932,savings,34118.57,2025-02-16 19:12:08.439307
6544,3365,checking,9189.96,2023-08-04 21:22:29.518776
6545,3036,savings,4203.86,2024-03-21 04:11:17.756150
6546,1009,savings,27244.18,2024-12-16 15:30:52.554408
6547,1892,savings,37858.15,2024-03-04 04:01:11.050177
6548,4194,savings,49208.26,2024-06-19 13:36:40.766165
6549,4026,savings,7152.19,2025-05-14 19:18:20.037284
6550,4026,savings,23545.03,2024-03-14 19:30:18.920927
6551,417,savings,11490.61,2026-03-02 02:16:05.773432
6552,412,checking,26397.05,2023-08-03 01:29:52.787411
6553,3926,savings,30359.58,2025-07-12 07:37:27.170931
6554,4919,savings,15004.79,2023-08-23 22:18:35.259784
6555,3949,checking,29328.31,2025-10-02 14:05:21.564181
6556,4176,checking,10128.37,2024-01-22 04:24:06.001794
6557,3137,checking,6892.61,2026-03-23 19:54:25.690650
6558,1063,checking,13242.28,2024-11-17 08:39:06.317492
6559,4512,checking,1797.59,2023-12-23 13:53:27.659405
6560,4705,savings,7712.66,2024-04-16 02:04:01.688040
6561,2449,savings,38490.04,2025-05-15 00:32:03.799371
6562,1127,savings,3646.78,2024-12-15 07:35:35.112780
6563,1192,checking,39441.02,2025-11-02 12:11:05.572163
6564,3032,checking,32340.07,2024-07-02 21:31:00.500844
6565,3743,checking,29000.33,2026-05-11 07:09:02.384953
6566,1775,checking,36026.79,2024-10-18 00:00:42.457641
6567,3118,savings,42327.84,2024-02-11 00:38:51.812819
6568,4325,savings,30659.4,2024-06-14 20:43:05.481276
6569,3898,checking,46747.95,2023-11-20 17:51:40.348899
6570,3033,savings,8091.95,2024-06-06 00:03:07.417555
6571,3116,checking,44812.2,2023-08-22 21:04:12.327725
6572,1181,savings,48800.67,2026-05-12 07:34:42.415175
6573,1666,savings,36806.93,2023-09-06 14:06:39.801176
6574,1679,savings,3410.66,2023-12-10 06:54:35.666369
6575,1785,checking,1136.43,2023-10-11 10:15:45.586070
6576,1465,checking,3205.85,2025-02-05 03:36:25.681396
6577,3985,checking,11462.96,2025-10-15 16:14:08.003309
6578,3724,checking,16151.17,2024-06-30 22:47:34.708412
6579,4878,savings,42126.53,2024-10-22 13:02:46.071752
6580,758,checking,44155.54,2024-12-25 11:06:38.843857
6581,3685,checking,13357.1,2026-04-05 18:31:20.641166
6582,2448,savings,16200.38,2024-07-13 15:03:34.338310
6583,1748,savings,20035.67,2026-05-23 10:51:22.377131
6584,4299,savings,43295.9,2025-04-04 20:37:23.943568
6585,3371,checking,37927.98,2025-05-20 00:29:31.189828
6586,2094,checking,2428.94,2025-08-28 08:27:03.335634
6587,3150,savings,46422.74,2024-08-25 03:45:59.725675
6588,235,savings,35047.89,2025-04-26 14:41:40.318568
6589,3089,checking,29954.81,2024-03-14 06:57:58.414491
6590,3788,checking,15367.61,2026-05-04 18:28:46.812506
6591,229,checking,12970.67,2025-05-29 16:12:20.611726
6592,2840,checking,11852.98,2024-06-12 13:25:03.957687
6593,5,checking,35918.52,2023-12-02 08:05:36.144431
6594,1848,checking,18826.02,2024-03-14 19:58:01.399559
6595,4389,savings,3060.6,2025-06-06 05:29:58.625546
6596,4478,savings,20961.2,2023-06-22 18:00:00.449399
6597,2659,savings,20238.81,2026-03-27 21:06:29.070801
6598,456,checking,43785.78,2023-11-11 07:31:13.856742
6599,165,checking,21026.18,2025-12-11 09:35:54.677963
6600,952,savings,19187.7,2024-04-22 12:33:47.576340
6601,2745,checking,14355.36,2025-03-24 11:08:40.867451
6602,2443,savings,32385.07,2024-09-09 13:22:31.632842
6603,1347,savings,18595.09,2024-07-02 15:54:19.243115
6604,2430,checking,31167.36,2024-03-03 03:46:47.631352
6605,3877,savings,44759.6,2026-05-23 14:50:10.092513
6606,1773,savings,33074.82,2024-04-23 11:58:33.488665
6607,3469,savings,36704.89,2024-07-27 00:25:20.634746
6608,1478,checking,19357.57,2024-03-06 06:13:12.878075
6609,2242,savings,27027.27,2025-04-11 10:07:13.304868
6610,3623,savings,26379.08,2023-11-13 22:51:06.772396
6611,4437,savings,36045.27,2026-05-24 18:07:58.938602
6612,1012,checking,41030.97,2023-07-15 02:20:34.146671
6613,433,savings,1039.04,2025-03-11 01:14:42.304158
6614,2347,checking,1309.39,2025-08-22 07:30:32.373321
6615,4520,checking,29275.52,2025-04-19 11:07:58.316158
6616,2459,savings,34526.04,2024-12-16 04:43:33.499498
6617,2617,checking,2251.85,2024-11-07 02:31:52.601530
6618,1473,savings,12227.52,2023-10-04 16:08:14.769843
6619,909,savings,40256.68,2025-06-19 19:56:42.052851
6620,1058,savings,39834.04,2024-11-13 12:28:56.293436
6621,3882,savings,26011.62,2024-02-07 08:06:49.467482
6622,860,savings,25846.84,2025-05-04 10:41:35.926355
6623,2156,savings,45580.08,2024-05-20 22:25:55.663308
6624,4984,savings,39668.64,2025-04-04 23:52:18.857051
6625,1323,checking,8836.66,2025-08-19 18:16:25.215464
6626,19,checking,18045.28,2025-01-25 06:10:46.403711
6627,4500,checking,49927.65,2024-08-10 06:05:25.743348
6628,4934,savings,400.91,2025-11-14 23:55:43.280494
6629,1619,savings,37884.38,2025-08-19 23:10:13.658130
6630,4932,checking,43886.17,2026-02-08 10:33:22.595388
6631,2620,checking,41534.23,2024-10-09 19:07:41.431700
6632,3886,checking,42991.79,2024-06-04 02:53:54.459397
6633,2720,savings,11225.03,2023-09-14 15:25:58.289742
6634,2000,savings,32975.29,2025-02-24 23:43:41.644106
6635,4713,checking,47608.06,2024-01-07 02:21:14.197348
6636,3142,checking,32472.72,2025-04-05 23:18:58.546274
6637,4633,checking,43768.28,2025-02-25 01:20:06.598844
6638,2739,checking,19066.92,2025-03-09 12:40:11.519431
6639,4842,savings,47805.85,2025-02-15 03:33:54.064005
6640,3307,savings,40103.53,2024-12-27 03:28:32.928076
6641,1251,savings,4564.23,2024-04-24 11:01:06.405755
6642,2858,savings,38581.66,2024-06-30 07:26:11.537273
6643,4390,savings,38498.68,2024-09-24 19:17:09.117346
6644,1141,savings,11821.05,2025-03-30 09:50:09.430309
6645,1120,checking,28322.09,2023-11-25 05:34:33.294811
6646,2259,savings,40910.52,2025-03-19 16:44:21.935650
6647,3629,checking,25287.08,2026-03-02 03:44:43.288149
6648,1691,savings,18385.91,2025-01-17 20:48:29.982512
6649,3033,checking,48419.31,2025-05-29 03:41:08.015725
6650,214,savings,4269.5,2024-05-09 20:06:02.787816
6651,3861,savings,12177.61,2025-07-21 21:46:39.479543
6652,55,savings,43054.6,2026-03-02 16:08:46.931360
6653,976,checking,35549.54,2026-03-02 17:02:31.746667
6654,4628,checking,42233.09,2025-10-03 21:42:15.907772
6655,2501,savings,44544.26,2025-03-16 02:27:55.566130
6656,2480,savings,19342.09,2023-07-06 06:47:18.474510
6657,3948,checking,16461.89,2026-05-04 04:45:35.462215
6658,466,checking,13192.19,2023-12-17 15:29:53.213236
6659,2712,checking,8604.33,2023-07-30 00:56:45.598258
6660,4410,savings,36254.9,2025-04-19 10:21:18.339194
6661,1948,savings,35368.2,2025-05-26 02:43:17.308807
6662,679,checking,23519.43,2023-11-25 21:00:25.403019
6663,4508,savings,12921.21,2024-09-08 04:13:47.743686
6664,3040,checking,49148.75,2025-08-15 08:09:02.215773
6665,3525,savings,7527.48,2025-05-08 17:33:12.523713
6666,4573,checking,42176.16,2025-10-08 11:54:52.633133
6667,2299,checking,15571.19,2024-08-22 03:38:08.584044
6668,1316,savings,40380.48,2025-10-04 11:17:43.488815
6669,2558,savings,16549.13,2025-03-25 01:33:35.420310
6670,3652,savings,16836.45,2023-07-04 09:21:09.074557
6671,4261,savings,48028.0,2024-11-03 19:26:18.517808
6672,4043,savings,15567.75,2024-09-19 22:30:29.157425
6673,3528,savings,17322.48,2026-04-14 09:50:11.454301
6674,3217,checking,32049.99,2024-06-29 00:35:56.382203
6675,2919,savings,22270.73,2023-07-27 03:26:56.249275
6676,3838,savings,18363.86,2025-04-15 02:07:36.868257
6677,3819,checking,483.69,2025-04-30 00:39:07.601986
6678,4099,checking,31609.28,2025-12-27 18:18:57.772949
6679,3336,savings,5125.45,2023-06-20 09:03:21.744142
6680,1385,checking,8271.78,2024-12-07 18:22:17.350472
6681,574,checking,9175.79,2023-10-03 15:14:21.094523
6682,837,checking,2344.87,2024-05-27 17:26:03.927413
6683,3755,savings,11521.71,2025-04-26 17:35:19.605229
6684,4358,savings,35902.79,2025-11-05 01:02:26.261297
6685,3932,checking,35680.07,2023-06-14 19:26:35.732409
6686,3005,savings,10511.13,2025-01-30 19:06:15.994687
6687,1221,checking,38261.9,2025-11-23 02:27:31.188429
6688,2201,checking,20267.47,2025-10-06 12:08:20.354634
6689,2727,savings,32379.13,2025-10-24 08:21:04.846454
6690,2553,savings,45584.68,2025-08-27 12:06:45.279983
6691,1942,checking,8869.09,2026-01-20 12:59:54.646129
6692,2333,savings,26114.38,2024-11-25 14:00:45.019033
6693,3114,savings,18084.47,2025-08-28 01:17:48.123063
6694,2155,savings,35427.08,2024-03-29 19:13:12.199374
6695,3095,checking,37348.61,2023-08-30 06:47:07.768781
6696,3896,checking,28230.74,2025-04-05 19:19:26.783587
6697,1688,savings,24455.66,2025-02-22 19:06:05.281126
6698,4788,checking,3.97,2025-02-18 21:19:49.360260
6699,3961,savings,31118.92,2025-01-01 20:33:09.717459
6700,2734,checking,37738.96,2026-03-11 10:58:24.190534
6701,1678,savings,3944.15,2026-01-08 09:40:20.753058
6702,2272,checking,13948.58,2023-12-27 16:53:49.635587
6703,1955,savings,17444.66,2023-09-12 12:20:43.735300
6704,2268,checking,28559.12,2024-06-04 23:57:00.651164
6705,1973,savings,17632.34,2026-03-03 19:11:25.998364
6706,1528,checking,24758.16,2023-11-18 17:26:05.915700
6707,1604,savings,6624.69,2024-02-19 03:04:47.378016
6708,4151,savings,8233.15,2025-03-11 19:57:21.703146
6709,4873,checking,6008.27,2024-12-28 00:12:20.154531
6710,1286,checking,1628.7,2025-08-02 23:03:55.391084
6711,4860,savings,35250.18,2024-04-04 07:27:29.813516
6712,3617,savings,11439.41,2025-07-08 00:36:58.299487
6713,1624,savings,30153.61,2024-12-23 22:36:10.515588
6714,514,checking,44576.16,2023-09-20 06:06:12.794884
6715,1076,savings,18396.71,2026-05-29 06:02:34.701018
6716,4698,checking,26934.29,2024-04-14 01:34:29.333266
6717,3360,savings,7284.95,2026-02-01 11:44:35.060159
6718,2632,checking,33830.36,2025-02-07 03:58:49.755910
6719,4262,checking,18922.31,2023-06-18 21:23:49.149143
6720,2607,checking,7579.19,2026-03-31 21:25:30.161672
6721,2318,savings,42130.45,2024-05-12 04:03:35.119003
6722,770,checking,33555.43,2023-07-17 07:19:37.520544
6723,824,checking,13762.26,2023-06-23 12:22:49.053565
6724,160,savings,23895.62,2024-04-25 09:55:47.214833
6725,851,savings,7212.24,2026-02-24 01:55:45.032534
6726,3354,checking,15082.58,2023-10-14 02:21:34.661277
6727,4297,checking,14333.6,2023-09-01 05:40:00.233555
6728,369,savings,49958.01,2025-05-27 02:53:18.745244
6729,1689,savings,45156.19,2024-02-29 17:01:59.113780
6730,2346,checking,11724.17,2024-04-08 02:30:01.851385
6731,1276,savings,42961.17,2023-10-01 13:34:20.751111
6732,3255,savings,23113.25,2025-11-06 05:22:40.369845
6733,3584,checking,38484.73,2024-12-20 00:32:10.079863
6734,3183,savings,46196.83,2024-03-02 12:38:04.912669
6735,4981,checking,33634.91,2023-12-22 16:16:30.039602
6736,2011,savings,23606.01,2024-09-08 00:45:37.681303
6737,586,savings,31008.22,2024-07-24 16:20:13.824096
6738,2080,savings,41767.04,2024-12-14 19:36:09.581945
6739,1181,checking,23357.52,2024-10-08 13:05:52.234751
6740,210,checking,27582.97,2023-11-25 20:16:21.397690
6741,2079,savings,31133.93,2026-02-11 18:06:43.941897
6742,1015,savings,34420.97,2024-06-01 04:50:53.631597
6743,4320,savings,30013.24,2023-09-01 22:01:46.621407
6744,1572,savings,4302.11,2023-10-04 21:41:11.657581
6745,3488,checking,10010.88,2024-11-24 09:13:23.207259
6746,2680,savings,39479.82,2025-09-29 14:28:45.200444
6747,2730,checking,35881.45,2025-12-01 01:46:23.228473
6748,706,savings,25184.62,2023-10-04 07:48:53.083148
6749,884,checking,13773.89,2024-02-01 08:10:50.581115
6750,3438,savings,15790.28,2023-07-25 04:55:20.291085
6751,2787,savings,27506.02,2024-05-25 17:07:42.920070
6752,2893,savings,6540.09,2024-03-14 08:43:01.878508
6753,2019,savings,23592.01,2025-10-05 15:25:25.035802
6754,3384,savings,12953.05,2024-10-28 08:12:51.103493
6755,1870,savings,40940.25,2023-12-14 22:50:49.813605
6756,2214,checking,13429.8,2025-05-09 13:45:10.170851
6757,4759,savings,9912.93,2025-07-31 06:00:59.840337
6758,3061,savings,24578.74,2023-12-31 22:17:15.416955
6759,4644,checking,5159.06,2024-08-07 17:59:51.366262
6760,3404,checking,20053.21,2026-05-06 06:29:50.813378
6761,1372,savings,15271.95,2026-01-03 07:24:45.496342
6762,1466,checking,28497.16,2025-10-08 07:12:17.184714
6763,2861,checking,9944.79,2026-03-31 03:27:56.010001
6764,4837,checking,8453.37,2025-10-17 13:57:13.673223
6765,4401,savings,6027.14,2025-06-07 13:52:09.183343
6766,2951,checking,7662.27,2026-04-10 09:17:57.344359
6767,4509,checking,35363.06,2024-09-29 17:49:10.847498
6768,43,checking,10977.53,2024-02-04 11:25:04.951379
6769,815,checking,23916.9,2024-10-19 13:24:10.846585
6770,1621,savings,48297.01,2024-12-23 00:49:12.819078
6771,3893,savings,33105.65,2024-03-22 04:06:24.443044
6772,837,savings,30476.29,2025-04-29 12:05:04.640040
6773,438,savings,13660.74,2026-04-11 14:16:24.902081
6774,4010,savings,41662.64,2023-06-18 08:08:38.797109
6775,3062,savings,17948.22,2025-01-05 09:35:11.941578
6776,3410,checking,38325.51,2024-07-09 04:07:34.313669
6777,2984,checking,210.21,2025-08-23 11:30:04.770574
6778,1782,savings,33481.03,2024-04-05 10:56:11.142737
6779,3686,savings,44058.85,2025-07-26 23:54:03.551301
6780,1139,checking,21638.07,2024-10-24 12:17:30.230238
6781,2432,savings,38798.58,2024-09-07 04:22:04.705780
6782,1220,checking,4679.38,2026-03-18 22:31:41.513046
6783,1037,savings,853.32,2026-05-29 22:01:07.491798
6784,1046,checking,49954.65,2024-09-22 21:17:32.819770
6785,4048,savings,4678.81,2026-04-11 05:57:54.437680
6786,2554,savings,1561.95,2026-05-14 05:49:12.571514
6787,908,checking,22587.91,2024-11-21 11:24:18.506903
6788,3700,checking,33161.58,2024-02-12 03:11:38.027771
6789,2257,checking,33933.34,2025-11-11 12:19:51.276698
6790,2054,checking,30272.63,2024-12-01 20:06:37.023768
6791,3240,checking,34063.3,2024-12-02 19:25:42.728726
6792,2551,savings,8269.43,2024-05-25 03:26:18.081400
6793,4317,checking,45108.38,2026-05-31 20:27:18.935542
6794,3480,checking,41800.35,2026-03-03 16:27:14.093925
6795,4363,checking,9616.13,2025-09-02 01:48:18.923589
6796,4910,savings,32373.9,2025-04-19 03:08:27.040632
6797,201,savings,561.83,2025-03-23 18:01:51.222211
6798,3331,checking,37765.35,2024-01-21 20:10:26.238888
6799,59,checking,28664.59,2024-09-01 07:37:18.157239
6800,4424,checking,7.77,2025-08-18 16:06:04.741405
6801,3965,checking,2919.92,2023-09-19 06:59:22.380793
6802,984,checking,5983.94,2024-05-18 21:45:01.677399
6803,953,savings,15488.46,2024-06-19 20:55:41.317401
6804,1324,savings,38328.89,2023-07-16 08:06:56.492909
6805,1193,checking,33215.76,2023-12-27 06:02:51.971952
6806,2179,savings,8591.07,2026-03-09 20:22:23.570208
6807,1225,savings,43672.35,2023-08-02 08:21:29.720876
6808,3521,savings,5460.47,2023-11-29 16:50:50.831764
6809,3930,savings,7194.55,2025-03-09 12:54:52.874582
6810,3208,savings,44431.97,2025-11-11 13:55:35.863172
6811,1845,checking,47233.79,2023-07-22 07:46:11.762093
6812,2111,checking,1640.35,2025-07-11 12:19:57.245872
6813,1216,checking,1195.84,2025-04-05 01:52:31.786736
6814,3769,savings,49602.91,2023-09-08 06:11:00.896485
6815,877,savings,46379.0,2025-11-23 13:43:30.095792
6816,517,checking,19141.7,2025-06-24 09:43:12.128016
6817,1475,savings,8004.87,2023-06-27 16:07:46.437519
6818,200,savings,46886.26,2024-08-20 15:02:29.962673
6819,3379,savings,21154.17,2023-10-19 22:51:03.095611
6820,2185,checking,43771.32,2024-07-22 19:28:03.355624
6821,2700,savings,48754.29,2024-08-13 02:18:27.038644
6822,4905,savings,19491.61,2025-10-31 23:01:24.663809
6823,4476,checking,33215.5,2025-11-11 05:45:03.990476
6824,4436,savings,4908.33,2025-07-23 02:28:33.656985
6825,2023,checking,32047.11,2023-07-12 13:41:36.080756
6826,3097,savings,47666.66,2025-05-19 19:49:50.657595
6827,2224,savings,8372.38,2024-04-08 15:01:17.273939
6828,2751,savings,35743.78,2023-10-22 09:46:45.235858
6829,807,checking,48184.25,2025-07-19 02:58:10.492943
6830,2532,savings,43501.81,2023-09-06 15:20:34.961135
6831,4311,checking,49452.35,2023-07-29 06:23:29.818377
6832,4336,checking,38326.47,2025-02-06 08:59:38.819990
6833,1233,checking,49839.32,2024-09-04 11:28:29.776566
6834,2034,checking,48165.12,2026-06-05 18:48:58.064310
6835,1087,checking,32211.37,2025-02-23 13:02:42.463240
6836,3234,checking,9596.57,2025-04-20 03:55:53.250993
6837,3459,checking,20177.04,2024-01-01 12:59:53.379833
6838,1521,checking,12538.67,2025-04-30 00:35:14.342555
6839,4960,checking,16972.21,2026-04-17 13:06:46.199859
6840,777,savings,31680.52,2024-05-20 00:35:41.873156
6841,4824,checking,17837.96,2025-09-08 20:03:05.386266
6842,1516,savings,1650.18,2025-02-05 14:06:52.947965
6843,2260,checking,9636.34,2026-01-06 12:50:03.162025
6844,2187,savings,16711.81,2023-06-19 20:10:36.969090
6845,1995,savings,19866.11,2023-11-09 17:09:01.343961
6846,419,savings,46991.63,2025-01-29 23:46:54.198719
6847,4680,savings,28786.43,2023-07-11 11:49:35.996380
6848,4403,checking,39681.82,2024-10-18 06:06:01.223765
6849,3440,savings,33655.35,2023-12-09 20:35:51.604834
6850,657,checking,22390.79,2026-01-26 09:25:49.505627
6851,1542,savings,34902.68,2024-09-01 02:31:35.894214
6852,3676,checking,31456.21,2023-10-13 09:22:50.721771
6853,2320,savings,6334.4,2024-12-08 09:52:03.741313
6854,4341,checking,2086.69,2024-08-07 03:36:52.697987
6855,779,savings,43571.12,2026-06-09 01:37:33.423170
6856,3262,savings,6224.4,2026-03-13 03:49:53.240240
6857,2749,savings,21132.84,2024-11-24 18:45:20.184089
6858,241,savings,48232.99,2025-01-07 00:48:13.219752
6859,4604,savings,2749.03,2023-09-18 05:14:58.503511
6860,66,savings,1839.81,2023-11-08 05:40:28.940135
6861,4094,savings,8967.2,2025-03-18 15:30:01.916369
6862,4338,checking,34578.79,2025-06-19 12:53:57.078745
6863,1794,savings,49231.77,2025-12-04 13:07:20.874037
6864,597,checking,10660.85,2025-06-01 13:11:15.536873
6865,1021,checking,16068.95,2024-05-24 11:19:51.694685
6866,1081,checking,20478.23,2024-07-18 17:51:42.044746
6867,2783,checking,38471.41,2025-03-27 13:29:21.986825
6868,2465,savings,33329.21,2024-04-03 10:27:34.378307
6869,189,savings,37616.93,2024-01-15 05:38:45.941389
6870,4552,savings,348.02,2024-02-10 07:59:34.846806
6871,2177,checking,8670.47,2025-12-28 11:06:48.415080
6872,3935,checking,11343.7,2023-09-07 06:10:23.482410
6873,989,checking,11438.46,2024-05-30 12:25:43.344512
6874,4622,savings,32470.8,2025-06-22 22:50:57.376618
6875,4824,savings,21453.97,2024-05-15 16:51:07.121099
6876,1697,checking,46201.41,2024-08-10 10:16:53.092313
6877,1648,savings,34755.75,2024-06-29 14:55:14.561288
6878,3667,savings,30644.27,2024-07-22 16:56:51.880779
6879,4614,checking,39348.38,2025-05-04 03:58:19.930438
6880,910,checking,34085.31,2025-06-25 22:04:01.084407
6881,4732,savings,14783.96,2024-03-27 08:08:31.881136
6882,3387,checking,15611.26,2025-04-22 12:13:24.077513
6883,2160,checking,4404.26,2025-03-26 23:34:24.687569
6884,152,checking,33845.97,2024-04-23 08:19:06.599706
6885,2026,savings,45723.61,2025-02-18 15:32:42.376340
6886,2754,savings,2947.86,2024-05-27 04:55:38.306492
6887,2837,savings,22077.2,2024-11-10 20:54:32.677545
6888,4288,savings,25354.95,2025-11-22 03:11:11.414957
6889,804,savings,2331.52,2024-10-02 11:55:45.690072
6890,649,savings,35421.75,2024-09-06 13:43:44.880349
6891,2024,savings,26169.32,2024-08-26 12:40:13.528320
6892,1893,savings,24354.75,2023-09-22 21:52:07.402563
6893,478,savings,3036.97,2024-06-10 16:37:05.243241
6894,3554,savings,25972.1,2023-08-03 20:18:45.626781
6895,1490,checking,9983.82,2023-10-30 09:49:47.210874
6896,129,checking,29536.39,2023-11-10 10:52:12.860603
6897,85,checking,17626.26,2025-12-03 04:11:16.097486
6898,1175,checking,7006.12,2023-07-27 23:48:46.089002
6899,1094,checking,40773.87,2024-05-29 16:46:44.792994
6900,3866,savings,46224.99,2024-08-18 18:28:29.922748
6901,4653,checking,4253.87,2024-09-10 06:18:54.548099
6902,3796,checking,26816.18,2024-07-28 21:57:17.227446
6903,3804,savings,19009.82,2024-01-09 14:14:46.567910
6904,2787,savings,11948.44,2025-09-19 02:13:24.750853
6905,1358,savings,42665.55,2024-10-10 23:57:57.901203
6906,4734,savings,29639.28,2025-01-27 08:45:28.260693
6907,743,savings,32967.85,2024-12-31 23:16:47.065736
6908,4241,checking,29433.48,2026-01-12 15:28:52.757018
6909,3896,checking,2110.55,2025-03-19 14:47:04.789645
6910,4217,savings,11616.19,2024-08-27 09:25:58.323674
6911,1643,checking,37148.56,2025-05-07 02:48:53.404140
6912,296,savings,43446.87,2025-04-27 16:32:41.952393
6913,1853,checking,5552.11,2023-12-08 12:37:59.490630
6914,329,checking,32430.44,2024-01-21 22:51:29.104754
6915,3061,savings,24007.05,2023-09-20 09:46:09.143863
6916,1076,savings,38219.33,2024-03-17 17:49:29.443017
6917,3301,checking,13417.12,2025-08-14 19:56:08.053514
6918,2457,savings,2163.99,2024-01-05 18:47:38.327142
6919,1811,savings,35323.29,2023-06-15 18:41:52.906835
6920,4561,savings,7295.83,2024-08-22 07:01:16.219819
6921,2510,savings,23721.78,2026-01-03 10:19:40.100289
6922,2515,checking,21975.49,2025-10-07 07:52:27.863216
6923,916,checking,40570.77,2024-06-05 21:29:04.091724
6924,130,savings,36709.83,2024-03-03 21:40:42.430249
6925,3397,savings,45019.76,2024-12-23 10:54:10.487151
6926,4362,checking,10405.88,2026-01-14 14:19:11.004984
6927,1049,savings,25430.59,2024-06-08 06:41:58.755452
6928,4573,checking,33086.73,2024-11-29 22:45:31.657345
6929,3370,checking,44799.35,2024-11-19 02:47:16.716822
6930,3739,checking,11158.8,2025-10-30 05:13:50.941756
6931,2505,savings,15048.36,2026-05-12 05:34:43.664666
6932,3771,checking,504.86,2025-01-19 07:35:48.984900
6933,1104,savings,49655.63,2025-10-03 01:15:24.455793
6934,357,checking,48253.85,2025-03-05 07:18:55.255918
6935,1576,savings,20146.82,2026-01-05 23:27:11.257260
6936,3259,checking,27201.11,2023-08-26 08:36:46.898959
6937,2949,savings,48063.99,2024-07-07 17:00:09.085344
6938,2904,savings,10497.13,2025-10-15 22:18:03.073764
6939,4050,savings,32240.75,2024-11-12 17:42:42.488561
6940,1756,checking,48624.04,2025-04-08 15:17:18.456043
6941,1453,checking,44344.77,2025-07-02 21:09:19.975657
6942,2397,checking,25009.03,2025-04-02 09:29:06.065637
6943,1751,savings,23175.77,2024-04-12 15:45:38.608953
6944,1877,savings,37959.05,2024-11-26 23:01:46.282453
6945,962,savings,24607.19,2026-01-23 23:10:45.836560
6946,240,savings,16294.64,2026-05-31 11:32:29.456835
6947,3267,checking,5898.12,2026-04-19 09:15:31.726812
6948,3982,checking,1828.69,2023-10-18 19:48:16.269034
6949,2558,savings,4314.24,2025-12-11 16:19:45.976615
6950,3882,savings,8379.73,2023-07-23 21:06:44.315394
6951,1653,checking,6534.78,2024-11-22 08:35:41.904840
6952,617,checking,12433.48,2023-07-22 20:14:27.125105
6953,4656,savings,41776.07,2026-02-18 21:39:20.361660
6954,1877,savings,29430.8,2024-09-19 12:47:25.695736
6955,621,savings,18209.18,2026-04-04 22:56:08.737913
6956,1266,checking,16079.97,2026-04-07 10:42:58.685137
6957,3231,savings,30750.36,2025-09-03 13:27:00.265238
6958,206,checking,27293.49,2024-04-24 00:49:42.439740
6959,4401,savings,11285.87,2025-06-06 18:28:16.857387
6960,2647,savings,45342.77,2024-02-06 20:16:10.333318
6961,1853,savings,46483.25,2025-01-21 17:41:39.821060
6962,3217,checking,3190.38,2023-08-23 07:52:31.231474
6963,4956,checking,25104.79,2025-03-01 20:06:02.602679
6964,4782,checking,1358.66,2025-01-27 07:15:29.642862
6965,3464,savings,39698.42,2025-10-15 01:06:51.795641
6966,2071,savings,45734.15,2024-05-11 05:42:37.271948
6967,3673,savings,27746.83,2024-07-26 19:52:07.894717
6968,2330,savings,23815.59,2025-11-18 06:46:10.017837
6969,3959,checking,10854.43,2024-04-24 17:13:22.646740
6970,3576,checking,38452.22,2026-04-05 19:14:49.727610
6971,4676,savings,28175.32,2024-03-15 00:45:01.502617
6972,252,savings,35785.93,2025-05-07 21:20:41.586739
6973,4412,checking,22641.71,2024-11-08 20:17:22.615952
6974,4669,savings,5864.48,2024-04-10 13:00:39.566583
6975,3085,savings,48765.8,2024-05-12 12:01:27.344353
6976,3666,checking,4771.7,2023-10-05 11:52:04.106529
6977,2765,checking,4999.38,2023-07-13 20:40:03.697680
6978,567,checking,27426.11,2023-07-12 17:11:40.129520
6979,2316,savings,44037.29,2026-06-11 07:54:59.319352
6980,2451,checking,43949.53,2026-04-02 00:57:31.859274
6981,4288,checking,36028.72,2025-01-26 05:34:54.854522
6982,2228,savings,36513.15,2025-03-22 17:06:18.024464
6983,2714,checking,9714.15,2024-03-06 04:55:50.557715
6984,909,checking,49858.2,2024-04-10 07:53:56.383486
6985,2571,savings,43780.32,2025-02-07 18:55:49.188385
6986,1938,checking,27864.29,2024-12-05 05:21:03.987586
6987,1769,checking,33503.8,2024-12-29 04:21:40.435767
6988,1466,savings,5505.11,2024-08-07 10:20:19.214854
6989,2655,savings,39601.62,2025-10-07 06:17:04.373629
6990,3781,checking,8432.39,2026-01-03 00:31:17.414140
6991,2673,savings,953.76,2024-01-05 23:29:41.531589
6992,3442,savings,49814.61,2024-12-17 17:42:08.447344
6993,2922,checking,10769.01,2025-11-04 16:43:11.964195
6994,2613,checking,27042.25,2024-05-06 04:49:11.587281
6995,2368,savings,9501.58,2023-09-10 18:04:50.962611
6996,3426,savings,39254.31,2025-01-15 21:52:51.682037
6997,4754,checking,2537.08,2023-07-14 10:37:30.777321
6998,1416,checking,41435.97,2024-04-26 21:54:46.204618
6999,3879,checking,17722.46,2024-07-02 04:17:17.615366
7000,1250,savings,9737.57,2025-12-11 16:42:04.073740
