customer_id,name,age,income,created_at
1,Christopher Johns,41,46497.41,2025-12-15 15:56:07.757745
2,Christina Garcia,33,147536.03,2025-01-04 17:51:05.186297
3,Juan Leonard,64,182282.98,2026-01-10 03:24:12.747468
4,Laura Davis,70,199149.3,2025-10-20 06:46:54.987714
5,Diana Roberts,46,103330.32,2025-10-22 10:37:44.425242
6,Tina Rivas,26,36744.41,2026-06-10 18:59:11.521258
7,Michael Castillo,59,87299.46,2026-02-19 18:20:44.239446
8,Pamela Clarke,69,90783.51,2025-09-19 02:33:22.040134
9,Lydia Smith,36,126351.24,2026-05-24 21:33:42.595040
10,Jessica Clements,47,122220.1,2026-05-30 19:45:51.099416
11,Rhonda Peterson,42,66173.03,2025-07-15 01:06:18.212830
12,Brian Cox,21,76536.72,2024-08-06 17:11:22.789970
13,Jessica Trujillo,51,144985.67,2025-09-28 11:36:32.345703
14,Brett Lopez,67,132126.52,2023-09-06 11:35:58.054456
15,Thomas Baker,30,162698.92,2024-01-06 21:30:18.549020
16,Anthony Taylor,42,168306.07,2023-11-19 13:43:32.787278
17,Brittany Bright,46,196648.75,2024-07-25 02:08:27.525038
18,Elijah Baxter,72,178734.55,2023-10-16 08:02:44.913028
19,Lisa Roberts,47,59609.58,2023-08-21 05:56:03.722991
20,Carrie Thompson,45,135675.19,2025-04-25 07:33:03.294441
21,Sabrina Gallagher,35,40728.23,2024-01-17 21:02:54.640512
22,Darin Holt,69,101795.3,2024-06-06 12:09:53.531218
23,Leslie Watson,35,190469.72,2024-06-29 16:18:35.405916
24,Scott Tucker,31,176514.19,2024-12-03 18:48:15.086836
25,Jason Haynes,23,31379.08,2024-09-21 01:08:57.543878
26,Benjamin Salinas,30,199765.75,2026-01-07 11:58:23.770916
27,Olivia White,36,133553.16,2026-03-24 23:31:59.293812
28,Christopher Barry,70,62286.43,2026-06-10 23:48:34.856197
29,Samantha Burke,32,87457.96,2023-08-19 04:00:20.526805
30,Jeffery Johnson,70,48357.31,2024-09-06 04:26:42.371531
31,Jenny Martinez,51,120799.92,2024-06-22 16:36:46.818376
32,George Robertson,69,48060.98,2026-05-21 19:32:20.799911
33,Nicole Chen,46,97671.03,2025-09-18 02:27:17.668543
34,Robert Guerrero,75,187413.76,2025-06-17 09:22:05.460942
35,Susan Miller,51,121586.78,2024-03-02 16:32:18.599081
36,Dylan Dickerson,67,69696.35,2025-09-29 07:36:35.840293
37,Brooke King,21,183763.18,2024-01-16 23:26:17.873491
38,Cory Foster,72,122799.67,2025-10-10 10:17:29.367012
39,Matthew Baker DDS,48,147170.04,2025-04-18 18:07:37.256128
40,Laura Lee,53,95685.57,2023-07-05 09:31:19.021073
41,Rhonda Daniels,54,132000.99,2024-03-10 18:20:22.138853
42,Lisa Miranda,66,101008.34,2023-11-04 23:05:53.880984
43,David Howe,26,111521.22,2025-07-09 06:49:36.935223
44,Natalie Smith,63,152113.26,2026-04-21 03:28:27.046834
45,Kelly Wood,46,69359.13,2025-06-16 19:50:41.075224
46,Tiffany Guerrero,74,75467.67,2026-03-31 09:43:38.914125
47,Daniel Rich,23,114256.51,2025-08-24 13:39:23.622800
48,Crystal Richardson,70,184178.78,2024-03-17 09:54:58.519099
49,Vanessa Hunter,55,129764.99,2025-11-30 09:14:26.182485
50,Crystal Robinson,60,142884.33,2025-07-04 09:06:52.299875
51,Beth Mckay,22,136670.57,2025-04-18 14:09:27.384666
52,Michael Wallace,28,43484.56,2025-02-13 02:41:57.068642
53,Mackenzie Gonzales DDS,54,170189.72,2024-01-18 03:53:55.868394
54,Dylan Powers,62,33340.75,2025-06-20 13:46:08.506860
55,Peter Carlson,75,197282.57,2023-09-24 16:59:31.644262
56,Sierra Carrillo DDS,22,74287.94,2023-12-10 21:34:13.904995
57,Lisa Banks,54,155609.2,2024-01-18 15:08:16.001966
58,Seth Snyder,69,90855.62,2025-04-05 05:25:32.066433
59,Brenda Jacobs,27,175525.18,2026-01-17 19:45:49.910736
60,Michael Morris,28,95371.7,2023-10-25 09:29:29.576334
61,Kevin Garcia,64,113916.23,2024-02-27 12:29:32.132982
62,Theresa Morgan,32,184284.46,2024-06-24 04:38:25.302500
63,Todd Schaefer,27,33240.76,2024-01-10 17:00:30.764058
64,Sarah Solis,65,142277.96,2026-05-17 15:28:29.981284
65,Ryan Tran,61,190780.04,2024-11-29 00:50:33.085061
66,Keith Wilson,66,67197.34,2023-07-20 00:00:48.771194
67,Nicole Good,75,114520.77,2023-06-18 03:54:26.563751
68,Thomas Meyer,28,79325.19,2024-03-02 02:13:16.878558
69,Michelle Tucker,33,89684.0,2023-10-23 09:47:39.384249
70,Susan Marshall,25,153165.39,2024-05-15 06:10:08.023003
71,Amy Murphy,67,138626.37,2024-03-20 07:42:58.978873
72,Chelsea Lopez,69,135207.78,2024-04-09 08:53:14.912995
73,Rebecca Howard,50,176965.8,2024-08-04 13:08:00.076523
74,Andrew Guzman,50,128774.92,2025-05-25 20:54:01.533298
75,Alexander Jones,69,33430.71,2025-09-11 07:53:21.128765
76,Anthony Curtis,44,195094.38,2023-12-17 16:10:11.641651
77,Matthew Gray,64,94341.87,2023-06-20 02:39:14.432070
78,Alan Wade,47,97141.78,2026-04-25 18:34:01.019316
79,Heather Jones,73,95578.82,2024-06-29 21:25:15.198583
80,Anthony Nguyen,65,114842.03,2024-03-05 22:29:43.530406
81,Lydia Robertson,38,33916.67,2025-09-22 18:34:59.153092
82,Shane Ward,51,50214.34,2026-05-24 23:38:59.955683
83,Joel Riley,48,51391.23,2024-08-30 04:32:39.208874
84,Jessica Ward,73,47318.01,2024-06-26 23:09:22.685326
85,Scott Osborne,35,128466.81,2024-08-29 13:00:51.036608
86,Jesse Bennett,41,90735.38,2026-02-08 12:58:18.609325
87,Richard Watson,28,176615.53,2026-01-07 00:03:06.619796
88,Kenneth Hanson,41,77452.56,2024-02-23 08:23:49.138104
89,Kristin Steele,53,184690.27,2023-06-23 02:28:44.451561
90,Tracy Ewing,36,75269.29,2026-05-22 11:43:27.929693
91,Amy Perkins,70,158864.97,2025-04-17 19:03:57.040583
92,Vanessa Bryant,63,165989.13,2026-01-30 06:16:47.708632
93,Jasmine Evans,40,172753.42,2024-08-08 07:10:40.149519
94,David Ortiz,69,106279.48,2026-05-14 11:40:47.914891
95,Steven Cox,20,194116.09,2023-11-11 07:02:30.099944
96,Stephanie Wood,74,120065.84,2023-07-09 05:54:43.330098
97,Donna Nichols,30,42577.41,2024-11-17 08:07:24.518532
98,Adam Garcia,28,92114.61,2024-01-13 11:17:04.364811
99,Jerry Davenport,35,32186.13,2023-10-30 21:12:34.116588
100,Pamela Sanchez,66,126797.1,2026-01-24 12:38:11.342813
101,Heather Wood,43,92032.39,2025-07-19 13:56:54.236837
102,Kyle Patel,21,91272.9,2025-09-13 06:18:43.139133
103,Robert Berry,41,76767.33,2025-09-01 23:27:52.516980
104,Patricia Nelson,56,114268.05,2025-10-27 06:19:17.822226
105,Ashley Decker,36,108103.19,2026-04-01 07:48:43.133729
106,Stephen Haas,62,82326.94,2025-10-13 04:28:50.429166
107,Katrina Le,64,153561.8,2026-02-06 22:09:39.810118
108,Jennifer Tran,71,76903.69,2025-11-09 12:12:25.150495
109,Olivia Lewis,24,103954.64,2025-08-19 20:33:39.045471
110,Travis Reyes,35,122016.64,2025-01-13 17:52:46.660488
111,Dylan Roberts,56,119394.36,2023-08-27 01:30:48.744337
112,Juan Cook,67,122525.24,2024-10-26 12:06:08.201003
113,Kaitlyn Moore,73,142996.57,2024-09-26 13:05:42.820325
114,Clayton Pugh,44,165190.36,2026-04-13 15:07:49.360947
115,April Anderson,49,116429.14,2023-06-28 01:16:55.130792
116,James Miller,32,37717.35,2023-08-31 13:56:30.169329
117,Ricky Richard,59,169817.73,2023-10-30 21:04:46.698812
118,Tanya Taylor,60,106873.51,2025-05-25 23:05:20.739704
119,Denise Moses,31,54680.31,2024-05-30 22:32:03.877347
120,Ashley Jones,34,185088.05,2026-04-26 11:49:25.348014
121,Adrian Sanchez,66,117241.24,2026-02-25 12:09:08.618658
122,Ashley Smith,30,120009.15,2023-11-04 21:45:17.706453
123,Scott Cook MD,45,81813.25,2025-05-17 09:33:33.329198
124,Angela Ross,60,193099.86,2023-07-09 10:04:53.559350
125,Jessica Chapman,65,73205.14,2023-08-09 21:36:14.595154
126,Holly Mcclain,28,174650.95,2026-04-14 13:25:41.182551
127,Thomas Cohen,24,43533.93,2025-01-22 07:13:19.255164
128,Rita Farrell,48,103893.58,2024-05-11 20:56:52.997749
129,David Dominguez,45,142404.1,2023-07-17 19:14:13.540418
130,Michael Hanson,72,101093.45,2023-12-11 13:14:16.954523
131,Miguel Grimes,58,184771.95,2025-03-20 03:20:39.386009
132,Mrs. Rebecca Chen,35,167361.06,2024-10-10 13:35:18.314792
133,Craig Cooper,21,40529.94,2023-09-19 15:17:49.741623
134,Patricia Knox,49,167850.87,2024-04-10 01:16:04.200492
135,Brian Smith,25,87529.46,2024-03-13 21:08:33.078098
136,Matthew Miller,21,156044.33,2025-04-10 09:18:36.273538
137,Erik Walker,73,85796.03,2025-07-31 16:43:34.974662
138,Brandon Hamilton,61,51342.47,2023-12-30 23:12:53.910625
139,Deborah Kim,19,45553.7,2025-10-15 06:27:54.676172
140,David Benson,22,81036.87,2026-03-26 20:43:44.528800
141,Melissa Smith,52,37313.63,2024-03-11 22:06:44.165236
142,Sheila Novak,64,91517.37,2024-06-30 10:04:46.523047
143,Jeffrey Blankenship,20,190300.66,2025-07-10 02:53:12.931617
144,Shannon Paul,52,135321.19,2024-08-09 03:04:43.220027
145,Luis Owens,21,74405.22,2025-10-07 18:10:38.869464
146,Regina Crawford,75,183904.21,2026-04-18 13:52:18.786123
147,Douglas Anthony,20,117372.14,2025-02-28 04:47:27.968158
148,John Perez,27,180356.83,2025-08-05 09:53:08.033602
149,Allison Young,74,51494.66,2024-05-26 01:46:36.285673
150,Joe Rasmussen,69,33014.76,2024-12-02 01:15:37.949937
151,Christina Humphrey,38,192881.68,2025-02-16 21:34:18.244591
152,Jorge Young,63,114458.9,2023-12-17 02:25:09.282726
153,Sabrina Mitchell,70,151239.44,2024-03-30 01:58:43.541576
154,Margaret Smith,45,127536.42,2024-04-08 16:16:13.231948
155,Jennifer Reynolds,48,123564.79,2026-02-16 18:12:25.830211
156,Timothy Young,55,94797.11,2024-06-09 15:23:02.139035
157,Stephanie Stewart,22,101858.15,2023-11-16 05:57:26.850360
158,Brianna Osborn,51,103929.45,2024-11-10 11:22:32.632450
159,Maria Schmidt,70,87567.8,2025-07-19 09:41:04.185168
160,Nina Harris,21,30303.32,2023-12-21 04:30:22.420185
161,Brian Le,35,60277.4,2026-01-02 17:48:55.744138
162,Tony Martinez,59,162923.94,2024-06-22 10:20:32.414513
163,Steven Gordon,31,173481.9,2026-03-29 16:35:34.873680
164,Elizabeth Sanchez,45,182374.66,2024-01-03 14:57:06.844957
165,James Scott,60,33709.75,2024-02-18 11:55:57.726532
166,Denise Price,39,43313.69,2023-11-26 20:09:55.108404
167,Jeffrey Foster,73,92770.41,2024-12-20 10:33:40.180296
168,Melissa Taylor,35,97398.23,2023-07-03 14:00:06.909111
169,Jasmine Wood,24,108789.94,2023-07-30 17:15:05.849758
170,Mary Carrillo,68,76800.0,2025-01-30 00:42:25.890244
171,James Edwards,65,179998.16,2026-01-25 14:23:01.235745
172,Meredith Jackson,33,92930.07,2023-07-29 13:21:47.909958
173,Melissa Sherman,59,79408.44,2023-10-24 03:27:20.008158
174,Marissa Smith,30,141439.93,2024-09-01 21:06:04.695175
175,Patrick Hunt,43,39657.51,2023-08-19 22:31:05.212283
176,Ryan Dickson,73,131420.99,2025-12-05 01:43:45.777838
177,Michele Berger,42,148731.68,2025-08-07 14:17:03.791180
178,Joshua Ray,38,125607.12,2026-03-29 05:53:07.733251
179,Dwayne Lewis,29,75381.77,2023-08-15 17:16:48.793904
180,Gary Price,34,99072.03,2026-02-24 13:30:11.926834
181,Emily Holder,28,104030.29,2026-05-15 22:04:53.907958
182,Christopher Watson,20,107127.44,2023-12-17 07:49:10.284625
183,Nicole Collins,36,60500.21,2025-12-29 20:33:23.181262
184,Stephen Baldwin,52,58651.51,2025-02-09 00:00:15.251717
185,Erin Thomas,53,62465.8,2024-09-24 10:46:16.267185
186,Miss Melissa Smith,37,158632.31,2024-05-05 01:04:34.319142
187,Jack Stewart,68,173596.64,2025-10-13 20:26:17.031126
188,Dennis Peterson,66,140802.62,2024-01-02 11:24:59.761916
189,Mr. John Flores Jr.,66,31000.73,2023-07-25 22:18:03.660522
190,Casey Prince,67,116915.68,2025-09-06 06:48:04.827414
191,Beverly Barnes,67,112089.22,2024-12-09 02:32:58.586083
192,Vicki Roberts,71,80376.34,2024-09-16 02:33:50.256255
193,Andrew Williams,50,84500.96,2025-03-05 21:29:50.948638
194,Steven Keller,29,78251.67,2023-12-31 17:04:43.378875
195,Joshua Valenzuela,75,124583.71,2024-09-17 17:42:28.187730
196,Zachary Mcbride,72,167131.4,2026-05-27 13:34:43.403424
197,Kevin Shelton,73,70114.71,2024-08-14 15:05:21.202648
198,Matthew Mckinney,25,38239.9,2025-11-12 00:53:18.456791
199,Jacqueline Baldwin,58,89956.47,2025-06-20 19:39:58.925817
200,Juan Guzman,26,160721.81,2023-08-09 13:44:14.156738
201,Brittany Keller,46,110286.87,2024-11-26 07:17:46.919422
202,Mary Briggs,58,187672.32,2023-07-30 20:30:20.541085
203,Cynthia Bush,52,99008.55,2024-11-24 03:08:08.148726
204,Courtney Keller,30,139774.26,2024-01-21 10:39:37.455594
205,Hector Webb,68,160054.63,2025-10-11 15:52:41.980606
206,Brian Donaldson,43,47760.21,2025-04-08 13:48:43.431607
207,William Watkins,24,85066.65,2025-10-03 22:44:01.680729
208,Timothy Meadows,33,121546.13,2024-09-23 18:33:35.485856
209,Jodi Arnold,33,105241.97,2023-12-09 17:49:05.586048
210,Susan Stout,53,46601.28,2025-09-26 15:12:30.194538
211,Jessica Stevenson,36,123116.51,2026-05-29 15:27:05.711241
212,John Smith,31,158022.87,2024-02-02 02:54:47.980484
213,Shannon Gonzalez DDS,43,74930.21,2024-02-03 13:23:56.557235
214,Carolyn Joseph,46,58095.39,2024-04-24 07:02:24.424531
215,Julie Moore,31,144479.35,2025-01-07 07:52:04.198452
216,Amanda Schmidt,61,128405.48,2025-12-23 18:16:45.323911
217,Amanda Chapman,68,142557.51,2024-08-14 15:49:49.785749
218,Shannon Bauer,46,183260.24,2023-09-29 03:55:11.926448
219,Brian Brown,56,108662.11,2025-10-04 04:32:58.205893
220,Cheryl Rivas,75,68237.79,2024-05-28 06:07:34.916690
221,Robert Gonzales,25,127889.47,2023-10-27 05:54:25.334370
222,Tracy Oconnell,71,161882.49,2025-05-06 23:35:20.651198
223,Steven Wang,38,80240.22,2024-05-21 22:22:23.763888
224,Shawn Bird DDS,28,181587.89,2025-07-03 03:40:53.232720
225,Michelle Dudley,23,54486.16,2024-10-24 10:35:36.331615
226,Ashley Hughes,29,51039.75,2025-03-02 06:21:12.595287
227,John Patrick,37,161626.07,2024-02-14 08:35:21.793624
228,Mitchell Carter,54,53758.49,2024-06-15 14:33:06.973225
229,William Fischer,55,104356.9,2026-02-07 17:53:15.054493
230,Sandra Miller,66,45806.96,2024-09-27 12:26:56.405001
231,Thomas Bolton,69,93914.41,2023-10-22 18:23:40.317172
232,John Green,34,168281.38,2023-08-04 21:04:39.627641
233,Laurie Kaiser,39,144755.0,2023-09-08 12:55:55.574138
234,Heather Wells,36,55830.08,2023-12-12 18:54:52.769364
235,Andrew Walker,54,143018.12,2023-08-12 19:43:44.696264
236,Rachel Floyd,72,138270.49,2024-02-17 23:06:14.270020
237,William Trujillo,58,140045.77,2024-05-03 10:41:54.024317
238,Robert Alvarado,68,110343.89,2025-01-17 11:29:37.208323
239,Leonard Stevens,26,164503.65,2026-01-23 00:28:55.805880
240,Ralph Gomez,58,45606.99,2024-05-07 16:26:56.915193
241,Nancy Lawson,51,66741.32,2025-02-03 08:07:34.392687
242,Michael Frazier,74,149572.64,2024-07-25 11:00:25.393440
243,Mary Torres,72,129031.95,2025-05-26 00:34:34.229579
244,William Yang,72,171977.31,2025-04-20 20:16:22.958658
245,Paige Swanson,74,58313.6,2024-11-01 09:56:12.814795
246,Pamela Brewer,32,138770.05,2024-08-06 17:48:16.916499
247,Jason Padilla,22,105603.29,2023-11-08 11:28:13.810520
248,Corey Barnett,26,127966.76,2025-09-05 19:26:14.429341
249,Sharon Owen,19,79087.03,2023-10-11 10:20:09.152137
250,Christina Cortez,60,156223.8,2023-11-03 08:13:37.121588
251,Raven Orozco,55,187899.42,2024-10-05 16:47:22.245281
252,Samantha Rodriguez,44,126003.53,2023-12-02 01:16:31.030744
253,Sean Mclaughlin,67,140917.13,2024-04-17 18:18:54.895144
254,Ashlee Rodriguez,24,158454.18,2024-07-20 18:51:43.828789
255,Tina Neal,52,44774.54,2026-06-03 11:33:32.706884
256,Cody Bailey,69,190697.48,2024-10-01 18:49:20.017970
257,Kaitlyn Harvey,37,86541.17,2026-05-17 03:42:55.103637
258,Anthony Charles DVM,31,109395.46,2025-07-03 05:55:34.372141
259,April Harvey,18,173510.05,2025-01-12 14:22:04.748272
260,Jonathan Santana,66,134777.08,2024-08-29 05:04:01.732313
261,David Lynch,68,126778.1,2024-05-21 22:23:10.812211
262,Ebony Delacruz,26,112643.27,2026-05-21 17:17:33.692820
263,Gregory Hunter,52,53713.88,2026-02-20 05:23:26.636351
264,James Young,50,45313.38,2024-01-12 14:35:51.415915
265,Cynthia Delacruz,40,64401.42,2024-07-16 00:17:08.846204
266,Melinda Mann,57,38859.06,2023-12-04 12:11:30.107328
267,Mark Morales,74,44873.17,2024-05-18 06:38:03.994510
268,Angela Wilson,35,88332.13,2025-08-08 21:35:11.865278
269,Bryan Oliver,68,39495.88,2024-02-23 18:14:59.420422
270,Natalie Rios,47,55972.44,2025-05-22 02:43:31.085665
271,Matthew Burke,75,96348.95,2024-01-19 07:00:10.238210
272,Karen Farmer,36,144769.63,2026-01-08 22:00:11.797175
273,Hannah Charles,60,173486.78,2024-05-27 01:47:17.280948
274,Yvonne Tran,38,158915.67,2025-02-01 19:28:12.173713
275,Elizabeth Banks,64,159944.65,2026-03-25 11:52:25.613857
276,Mark Cowan,55,71964.64,2024-03-11 15:30:38.486348
277,Melinda Smith,58,44365.43,2023-07-18 07:22:11.210750
278,Ryan Russo,59,137960.91,2026-03-15 06:03:03.929419
279,Charles Blair,23,192243.69,2023-11-14 14:44:27.873693
280,Jennifer Ford,65,35360.51,2026-01-12 05:09:00.845406
281,Angela Robinson,49,45780.12,2025-09-01 05:50:10.003008
282,Cheryl Roberts,23,146316.51,2024-12-15 22:10:14.497746
283,John Murphy,46,50041.83,2025-04-06 09:03:15.726597
284,Marcus Cooper,25,184319.19,2023-09-07 12:39:35.182914
285,Jesse Richardson,63,132545.31,2024-08-10 22:19:59.782425
286,Daniel Phillips,31,129724.37,2024-08-28 14:15:59.269573
287,Catherine Marks,39,81768.03,2025-12-15 11:46:02.846778
288,Helen Porter,21,78421.12,2024-11-09 15:58:29.626738
289,Elizabeth Powell,24,172262.07,2024-01-19 13:00:04.649851
290,Aaron Mcguire,31,104860.76,2025-08-09 10:48:25.909954
291,Melissa Carter,22,108248.91,2024-03-08 21:46:40.664346
292,Michelle Delgado MD,67,81446.13,2025-02-06 15:29:50.246925
293,Randall Nelson,35,131561.87,2024-01-21 04:41:59.152678
294,Michael Palmer,24,127362.68,2025-10-23 01:01:41.207015
295,Donna James,40,54976.4,2023-10-24 10:09:05.622153
296,Susan Jackson,49,134291.74,2024-04-02 06:59:49.948473
297,Christine Dean,19,135875.03,2025-12-06 15:14:07.889184
298,Sara Obrien,33,58281.41,2023-07-15 20:38:27.902095
299,Heather Christian,72,176275.23,2024-12-09 12:00:44.610084
300,Scott Young,72,191745.02,2025-09-24 09:26:22.736251
301,Harold Allen,56,50408.4,2025-01-28 14:28:03.353023
302,Rebecca Jordan,48,128595.94,2024-12-25 19:22:17.674288
303,Steve Brown,59,192839.71,2024-03-31 05:32:09.399164
304,Kyle Miller,60,180831.82,2025-05-01 22:43:29.885896
305,Maria Gentry,25,84460.81,2023-10-15 03:19:23.174857
306,Veronica Fox,45,175620.14,2023-12-30 05:52:28.084081
307,Michele Rhodes,34,123600.59,2024-07-11 11:50:28.457048
308,Steven Webb,43,124899.02,2024-06-09 03:02:36.437019
309,Robert Woodward,39,188169.79,2024-02-12 23:58:37.277617
310,James Decker,73,106355.85,2023-09-27 23:03:06.010707
311,Kevin Strickland,63,64355.95,2024-03-26 01:32:21.607126
312,Nathan Johnson,51,51630.79,2026-01-04 14:52:54.131008
313,Michael Lawrence,33,101198.39,2023-08-15 13:25:49.848564
314,Jeremiah Alvarez,56,77340.08,2025-03-26 03:50:42.904401
315,Cynthia Parker,46,193991.74,2024-07-20 17:02:39.844144
316,Katelyn Erickson,23,37665.82,2024-06-19 22:33:30.955608
317,Daniel Griffin,73,189716.97,2024-01-19 10:10:40.427444
318,Wyatt Edwards DVM,71,138115.78,2024-05-04 10:27:57.107800
319,Denise Vargas,31,150893.27,2024-12-26 10:36:01.019741
320,Nancy Barnes,35,154237.93,2023-08-17 01:45:11.189867
321,Amanda Wagner,42,115294.2,2024-05-01 00:08:35.154091
322,Ashley Perez,28,180968.99,2025-01-15 23:09:49.134324
323,Mark Garcia Jr.,66,95926.35,2023-10-12 12:22:46.044441
324,Lee Davis,71,141988.59,2024-01-13 03:02:34.916263
325,Ricky Lucas Jr.,67,98082.57,2025-03-19 08:29:25.244225
326,Cory Gray,63,196807.68,2024-11-12 13:50:22.528062
327,Melissa Perez,54,52137.34,2025-01-19 02:47:54.427152
328,Robert Santos,34,54583.69,2025-04-19 17:45:42.123884
329,Travis Howard,39,101274.96,2025-01-01 00:49:06.022176
330,Francisco Roberson,19,196933.93,2025-12-31 22:49:20.457514
331,Mark Rogers,68,49211.26,2026-06-08 11:35:12.379796
332,Mrs. Brittany Campos,52,115457.37,2024-10-22 04:43:08.224576
333,Marcus Brown,67,160847.71,2023-12-25 22:10:37.643460
334,Alex Gardner,29,163285.66,2024-05-15 13:09:56.215179
335,Jennifer Hernandez,59,131811.57,2024-05-25 18:35:31.813633
336,Alison Terry,50,112145.56,2025-09-07 00:25:06.160677
337,Kendra Murray,22,105827.81,2025-07-24 02:47:57.433578
338,Peter Rollins,55,160336.52,2024-07-12 22:15:55.226469
339,Emily Coleman,44,165676.97,2025-03-02 08:11:16.522629
340,Marcus Curtis,38,76646.77,2024-10-12 00:16:16.906178
341,Travis Davidson,70,91947.1,2024-07-01 23:24:25.981702
342,Nicole Graham,64,99030.95,2026-01-13 07:22:52.599548
343,Alexis Brown,35,42315.95,2024-07-19 22:23:36.523982
344,Dr. Wendy Day,65,140908.51,2024-05-03 03:52:36.205132
345,Christina Scott PhD,30,83349.73,2024-04-23 01:50:18.467656
346,Brandon Brown,55,181521.37,2023-06-18 07:02:19.791269
347,Lauren Combs,46,160989.94,2026-03-03 15:35:49.844880
348,James Tyler,61,183416.57,2024-02-19 17:55:14.888846
349,Christina Montgomery,46,99610.41,2025-02-24 16:44:30.159053
350,Angela Parsons,23,146496.93,2026-03-09 16:09:47.037920
351,Monica Brown,23,107437.73,2025-06-23 04:21:37.073899
352,Kristen David,60,105060.36,2024-01-08 17:34:04.600795
353,Daniel Smith,45,193333.35,2024-09-12 06:55:16.495556
354,Heather Green,55,177877.05,2024-09-08 08:14:14.675740
355,Nancy Mejia,26,124465.58,2025-09-16 02:38:34.509547
356,Thomas Campbell,48,39596.5,2024-03-16 09:42:17.720116
357,Michael Hamilton,25,32839.53,2025-07-23 23:50:20.797174
358,Valerie Rich,33,119433.39,2024-10-16 08:46:23.703799
359,Jennifer Montgomery,65,125388.42,2024-07-02 03:04:56.117083
360,Erica Smith,70,44634.56,2025-04-06 05:08:06.024172
361,Dr. Kelli Gutierrez,33,103070.87,2023-08-30 03:45:49.487633
362,Kenneth Schneider,33,47308.52,2023-12-11 07:26:19.888174
363,Linda Chang,29,126493.48,2025-12-20 03:02:47.419522
364,Melanie Ferguson,63,110570.51,2024-03-16 15:01:59.967555
365,Cameron Garner,46,139160.32,2024-01-20 23:02:07.888622
366,Daniel Kelly,29,185206.8,2024-08-23 03:28:38.599364
367,Robert Dunn,65,65320.42,2024-07-16 07:48:05.670538
368,Jonathan Howell,74,85296.9,2024-12-09 21:00:54.174582
369,Tyler Morris,31,194617.09,2024-04-22 23:10:42.418075
370,Terry Brown,58,110015.37,2023-10-12 08:14:50.264858
371,Shelly Warren,46,166491.45,2023-07-03 10:07:15.311175
372,William Jones,42,97077.72,2024-06-06 09:30:28.252436
373,Beth Perez,38,60161.9,2026-06-09 22:07:36.178383
374,Cassandra Richardson,24,193933.89,2024-07-22 09:07:47.527391
375,Bryan Hale,45,125586.53,2024-04-19 13:28:46.301443
376,Stacy Ayala,74,199997.54,2023-12-08 17:16:00.117563
377,Jennifer Perez,60,173627.17,2025-03-18 21:59:41.156456
378,Miranda Armstrong,31,116884.81,2024-09-27 13:59:27.395776
379,Joann Wilson,37,78828.23,2025-05-20 15:58:11.729000
380,Isaiah Young,37,46099.74,2026-05-09 08:56:26.067910
381,Kirk Williamson,44,134470.11,2024-06-09 16:51:26.528326
382,Tony Garner,23,60997.89,2023-12-21 04:12:37.094947
383,Amy Munoz,50,73107.55,2023-07-17 18:07:08.111809
384,Kimberly Payne,29,196560.03,2024-10-30 12:14:28.961075
385,Elizabeth Smith,38,102627.26,2023-12-17 07:51:17.461771
386,Brian Cole,29,110804.74,2024-04-10 20:22:31.975213
387,Virginia Brown,39,170767.61,2026-06-07 20:28:01.702910
388,Wesley Everett,59,75251.48,2025-12-23 03:19:44.656610
389,Sarah Schmitt,66,144153.37,2025-05-27 17:44:39.491346
390,Felicia Cole,50,122582.89,2024-09-08 17:53:59.009612
391,Melissa Schneider,58,63310.29,2025-04-01 10:00:57.341604
392,Kelly Jackson,22,96220.61,2025-09-12 11:30:14.581206
393,Jeremiah Charles,48,40469.31,2023-10-31 09:26:50.899446
394,Shawn Walters,38,153548.37,2026-02-13 10:22:01.314324
395,Ryan West,68,39829.36,2025-09-08 14:18:45.693208
396,Monica Hawkins,67,155169.53,2025-01-02 03:00:00.943380
397,Willie Williams,21,161933.35,2024-01-03 00:08:25.285394
398,Johnny Flores,66,76315.85,2025-08-18 01:39:54.411570
399,Elizabeth Gould,61,69822.97,2024-08-05 09:41:42.038628
400,Richard Hays,61,145105.93,2026-01-09 10:39:09.481182
401,Lisa Smith,53,195008.99,2023-08-04 14:13:37.094108
402,Joel Greer,35,194892.55,2026-04-24 18:12:56.167044
403,Sheri Smith,53,97942.82,2025-07-17 12:33:02.020830
404,Rebecca Barker,59,106050.49,2023-08-18 04:16:59.528480
405,Robert Vincent,33,103679.49,2025-03-24 03:22:12.536522
406,Anthony Evans,34,176821.88,2025-07-31 15:56:16.804837
407,Ariana Carlson MD,61,65374.69,2025-02-17 06:52:22.668522
408,Samantha Goodman,69,95725.21,2025-10-12 13:26:17.745857
409,Edward Mccoy,36,130647.58,2023-12-09 18:42:41.797390
410,Anthony Townsend,71,111953.0,2025-08-30 11:23:30.356644
411,Marcus Cooper,53,155700.78,2025-05-23 09:48:23.228296
412,Anthony Smith,38,198295.16,2025-03-19 04:37:20.143102
413,Mary Collins,30,45563.09,2024-11-16 09:32:54.139691
414,Rebecca Montgomery,46,166816.18,2025-02-19 13:54:41.035745
415,Jeremy Martin,61,76415.76,2024-05-27 17:10:23.384904
416,Karen Jones,21,84529.43,2025-09-20 01:55:49.793552
417,Jonathan Dixon,22,37123.23,2024-01-04 18:36:07.087816
418,Elizabeth Burke,50,41775.86,2024-12-14 13:37:22.566347
419,Caitlin Davis,23,183078.03,2023-10-09 06:17:14.909517
420,Michael Kelley,28,40106.58,2023-08-01 19:57:14.787540
421,Arthur Moran,47,45714.42,2024-07-04 09:10:42.121227
422,Jacqueline Hess,31,73116.75,2024-07-17 18:39:13.998861
423,Thomas Ward,60,35663.92,2024-05-17 02:47:05.483343
424,Richard Choi,63,39382.5,2025-10-02 20:25:56.988114
425,Susan Johnson,44,46322.61,2024-02-26 08:24:39.893876
426,Regina Price,22,197328.99,2025-09-17 07:40:01.414158
427,Tonya Wells,23,152954.11,2026-03-05 12:17:08.261630
428,Elizabeth Macias,48,190983.4,2024-02-27 08:32:52.824069
429,Hannah Lee,47,40363.26,2025-06-30 03:50:34.768200
430,Ashley Murphy,59,174264.84,2025-07-01 22:38:38.807682
431,Matthew Castillo,41,85252.99,2025-04-21 19:54:41.671995
432,Gabriel Ewing,26,96315.88,2024-10-19 09:17:01.357317
433,Kiara Kent,57,53654.1,2024-08-28 08:54:58.059509
434,Carol Wilson,33,75330.9,2023-07-04 03:57:58.948222
435,Drew Stevenson,31,134795.22,2025-08-07 11:10:45.185456
436,Krista Myers,49,65124.34,2024-01-31 16:21:16.994505
437,Caleb Harris,33,82948.77,2023-11-25 18:25:32.509027
438,Laura Bennett,33,34045.92,2025-08-08 13:44:52.572676
439,William Pineda,49,35943.5,2025-06-11 00:43:04.294700
440,Tyler Rodriguez,60,150092.18,2024-11-04 05:33:28.871103
441,Shaun Richards,40,166760.77,2026-02-20 22:03:18.150843
442,Mark Schroeder,41,124686.26,2024-05-04 05:50:13.468648
443,Wendy Mccarthy,46,114890.91,2025-01-08 05:53:38.233895
444,Jamie Monroe DDS,18,152292.64,2025-01-08 12:42:04.737147
445,Beth Murray,26,79131.36,2024-01-16 00:28:17.906755
446,Brendan Horn,39,45687.24,2024-01-24 09:54:43.388134
447,Billy Norman,35,94483.21,2026-04-27 05:24:42.648953
448,Jose Chandler,56,68160.2,2024-10-20 07:12:23.253848
449,Kevin Johnson,49,74473.82,2025-03-29 22:35:34.616212
450,Cynthia Juarez MD,28,73191.72,2024-06-22 07:40:16.862548
451,Donald Hoover,61,109990.12,2024-12-06 16:13:34.899335
452,Hailey Miller,59,102686.25,2026-04-26 15:27:11.258724
453,Crystal Williams,29,135235.58,2024-10-07 17:25:32.139040
454,Stephanie Holland,73,140252.21,2024-03-20 22:46:48.081523
455,Tyler Perez,46,85396.54,2026-02-06 12:03:29.644365
456,Jacqueline Rhodes,33,31135.22,2024-05-13 17:47:14.444065
457,Deborah Miles,60,160107.57,2025-05-05 20:37:41.650733
458,Emily Wong,67,51832.81,2026-02-19 19:43:28.953401
459,Robert Johnson,43,171896.05,2024-08-23 02:04:52.291634
460,Casey Fitzpatrick,55,66832.41,2025-09-09 06:48:07.467190
461,Jimmy Saunders,71,170760.75,2026-06-01 17:38:19.474799
462,Brandon Moore,57,56614.29,2026-01-06 13:55:00.101489
463,Alyssa Martin,49,58838.24,2025-09-08 09:33:25.661821
464,George Pacheco,33,111871.35,2024-09-26 13:50:53.703851
465,Diana Maldonado,31,101218.52,2023-08-20 11:56:29.770211
466,Ashley Johnson,48,192659.62,2024-09-01 18:14:22.093281
467,Amanda Maynard,19,30141.03,2024-10-07 13:34:35.162908
468,Andrea Ford,20,125070.11,2024-04-29 08:09:04.758299
469,Sara Lee,34,38635.98,2024-07-31 19:55:26.653373
470,Elizabeth Singleton,34,85329.09,2023-08-30 22:36:44.788230
471,Bobby Gonzales,19,36177.2,2025-03-23 22:17:16.264925
472,Nicole Oliver,69,176823.3,2023-12-30 15:19:13.569803
473,Matthew Walker,22,158268.67,2025-06-21 02:41:38.948367
474,Joel Phelps,36,40170.16,2024-06-15 14:08:11.604443
475,Brian Washington,23,89202.24,2024-09-18 23:46:48.732165
476,James Burns,72,42832.44,2023-07-10 22:20:57.304816
477,Michelle Floyd,56,113065.14,2024-06-19 23:03:45.391786
478,Mary Gonzalez,29,191771.12,2023-10-07 23:45:31.026875
479,Lori Hughes,57,71985.55,2025-06-26 02:04:14.491043
480,Gary Brown,53,188847.51,2025-10-15 16:08:15.152880
481,Amy Gray,23,177026.46,2023-12-15 23:46:17.745092
482,Dr. Kirk Middleton,42,107230.31,2025-02-27 23:50:40.903465
483,Jonathan Benson,19,106903.24,2025-12-10 08:03:55.201881
484,Ricky Hudson,22,187841.18,2026-04-04 22:36:04.196955
485,Benjamin Stone,24,98654.72,2024-08-16 05:16:24.189553
486,Victoria Lutz,63,141709.49,2023-10-16 08:07:10.422391
487,Lauren Rollins,32,179678.33,2025-06-04 20:57:52.354216
488,Marcus Smith,26,176809.29,2026-04-10 17:27:20.427575
489,Anthony Schmidt,54,50630.04,2026-03-20 04:47:13.091272
490,Morgan Sanchez,18,157919.33,2025-09-27 12:16:45.719157
491,Timothy Riggs,20,44271.97,2024-05-05 05:30:25.592324
492,David Day,18,185922.41,2023-07-17 14:22:47.265117
493,Amanda Hubbard,58,56773.73,2025-08-11 23:44:41.633317
494,Carlos Thomas,23,106984.06,2024-01-15 11:16:22.278177
495,James Ochoa,67,82353.12,2025-06-24 08:34:05.270893
496,Amanda Williams,27,86084.01,2025-01-18 09:10:30.522908
497,Carla Owens,60,182882.13,2024-03-26 09:00:30.357340
498,Diane Hartman,53,182647.11,2025-07-13 07:58:03.721977
499,Mike Brown,65,153311.06,2026-04-19 21:14:06.167747
500,Vanessa Reyes,22,38027.2,2023-09-24 06:30:21.767294
501,Megan Williams,34,86940.69,2025-05-18 10:52:03.435890
502,Michelle Sanders,37,148813.25,2024-03-15 06:29:50.650406
503,Erika Johnson,62,99638.56,2025-07-29 03:12:32.466349
504,Jennifer Daniels,65,174118.45,2024-10-04 13:21:33.786457
505,Frank Diaz,55,111387.91,2025-04-23 16:07:04.372910
506,Tony Kelley,61,86558.51,2024-02-02 15:03:46.937960
507,Brittany Walsh,27,32484.28,2024-02-06 12:31:46.639565
508,Megan Harmon,39,99902.22,2026-06-03 14:22:11.869919
509,Phillip Ray,58,50117.58,2025-05-27 18:02:19.916853
510,Jeffrey Jones,33,72774.47,2025-10-04 13:00:02.486617
511,Tyler Thomas,47,58647.73,2025-01-17 02:42:58.990151
512,Tonya Holder,47,71382.5,2024-08-20 01:39:02.834351
513,Alan Murray,55,106231.72,2024-05-03 09:01:52.417269
514,Charles Brown,52,68611.7,2025-05-19 10:49:04.272785
515,Erika Bass,24,198551.03,2024-04-09 14:29:29.568322
516,Amy Choi,50,104782.17,2025-01-21 16:50:12.892637
517,Christopher Williams,74,103124.92,2025-03-22 03:56:09.732419
518,Keith Davis,54,164856.23,2023-09-07 22:51:47.039885
519,Lisa Mcbride,56,73939.37,2025-02-23 10:16:50.278237
520,Wayne Wheeler,59,128209.66,2024-07-29 12:00:02.919808
521,Matthew Patterson,37,148333.22,2025-04-16 10:38:24.134962
522,Sydney Guerrero,70,86135.25,2025-07-12 15:07:06.755962
523,Kimberly Wells,51,169986.9,2023-07-16 13:34:05.451456
524,Rhonda Adkins,65,191799.75,2025-08-21 04:44:10.613479
525,Anna Jones,22,51197.64,2025-10-05 21:13:07.026780
526,Vanessa Johnson,19,123721.08,2023-12-28 06:07:57.848657
527,Melissa Edwards,73,142405.74,2024-08-19 18:08:41.784047
528,Mackenzie Cox,34,152131.66,2026-04-26 09:32:02.020608
529,Leslie Rodriguez,59,105995.32,2025-09-12 12:15:02.662748
530,Melissa Harris,25,174530.82,2024-05-15 09:03:24.668544
531,Lori Martinez,58,172243.02,2025-11-13 13:57:51.002894
532,John Smith,37,158833.26,2024-06-28 21:30:56.874269
533,Kimberly Hernandez,68,52058.82,2025-03-29 06:37:40.849238
534,Larry Jackson,70,60437.32,2026-03-24 05:04:14.780630
535,Linda Jackson,63,66160.34,2024-07-07 06:38:14.334955
536,Amanda King,49,186775.43,2025-07-28 03:18:19.382256
537,Anthony Houston,19,86398.99,2026-02-23 06:16:46.139892
538,Dan Powell,25,151640.65,2025-10-21 00:20:20.324257
539,Jonathan Schmidt,30,104601.13,2026-01-31 09:34:43.277197
540,Laura Smith,30,73776.0,2024-07-27 13:09:15.988065
541,Rebecca Adams,26,189673.32,2026-03-08 00:53:39.137032
542,Susan Watts,27,149346.41,2024-08-04 02:38:58.682937
543,Edwin Powers,73,129977.0,2025-01-07 11:35:51.189791
544,Stephanie Wilson,59,156808.9,2023-11-08 23:42:24.044000
545,Eugene Cruz,70,60011.9,2024-08-15 10:04:09.496273
546,Trevor Baker,52,167296.46,2023-12-15 14:49:49.505776
547,Nathaniel Collins,20,141614.64,2026-02-13 07:20:28.829544
548,Mark Medina DDS,35,170370.84,2023-12-27 10:09:08.202306
549,Cory Lopez,51,143782.79,2025-10-12 01:53:29.688404
550,Veronica Parker,42,61566.81,2024-11-29 00:39:22.296044
551,Molly Brown,32,158108.26,2026-03-31 04:01:00.712859
552,Jimmy Hall,68,196441.49,2024-05-09 12:34:33.416017
553,Kathleen Long,39,136832.53,2024-10-02 08:42:08.010302
554,Tracy Jones,50,150655.18,2024-01-26 09:34:22.817000
555,Erica Gonzalez,67,56093.89,2023-10-12 22:15:21.928630
556,Carolyn Key,30,77564.6,2024-09-10 14:50:47.235153
557,Christine Mckenzie,49,54618.1,2023-11-20 03:06:56.466635
558,Kelly Wallace,41,50059.1,2025-04-29 18:18:29.657283
559,Cynthia Peterson,49,112358.24,2025-11-19 13:23:39.313437
560,Toni Ingram,37,125794.25,2025-02-12 05:26:26.620598
561,Randy Neal,38,155930.33,2025-05-09 01:31:21.609884
562,Nicole Johnson,58,122082.99,2026-05-14 06:05:00.329455
563,Amanda Jimenez,36,48222.45,2025-08-19 11:09:26.610980
564,Courtney Dillon,68,112807.87,2024-07-23 11:33:11.997189
565,Jessica Thompson,37,62148.22,2024-02-18 20:14:26.695932
566,Gregory Kim,44,54651.82,2024-04-04 15:57:32.930147
567,Jay Parker,36,126869.02,2026-03-09 10:34:22.378047
568,Stanley Schultz,21,190970.8,2024-10-04 05:03:32.413963
569,Elizabeth Kim,71,35435.48,2025-04-12 16:51:19.182651
570,Justin Carroll,74,163820.92,2025-02-24 19:26:29.059543
571,Jacqueline Garcia,57,148342.62,2025-07-18 16:59:58.210385
572,Kathleen Eaton,73,63865.45,2024-06-03 11:51:31.486468
573,Robert Chambers,20,94069.4,2023-08-07 09:02:26.802200
574,Tiffany Douglas,60,187424.03,2025-07-29 11:35:15.300479
575,Stephen Goodman,37,133395.82,2023-08-10 15:32:16.244552
576,Steve White Jr.,49,40053.35,2026-05-28 12:25:44.215266
577,Beth Carpenter,43,179045.93,2025-04-07 09:48:43.033455
578,Thomas Jefferson,51,66746.56,2025-12-21 18:48:54.692605
579,Evelyn Shelton,22,50273.05,2024-11-19 21:02:19.413686
580,Mr. Joseph Shelton,47,173907.73,2025-08-20 08:36:08.251405
581,Donald Watson,36,192125.03,2025-03-06 05:17:07.123737
582,Ronald Martinez,36,175633.86,2026-06-09 04:17:43.725600
583,Samuel Delgado,23,116100.46,2025-10-01 01:48:43.971900
584,Mrs. Rhonda Chang,39,31827.04,2024-08-02 06:06:41.328692
585,Monique Smith,25,54796.22,2026-04-02 05:07:00.276571
586,Anna Lara,55,87471.08,2024-05-30 20:51:39.513129
587,Beth Lara,22,81658.75,2023-10-01 17:39:46.249073
588,Jessica Torres,34,140256.46,2024-02-06 17:40:36.403606
589,Susan Austin,58,190498.41,2024-10-03 00:27:45.134406
590,Keith Johnson,62,40276.83,2026-03-29 03:21:24.309116
591,Judy Lewis,62,56639.56,2024-02-03 03:31:35.114141
592,Sara Bryant,31,169555.36,2026-03-04 06:27:33.525191
593,Terry Morris,74,198916.92,2023-10-09 16:58:28.342386
594,Joshua Morris,75,31725.92,2025-01-08 21:25:17.975725
595,Jill Bowers,33,54709.53,2023-12-21 05:21:35.802241
596,Kathryn Perry,65,184286.28,2026-02-03 07:33:41.143817
597,Brenda Smith,64,83522.75,2024-02-02 18:54:58.564236
598,Jeffrey Elliott,57,125959.76,2024-07-09 13:40:36.986253
599,John Davis,18,177568.7,2025-04-26 19:08:03.731876
600,James Smith,70,169909.26,2024-11-21 21:15:01.279820
601,James King,58,126118.35,2026-02-23 05:54:28.588733
602,Linda Mclean,73,86509.74,2026-05-24 12:10:38.724845
603,Michael Sherman,72,168041.06,2025-12-30 15:36:27.704358
604,Lorraine Harrison,67,99404.85,2025-11-30 12:45:48.056931
605,Michael Bauer,39,35553.93,2024-01-17 18:21:08.962707
606,Amanda Moran,18,167210.26,2024-12-30 17:07:19.608131
607,John Young,60,117976.73,2023-12-03 23:53:38.398821
608,Faith Ford,40,175302.96,2023-06-20 20:05:02.694649
609,Jared Klein,27,105388.27,2025-06-27 16:08:54.620311
610,Joyce Gates,59,53871.84,2026-05-08 11:22:42.903322
611,Alan Mills,25,176442.2,2026-01-30 05:06:52.496225
612,Sarah Williams,65,39556.42,2025-03-20 08:17:16.712929
613,Scott Stokes,42,69227.18,2024-09-07 00:44:59.033887
614,Joe Wolf,53,187492.92,2026-04-22 00:31:54.918911
615,Brenda Johnson,69,79764.66,2025-12-21 16:11:53.675428
616,Steven Adams,61,30269.63,2026-05-17 11:21:28.507606
617,Nicholas Hall,57,137529.37,2025-06-23 03:27:44.035010
618,Joseph Young,40,108751.91,2026-05-10 06:13:03.611146
619,Paul Robinson,51,70520.94,2026-02-21 18:35:36.739934
620,Robert Stevens,30,140460.49,2024-10-16 18:12:57.365804
621,Michael Brown,73,75426.54,2024-09-05 08:56:41.754111
622,Adam Morales,25,122586.67,2025-07-15 04:56:54.647399
623,Gene Murphy,34,112914.67,2024-03-30 16:14:46.832671
624,William Larson,21,121432.06,2025-11-23 00:59:26.902278
625,Amanda Holmes,22,78266.81,2024-06-03 23:55:39.449638
626,Yvonne Williams,57,40851.94,2024-01-21 12:39:35.187660
627,Scott Cardenas,22,192110.66,2025-08-08 10:08:01.120663
628,Deborah Rojas,38,92105.41,2025-02-08 09:12:09.850647
629,Michael Davis,59,169018.36,2024-02-04 18:18:09.249258
630,Nancy Pierce,46,66859.95,2025-10-14 22:56:25.638902
631,Makayla Clayton,19,52170.0,2025-10-16 10:42:35.997636
632,Kevin Daniels,45,93166.17,2024-11-05 20:56:34.700265
633,Mark Ryan,40,144522.41,2025-06-21 00:19:58.875584
634,Kelly Taylor,40,195158.85,2023-11-03 19:19:07.200674
635,Isaiah Duffy,40,145519.6,2026-05-12 18:24:12.542504
636,Michael Woodard,30,126940.42,2023-10-11 19:29:03.132973
637,Keith Price,33,169846.93,2024-07-09 13:12:31.378534
638,David Martin,75,30110.95,2025-07-08 02:07:45.249272
639,Alexander Cruz,26,175265.87,2024-05-24 20:48:28.565916
640,Ryan Campbell,46,59628.83,2026-03-06 11:12:46.693043
641,Christopher Watts,24,158541.06,2024-11-14 09:41:42.306998
642,Rebecca Guerra,60,116464.66,2024-02-13 11:22:19.331321
643,Amanda Mercado,30,104040.76,2024-06-04 10:03:07.786943
644,Maria Harris,65,186681.91,2024-06-06 01:26:35.827651
645,Jennifer Nixon,36,193091.27,2026-03-21 04:26:55.624067
646,Jason Blackwell,42,78479.0,2024-08-12 02:23:02.788972
647,Derek Pierce,49,47321.54,2025-02-19 00:22:25.032167
648,Mr. Michael Weber MD,24,180997.69,2024-05-19 14:01:23.676784
649,Jennifer Krause,33,79992.72,2025-05-07 05:12:27.924535
650,Katie Schmitt,26,102861.05,2024-07-01 18:13:06.150202
651,Leslie Cook,31,77155.76,2023-06-14 20:20:56.347183
652,Jason Smith,73,189228.83,2025-01-18 12:36:24.031497
653,Dr. Julie Roberts,41,113572.83,2025-03-29 05:57:08.462274
654,Kenneth Holden,22,153111.1,2025-11-12 16:17:39.682317
655,Brittany Nguyen,18,144538.6,2024-02-14 22:12:52.837254
656,Victor Murray,56,57826.98,2025-08-08 01:55:45.602275
657,Eric Pierce,62,137874.32,2023-08-19 03:20:47.934968
658,Sabrina Campbell,53,102428.9,2026-03-27 23:00:13.561797
659,Rachel Ward,24,41528.16,2025-09-11 07:43:44.407743
660,Nina Williams,70,59246.86,2025-07-23 06:29:22.786138
661,Sherri Allen,46,177463.49,2025-07-04 17:25:33.042512
662,Patrick Dean,41,139184.59,2025-02-09 21:57:47.543106
663,Willie Cohen,69,144714.02,2024-06-18 13:15:27.752451
664,Larry Huff,22,122111.8,2023-12-29 16:24:56.041706
665,Veronica Smith,62,56022.6,2023-12-27 21:47:32.265905
666,Gail Murphy,57,171037.21,2023-06-17 01:48:08.405875
667,Douglas King Jr.,72,59804.69,2023-11-01 08:47:00.742978
668,Sarah Johnston,44,125820.65,2025-10-10 15:45:25.993786
669,Christopher Dorsey,65,81708.97,2024-12-28 17:04:14.395595
670,Veronica Silva,28,31305.46,2023-07-13 19:43:20.206044
671,Dr. Lisa Cruz,46,141216.69,2023-09-05 06:06:35.434035
672,Casey Cox,32,43504.29,2024-12-02 16:26:16.935150
673,Samantha Flores,34,141864.51,2024-04-30 13:50:06.726928
674,Russell Best,48,174604.77,2025-11-28 11:59:26.647639
675,Jennifer Ward,18,195597.44,2025-04-28 00:14:53.398311
676,James Martinez,33,162444.05,2024-08-28 09:41:58.243389
677,Heather Villanueva,27,31264.47,2026-03-08 04:35:47.906278
678,Justin Santana,59,158584.51,2024-11-01 01:44:34.595350
679,Michele Ward,61,118695.71,2024-12-20 13:24:24.727679
680,Steven Winters,18,176106.21,2025-10-25 18:33:29.012484
681,Marc Hill,27,175087.49,2023-06-28 21:28:15.950506
682,Bobby Mercer,22,36954.89,2023-10-11 14:23:33.316443
683,Penny Boyd,65,42931.15,2024-04-23 08:40:28.345864
684,Jon Underwood,24,33513.59,2024-08-17 23:13:33.783662
685,Robert Wilson,56,125961.04,2025-04-24 22:15:49.221002
686,Rose Miller,69,177382.56,2025-12-31 05:06:31.886814
687,Steven Wang,44,82189.08,2024-01-22 00:29:21.437642
688,Jon Moore,74,75290.88,2024-04-29 00:33:42.615647
689,Deanna Hale,72,158196.2,2025-01-23 04:31:48.939121
690,Sarah Garcia,34,141351.35,2026-06-03 12:33:11.666277
691,Patrick Lewis,61,133199.42,2025-05-21 06:35:15.984990
692,Emma White,50,74291.35,2023-06-21 17:01:13.677956
693,Kimberly Hayes,19,195478.94,2023-11-24 11:10:36.215474
694,Michael Luna,36,146654.74,2024-05-11 21:34:19.360762
695,Lisa Yoder,57,158064.24,2024-12-01 04:39:38.677125
696,Leah Cardenas,65,62140.78,2024-08-17 10:01:00.420410
697,Thomas Hall,70,111695.37,2024-09-13 06:18:59.691187
698,Angela Keller,32,83828.3,2026-02-12 20:26:03.689165
699,Elizabeth Leach,54,32567.55,2026-05-01 17:42:04.974851
700,Amber Dunn,27,99666.03,2025-04-24 09:21:11.365175
701,Alexis Miller,51,134249.08,2024-10-01 17:09:19.056358
702,Jason Morales,32,57665.1,2024-09-03 01:18:58.667278
703,Daniel Barber MD,18,155684.22,2024-09-27 10:23:10.648770
704,Sheena Lopez,23,98408.56,2026-05-03 11:21:42.108981
705,Randy Navarro,27,115362.18,2025-08-25 14:50:08.083593
706,Jack Williams,43,63445.17,2025-08-17 17:23:16.570494
707,Jade Hill,36,92484.01,2024-08-06 16:32:43.344377
708,Keith Owens,31,95153.26,2024-04-17 07:53:50.191788
709,Paul Terry,48,121859.88,2024-02-06 11:40:03.888977
710,Jason Perry,61,71966.82,2025-06-07 02:01:50.867292
711,Beverly Williams,71,84831.01,2025-11-11 05:21:30.125800
712,Troy Nixon,18,33366.72,2025-11-18 19:44:06.828790
713,Gloria Terry,39,61337.25,2024-06-08 22:19:44.417517
714,Jessica Bean,59,74470.76,2026-01-03 16:16:31.011050
715,Alexis Robinson,65,68936.38,2024-05-22 00:11:03.533190
716,Jamie Elliott,23,199485.04,2023-09-25 11:11:23.491428
717,Jeffrey Cox,19,156544.45,2024-05-21 19:40:16.443057
718,Shannon Henderson,33,132721.47,2025-04-15 10:15:37.602417
719,Denise Porter,23,58120.51,2025-03-31 20:19:00.639151
720,Jesus Henderson,25,58143.09,2024-07-16 00:25:32.580375
721,John Arias,63,197035.83,2024-06-22 14:03:06.110544
722,Tony Conrad,50,106571.0,2025-09-12 19:56:49.442636
723,Jeremy Allen,26,151773.07,2024-06-04 13:20:39.552294
724,Taylor Ramos,40,62275.97,2024-03-09 18:59:04.399697
725,William Harvey,57,98888.81,2024-08-26 19:37:22.889236
726,Richard Byrd,64,144188.15,2025-07-05 17:16:22.744175
727,Lawrence Brown,33,173887.42,2025-02-01 01:48:15.193721
728,Andrew Lopez,58,133543.71,2025-10-09 23:44:44.915469
729,James Meadows,47,90516.19,2024-05-16 01:51:21.645162
730,Phillip Ramos,49,120098.47,2023-07-04 14:21:01.839798
731,Samuel Diaz,29,185257.96,2025-05-28 10:49:13.349451
732,Kristina Blackwell,19,43622.82,2026-01-23 11:08:14.478126
733,Ms. Kelly Hines,39,58358.13,2025-09-30 22:12:05.679747
734,Christopher Foster,34,43913.68,2025-08-14 00:32:00.653112
735,Alexander Christian,64,74323.54,2023-07-13 16:38:34.553903
736,Deborah Jackson,46,179478.8,2025-02-07 12:49:17.024864
737,Cynthia Crawford,69,38331.59,2025-09-10 10:36:07.980518
738,Nathan Hubbard,72,55317.96,2023-10-04 03:45:06.897425
739,Nancy Holloway,34,197185.42,2025-09-25 16:01:47.681201
740,Dr. Jonathan Ball,51,60050.18,2024-01-07 18:59:11.994039
741,Erin Martinez,47,54337.85,2026-02-24 10:16:35.144514
742,Ashlee Anthony,34,164568.0,2025-01-10 14:07:27.797590
743,Chelsea Bradley,24,164645.18,2025-03-19 04:23:10.097322
744,Michelle Hall,73,88250.15,2025-04-30 18:56:15.430402
745,Samantha Reyes,22,193217.29,2025-08-23 03:08:45.139664
746,Kevin Johnson,54,199097.29,2025-04-28 05:26:42.538116
747,Tammy Pacheco,20,140174.8,2026-06-10 17:38:23.442087
748,Lindsay Davenport,54,32593.91,2024-01-02 17:21:09.606955
749,Jill Silva,59,84337.09,2024-04-17 16:36:29.057299
750,Laura Hill,74,87457.92,2023-06-28 10:32:06.699278
751,Robert Roberts,18,137566.99,2025-06-02 18:16:31.574315
752,Mary Diaz,34,173818.57,2023-12-19 10:13:36.357774
753,Dennis Wheeler,61,179454.84,2026-04-12 13:50:09.093811
754,Kim Butler,65,166128.48,2025-11-26 17:38:34.041589
755,Jennifer Simmons,18,30397.75,2024-07-10 17:14:56.168487
756,Christine Wells,67,64107.63,2023-11-07 16:01:25.165284
757,Kelly Smith,70,178251.57,2025-02-28 11:35:17.337705
758,Joy Mason,20,179025.71,2025-04-08 16:32:10.475881
759,Ryan Mckinney,61,169754.73,2024-08-13 22:34:57.113540
760,Jenna Fields,36,83872.19,2023-06-15 00:00:04.075119
761,Andrew Johnson,56,96782.39,2026-05-19 01:47:59.274804
762,Melissa Brooks,56,50212.63,2024-09-04 22:45:43.582667
763,Robert Nash,45,90106.56,2024-11-17 08:09:23.830879
764,Crystal Mcgee,75,187858.54,2024-04-22 02:39:23.305935
765,Rhonda Nguyen,72,172825.23,2024-02-20 00:58:22.612864
766,Henry Chen,67,156172.46,2025-10-21 22:37:48.854329
767,Joshua Weber,52,116221.91,2025-10-04 09:30:49.407036
768,Ellen Hopkins,75,199657.81,2024-08-23 05:44:28.598514
769,Alexander Cruz,49,145916.48,2025-10-25 07:14:33.573485
770,Sara Faulkner,64,162860.25,2025-01-18 07:28:44.947369
771,Paul Jordan,70,163540.01,2025-10-23 10:29:07.108556
772,Stephanie Johnston,39,186780.77,2023-09-05 16:20:20.670568
773,Carla Davis,69,68814.55,2023-06-24 00:33:59.215466
774,Renee Taylor,37,83568.03,2024-05-06 02:03:36.916979
775,David Hines,34,31739.83,2025-11-14 02:19:51.142128
776,Charles Garcia,49,179026.79,2025-07-01 03:37:27.356521
777,Joanna Ferguson,32,77851.31,2023-11-11 00:50:34.099401
778,Nicholas Rodriguez,75,74938.17,2025-08-08 17:32:13.417889
779,Tina Perez,72,117976.82,2025-10-22 17:21:10.909154
780,Gary Aguilar,52,65822.94,2026-02-10 00:38:25.435137
781,Logan Valentine,41,85838.49,2024-01-12 07:06:52.767508
782,William Gray,18,137697.46,2025-01-18 23:44:17.937483
783,Mary Wilson,34,35823.17,2025-01-23 01:35:24.051170
784,Jeffrey Castro,48,189030.73,2024-10-30 17:53:22.497697
785,Catherine Anderson,53,188334.11,2024-12-30 22:22:51.618058
786,David Adams,42,94829.08,2023-09-21 12:41:33.555013
787,Elizabeth Lewis,59,197715.47,2025-03-31 19:02:14.023947
788,Carrie Taylor,38,59426.71,2024-10-31 19:06:26.488256
789,Emily Jenkins,61,185540.82,2026-03-20 12:20:54.972417
790,Michael Maddox,26,80924.8,2025-04-27 14:47:01.892750
791,Derek Lewis,20,106105.75,2024-08-19 09:47:38.269150
792,Michael Williams,18,104227.74,2025-10-27 11:32:02.912997
793,David Baker,49,89865.0,2023-10-27 12:14:14.874873
794,William Campos,23,74432.92,2025-02-11 01:09:34.452312
795,Amanda Patton,64,109460.66,2025-07-10 22:45:01.842824
796,Cassidy Morrison,62,78793.82,2024-03-26 09:47:43.653503
797,Paul Conway,23,169906.87,2026-02-13 21:01:28.827997
798,Joseph Morris,20,127330.0,2025-05-24 02:44:18.592139
799,Mrs. Dana Brown,68,133109.37,2024-04-04 13:05:19.919971
800,Erin Hart,37,112426.18,2024-02-01 08:16:53.732646
801,Amy Davis,51,92458.77,2025-01-20 22:50:11.712588
802,Daniel King,21,185723.06,2026-03-19 03:15:02.909796
803,Casey Cox,33,149153.83,2024-07-22 03:49:47.339966
804,Philip Owens,39,177178.78,2026-01-11 01:00:20.968913
805,Amber Osborne,33,83943.68,2024-06-29 15:22:23.448109
806,Mark Larson,19,98557.93,2023-07-05 06:14:25.429901
807,Julie Franklin,28,100895.86,2024-02-03 19:07:59.203502
808,Christine Leblanc,64,100114.18,2024-04-26 21:18:00.842182
809,Alison Fry,32,144814.08,2025-08-17 15:39:19.892375
810,Elizabeth Cox,57,126097.72,2024-03-26 20:49:16.379415
811,Shelby Davis,63,60591.34,2025-03-02 12:52:02.043623
812,Alicia Patterson,18,192741.32,2026-01-21 16:49:32.761413
813,Justin Savage,53,182303.76,2023-11-03 04:46:18.378670
814,Sandra Horn,64,115447.02,2025-04-15 08:53:55.091518
815,Caleb Jones,55,179393.32,2026-04-05 06:56:33.813654
816,Matthew Hall,68,157014.18,2026-02-01 05:28:17.018202
817,Linda Rocha,23,132952.31,2025-08-11 01:25:24.435531
818,Samantha Gordon,57,71942.82,2023-11-14 04:58:17.130961
819,Elizabeth Smith,38,196959.14,2026-01-28 18:40:36.964262
820,Christy Chambers,69,36177.58,2023-08-31 07:15:05.465489
821,Robert Kelly,64,65743.49,2026-06-10 18:23:02.609727
822,Chad Davila,25,121414.44,2026-06-03 08:05:20.280753
823,Latasha Owens DDS,54,173674.3,2024-11-01 04:31:05.996232
824,Sergio Jacobs,65,46538.24,2024-11-13 09:06:32.205963
825,Michelle Jackson DVM,67,194230.09,2025-06-27 01:31:15.765914
826,Tracy Moreno,54,91243.89,2025-09-28 13:18:44.749422
827,Joseph Baker,30,109351.1,2025-06-09 22:03:36.518821
828,James Harris,21,77952.21,2024-07-16 21:56:47.309999
829,Darlene Hutchinson,41,168258.32,2025-07-02 04:39:17.955234
830,David Chaney,52,90390.19,2026-01-12 21:19:33.959217
831,Jasmine Colon,54,111812.8,2023-07-12 03:13:27.766990
832,Michael Turner,31,134944.33,2025-11-10 11:10:48.802450
833,Wanda Williams DDS,68,193493.56,2023-07-01 19:44:53.619694
834,Rita Cisneros,18,153512.18,2025-09-28 08:03:50.588166
835,Lauren Villanueva,30,184211.03,2025-11-30 20:29:47.434311
836,Amber Sanchez,63,82581.96,2025-06-11 19:06:07.064121
837,Shawn Tyler,30,41383.7,2023-06-23 04:02:33.003573
838,Michael Lewis,64,71005.58,2024-04-18 01:23:14.514355
839,Keith Schmitt,20,49227.38,2024-06-23 23:27:10.796769
840,Micheal Spence,50,117480.08,2026-01-11 14:24:01.999023
841,Phillip Smith,30,145783.47,2024-02-21 15:06:30.609785
842,John Adams,71,71624.16,2024-07-21 16:39:09.360754
843,Michelle Rodriguez,26,106080.1,2026-03-14 16:55:10.694737
844,Bradley King,34,47493.56,2023-08-05 13:22:24.009774
845,Jeffrey Johnson,59,128225.44,2023-10-23 21:21:07.609987
846,Caleb Little,25,147963.9,2024-07-11 02:46:59.173162
847,Summer Jensen,75,123514.06,2025-08-16 15:58:49.315365
848,Stephen Manning,22,76969.97,2025-02-25 20:41:37.407868
849,Ruben Schwartz,27,76357.07,2024-06-11 10:08:12.241023
850,Logan Green,42,39429.39,2024-06-16 05:46:58.529830
851,Casey Miller,23,145661.74,2025-04-11 21:26:24.148995
852,Heather Thompson,60,126019.18,2024-12-11 03:07:59.845333
853,Kristin Schultz,69,126525.42,2024-09-14 17:07:58.337849
854,Morgan Shea,35,69741.15,2026-06-04 01:03:42.186213
855,Harold Griffith,44,89170.89,2024-07-07 20:13:43.612435
856,Joseph Wood,38,37566.95,2024-12-11 21:14:18.250515
857,Melissa Snyder,28,175525.58,2025-09-16 16:26:39.299650
858,Kathy Allison,68,41018.85,2025-12-11 07:19:55.133022
859,Steven Williams,32,150434.21,2024-07-13 06:27:45.426348
860,Michael Benjamin,64,115452.61,2025-10-27 19:02:37.190534
861,Paige Curtis,75,130492.58,2024-09-12 13:26:36.102824
862,Sarah Robinson,20,59820.29,2025-09-12 06:54:44.972921
863,Kelly Haley,70,148865.3,2024-07-26 03:12:59.062494
864,Alexis Huffman,39,115563.41,2025-12-20 12:22:10.491453
865,Ashley Garcia,37,52553.4,2026-06-05 14:57:59.899670
866,Nicholas West,22,157060.6,2026-04-20 17:00:05.433428
867,John Smith,44,34888.34,2023-06-14 03:20:15.608342
868,Pam Fischer,65,100657.81,2024-03-22 00:00:54.290819
869,Jerry Black,41,139300.19,2024-07-27 20:22:26.671815
870,Alan Wright,28,46306.79,2024-12-14 13:18:31.929476
871,Sherry Escobar,26,39815.45,2026-02-13 09:49:45.682637
872,Richard Ross,38,102510.34,2023-07-03 18:53:11.580765
873,Sarah Smith,68,128662.89,2024-04-06 20:07:34.425475
874,John Norton,44,66570.34,2025-04-28 13:15:09.632731
875,Linda Mccann,69,129826.1,2024-12-30 15:04:58.617007
876,Vanessa Carter,54,143730.64,2025-10-20 08:33:14.965923
877,Michelle Stewart,32,180369.42,2023-11-05 18:34:15.604274
878,Carrie Delgado,45,96825.87,2024-08-26 09:21:23.557337
879,Lisa Brown,75,152340.39,2025-11-15 13:46:33.311246
880,Robert Orr,67,149282.22,2024-01-28 03:55:02.756386
881,Matthew Wells,65,56200.39,2024-12-20 04:10:01.322517
882,Robert Christensen,25,38607.38,2023-08-19 21:18:38.128949
883,Dawn Hendricks,55,116680.97,2024-01-08 10:40:46.608922
884,Tyler Mccarty,62,96159.02,2024-02-21 06:28:06.237495
885,Sarah Brooks,69,30480.33,2025-06-07 06:10:56.042226
886,Kimberly Harris,49,110357.79,2024-04-30 22:12:24.025507
887,Katelyn Vazquez,70,104130.39,2025-10-22 07:57:06.782470
888,Laura Daniels,52,43915.66,2024-09-10 08:50:01.244437
889,Melanie Thompson,31,155134.82,2023-11-01 17:05:42.250142
890,Katherine Smith,65,154377.61,2025-04-23 04:49:57.619025
891,Kimberly Trujillo,63,57169.86,2024-06-29 18:47:56.087511
892,Stephanie Taylor,55,141468.12,2025-05-28 03:28:53.112722
893,Robert James,39,62680.11,2024-08-30 02:43:08.402403
894,John Pitts,52,41450.02,2025-02-26 23:15:58.692739
895,Ashley Floyd,56,65156.22,2026-04-21 19:11:06.321090
896,Kevin Ramirez,57,158540.64,2025-03-12 02:13:21.519131
897,Mary Ray,20,104952.54,2025-11-12 04:46:22.524612
898,Joel Washington,75,111268.07,2025-12-09 16:38:23.236475
899,Jessica Hensley,67,60687.99,2024-05-11 22:46:50.257163
900,Christopher Barnes,53,55137.7,2024-11-03 14:44:28.439029
901,Joseph Pennington,39,55040.29,2023-08-31 02:04:38.144258
902,Chase Knapp,75,129362.96,2026-02-23 20:26:32.077557
903,Melanie Sanchez,59,190003.93,2024-11-11 02:33:02.787532
904,Pamela Morris,31,47369.4,2025-03-29 16:04:21.449670
905,Laura Warren,44,55982.74,2024-06-11 04:52:14.001056
906,Jeremiah Davis,49,167417.51,2024-04-27 16:11:07.510176
907,Derrick Turner,36,128704.42,2026-01-23 07:59:23.015605
908,Brian Boyle,54,32099.92,2025-12-23 04:14:36.110483
909,George Carlson,30,183035.41,2024-07-16 20:12:39.461554
910,Jimmy Taylor,26,129511.43,2024-09-20 02:19:41.865345
911,Erin Wright,47,111544.63,2023-11-22 17:48:46.658088
912,Jeffrey Roberts,31,175237.69,2025-10-18 15:26:25.568901
913,Jill Johnson,41,99140.63,2025-06-24 23:49:36.342427
914,Lisa Steele,22,71392.13,2024-09-13 08:24:07.012042
915,Benjamin Blankenship,32,147652.87,2024-09-21 21:09:33.169978
916,Taylor Bass,27,68502.98,2024-05-09 00:44:23.394294
917,Ashley Garza,50,127970.02,2024-07-04 10:20:13.215182
918,Thomas Edwards,70,65966.24,2025-09-13 10:32:32.547102
919,Amanda Hoover,75,149537.43,2023-09-12 05:27:52.496450
920,Cassandra Williams,49,70132.11,2024-04-29 01:42:42.668944
921,Brian Hoffman,40,126202.97,2025-11-25 05:12:39.024348
922,Matthew Clay,37,126761.19,2023-07-10 02:44:32.384764
923,Mark Flowers,48,135866.32,2024-09-28 12:13:21.905650
924,Joshua Roman,45,73148.07,2026-06-10 01:03:53.647226
925,Maria Davis,41,119314.76,2026-05-01 20:34:42.972749
926,Alyssa Ochoa,48,101879.31,2025-01-19 23:32:47.764312
927,Bridget Trevino,29,157864.08,2024-09-22 05:38:19.082960
928,Kimberly Richard,35,76541.55,2025-03-24 16:19:37.510314
929,Connie Baird,52,199546.3,2025-04-04 04:29:53.363938
930,William Proctor,36,87213.54,2024-11-21 09:34:24.091875
931,Justin Hall,58,85231.49,2024-03-13 19:27:06.493449
932,Courtney Kirby,40,114537.77,2023-07-22 17:41:17.635761
933,Harold Herman,73,177357.83,2025-12-13 05:21:49.089835
934,Mitchell Lewis,44,183133.62,2025-05-22 22:26:27.143080
935,Jessica Torres,23,116724.3,2026-02-25 09:22:53.909564
936,Matthew Garcia,74,190709.9,2025-12-19 01:07:14.429627
937,Crystal Bartlett DVM,29,199371.34,2025-05-01 23:56:48.259225
938,Anthony Mejia,24,153522.02,2024-08-04 12:29:03.723384
939,Daniel White,51,146197.67,2023-10-12 14:46:14.455030
940,Susan Hall,35,71280.76,2025-11-23 20:37:27.526226
941,Mr. Robert Doyle,50,187931.99,2026-01-28 01:52:14.778431
942,Timothy Miller,25,176510.3,2024-06-07 18:04:38.130783
943,Brandy Hinton,34,86458.19,2025-10-05 16:56:51.710550
944,Eric Andrews,61,143117.87,2024-09-07 05:31:22.299887
945,Patrick Lee,37,42163.23,2025-11-10 13:19:20.923538
946,Sherry Cox,35,148231.59,2024-08-05 08:48:53.671017
947,Jennifer Gomez,22,81750.19,2023-07-28 23:01:06.410576
948,Jonathan Aguilar,40,114327.08,2025-12-23 11:34:44.378091
949,Brittney Griffin,73,153650.41,2025-02-28 10:44:38.164916
950,Ryan Cruz,40,48546.0,2023-12-07 12:51:00.735468
951,Renee Stephenson,33,41870.87,2025-09-19 07:33:06.238906
952,Kevin Williams,31,114655.53,2024-12-24 05:07:33.799649
953,Willie Stephens,27,82334.93,2025-09-06 01:57:22.388253
954,Tiffany Hoffman,32,32856.41,2024-05-28 20:51:45.615067
955,Ryan Brown,31,153685.83,2025-05-15 01:14:00.430366
956,Michael Barnes,39,41886.82,2025-11-16 10:09:52.278815
957,Alyssa Anderson,25,164716.23,2025-03-30 07:11:30.843194
958,Mark Hines,44,37231.88,2024-12-05 19:15:55.081963
959,Renee Long,27,158972.56,2026-04-22 03:00:57.182043
960,Denise Blair,30,48369.16,2026-02-02 06:17:05.937984
961,Michael Clayton MD,21,181955.92,2024-10-16 14:05:14.569562
962,Ashley Diaz,48,112554.3,2025-02-15 10:46:50.880719
963,Steven Patterson,41,57543.44,2025-03-13 07:48:30.818095
964,David Kelly,34,146160.78,2023-10-07 01:25:29.297773
965,Alisha Gonzalez,25,62791.57,2023-10-11 12:20:15.853025
966,Sarah Hunter,27,147628.02,2025-10-08 02:48:05.117473
967,Thomas Rodriguez,41,128580.06,2024-12-20 00:23:41.826052
968,Robert Dennis,23,176210.82,2023-10-25 14:53:46.370949
969,Benjamin Perez,68,176834.34,2025-10-29 09:46:52.879408
970,Christian Jimenez,72,149455.44,2025-08-16 17:44:42.811723
971,Destiny Lam,66,111382.1,2023-12-08 09:12:40.128303
972,Carrie Stout,54,176333.43,2024-02-18 04:30:36.066064
973,Mitchell Hall,63,162524.14,2025-10-14 10:18:19.478479
974,Katelyn Johnson,18,115362.25,2024-07-05 14:54:21.538627
975,Cindy Jimenez,41,170242.48,2026-05-18 00:49:05.743528
976,Donald Oconnor,58,187452.93,2025-05-04 21:52:06.211900
977,Lisa Wright,25,147778.04,2024-08-02 16:29:24.894418
978,Ronald Juarez,19,191907.83,2024-04-28 14:39:03.285739
979,Patrick Stewart,43,31096.13,2024-08-31 22:57:15.677078
980,Terry Harris,35,117779.07,2023-06-23 13:58:16.245512
981,Elaine Johnson,23,135864.31,2024-04-16 14:47:34.555631
982,Jenna Young,66,138485.36,2023-12-27 04:35:02.141098
983,Matthew Hill Jr.,68,33961.19,2023-12-16 17:29:00.276955
984,Noah Guerrero,31,136985.1,2025-06-15 22:45:28.614042
985,Pamela Carrillo,35,134964.06,2026-06-02 00:33:13.486648
986,Stephanie Cox,19,119948.32,2025-05-04 15:43:02.574316
987,Latoya Russell DDS,25,63954.98,2026-04-19 05:34:17.748189
988,Nicole Chavez,72,155424.97,2024-09-30 10:21:59.392117
989,Rebecca Bennett,42,91615.26,2025-12-15 09:39:37.349890
990,Kevin Dudley,41,152032.24,2024-08-16 08:33:29.476624
991,Stephen Kaufman,44,113308.21,2025-06-17 16:30:59.760567
992,Larry Johnson,35,88727.7,2025-01-15 01:58:44.539850
993,Mary Crane,62,182299.02,2024-07-12 09:55:50.607198
994,Andrea Cooley,51,55385.3,2024-01-21 05:06:03.665626
995,Amy Mendoza,21,192403.17,2025-05-11 21:41:13.515533
996,Alexander Walter,37,179861.18,2024-07-20 09:35:18.933364
997,Pamela White,64,112682.8,2026-02-14 09:04:40.078984
998,Thomas Sanchez,69,128219.92,2025-11-27 11:05:15.462394
999,Brandy Christian,57,199173.82,2026-04-23 10:49:49.880029
1000,Eugene Miller,36,161992.29,2025-04-02 04:30:48.806896
1001,John Small,71,96679.02,2025-04-11 19:35:29.525178
1002,Dustin Armstrong,32,131227.74,2023-07-16 19:48:52.888552
1003,Sarah Walker,19,151289.75,2024-10-07 07:30:43.239068
1004,Jason Martin,26,134910.76,2026-05-01 08:27:56.047520
1005,Lauren Lopez,67,67178.58,2026-01-04 19:53:28.033522
1006,Tiffany Lara,68,83590.32,2025-10-11 19:20:06.504596
1007,Isaac Shah,29,145606.26,2024-01-01 12:31:00.788137
1008,Michael Baker,73,159609.15,2023-10-27 13:18:12.202651
1009,Shawn Hall,75,83496.02,2024-02-12 05:31:00.433725
1010,James Johnson,19,90588.41,2024-09-18 01:18:42.050606
1011,Chloe Brown,31,71977.24,2025-03-14 19:22:26.734266
1012,Clayton Murphy,57,173913.93,2024-03-03 04:16:14.781732
1013,Lauren Hardy,44,125454.77,2026-06-11 03:17:56.910478
1014,Justin Moon,71,180222.31,2024-09-23 04:36:57.708101
1015,Daniel Torres,19,35352.82,2026-04-18 00:50:42.463058
1016,Nicholas Glover,37,188259.92,2025-05-05 21:44:29.643010
1017,Matthew Chapman,22,35882.76,2023-12-25 23:03:46.666884
1018,Vincent Sanchez,33,94326.81,2025-03-10 04:02:56.983959
1019,Kathleen Howard,32,169532.3,2025-06-04 10:41:50.029447
1020,Juan Wilson,51,174263.35,2024-03-30 13:11:26.836247
1021,Joseph Roberts,38,77001.74,2024-06-10 03:27:34.969953
1022,Jessica Cummings,71,187455.52,2025-11-14 12:40:21.155791
1023,Vincent Evans,28,194775.15,2026-06-11 00:56:58.556133
1024,Heidi Weber,19,74854.54,2025-07-30 07:00:53.660121
1025,Michael Henry,18,157333.4,2026-01-13 17:23:32.316386
1026,Matthew Lee,29,177236.06,2025-04-19 17:50:44.776983
1027,Michael Martinez,52,48889.04,2023-08-17 03:01:41.390594
1028,Mr. Jesus Mathews,59,127375.39,2026-01-03 03:14:55.134109
1029,Derek Daniel,40,158456.68,2023-08-15 10:22:44.146831
1030,Craig Hernandez,43,146480.24,2026-02-25 23:53:23.743352
1031,Michael Guerrero,43,152679.34,2025-08-12 15:26:18.499081
1032,Kelli Macias,26,154123.01,2023-08-24 04:30:46.714298
1033,Michael Medina,69,51668.17,2025-02-06 14:56:43.947361
1034,Mary Cox,74,37496.49,2025-01-08 16:39:46.761255
1035,Melissa Miller,29,109522.73,2023-09-12 05:55:21.229542
1036,Tony Nelson,70,49724.08,2025-01-16 20:10:01.170699
1037,Sarah Rogers,44,139031.82,2024-04-15 18:05:01.995647
1038,Rebecca Hampton,62,186650.9,2025-01-16 08:41:01.679967
1039,Brittany Carter,74,95925.11,2024-02-14 14:10:10.642165
1040,Lisa Carter,35,43647.39,2025-06-24 13:00:00.006942
1041,Wanda Mckinney,74,193056.55,2024-04-15 01:20:15.689776
1042,Tyler Kirk,65,182168.99,2026-01-17 10:08:50.702164
1043,Katherine Brown,74,122901.63,2024-07-28 22:31:44.758102
1044,Jamie James,56,82945.94,2023-06-15 13:07:36.682303
1045,Peter Levine,59,144678.23,2023-09-09 05:37:43.816118
1046,Michelle Powers,66,92123.14,2024-12-15 18:41:28.984235
1047,Chris Donovan,73,159726.19,2024-08-11 01:24:07.833759
1048,Christopher Cowan,68,196003.69,2025-06-24 19:05:25.881747
1049,Pamela Griffith,74,76939.23,2025-02-07 19:48:07.275537
1050,William Trujillo,33,67479.98,2023-10-29 10:29:39.697803
1051,Nancy King,71,142928.98,2024-12-20 05:47:38.513712
1052,Diana Vargas,68,185245.36,2024-06-10 19:40:32.802090
1053,Damon Roman,31,167678.59,2024-09-07 16:07:39.832648
1054,Caitlin King,26,138172.95,2026-04-09 16:48:20.798346
1055,Charles Johnson,24,166987.01,2024-04-13 20:32:33.291421
1056,Mr. John Martin,25,150120.05,2025-04-15 08:51:24.185103
1057,Maria Singleton,33,176122.45,2026-06-08 04:45:24.130301
1058,Zachary White,73,33498.2,2023-10-08 17:02:49.383016
1059,Mr. Christopher Grimes,57,56099.87,2025-04-08 12:19:26.133636
1060,Anne Wright,24,100952.74,2024-05-03 11:52:17.503134
1061,David Wilson PhD,19,199471.86,2024-01-26 05:47:51.628663
1062,Christopher Moore,22,60788.58,2023-08-18 01:27:09.289714
1063,Jennifer Scott,23,155081.64,2025-05-20 22:47:16.219326
1064,Christopher King,33,137359.56,2025-09-08 01:42:47.313677
1065,Jennifer Brooks,28,136632.9,2025-01-07 16:47:19.902470
1066,Jamie Roman,36,65822.14,2023-10-18 00:33:28.447604
1067,Crystal Perry,75,73389.33,2024-03-02 13:19:37.301686
1068,Whitney Moore,63,91260.53,2024-12-07 12:49:00.415087
1069,Robert Howard,74,47758.71,2025-08-14 17:34:15.865922
1070,Jessica Blanchard MD,20,53170.57,2024-05-07 10:05:50.277126
1071,Linda Crawford,72,69173.82,2024-05-06 02:50:11.664225
1072,Daniel Morris,30,49497.22,2025-07-11 17:40:32.891927
1073,Ronald Gardner,20,37007.73,2024-08-28 17:11:17.989879
1074,Keith Lee,48,75353.91,2023-09-25 13:46:58.742836
1075,Mrs. Stephanie Moore,58,180604.07,2023-12-10 23:53:35.594289
1076,Maurice Fisher,31,37569.59,2024-04-28 05:56:38.850107
1077,Thomas Mitchell,21,147584.27,2023-10-25 10:54:27.723362
1078,Mark Williams,67,91176.86,2025-11-06 13:24:06.959470
1079,Mark Wiley MD,60,158345.5,2026-05-29 17:42:02.732810
1080,Nathan Howell,27,190896.67,2025-07-13 14:07:14.377763
1081,Caroline Hall,74,194049.43,2024-11-27 21:05:40.528930
1082,William Stevens,73,98567.66,2023-08-09 05:51:21.611249
1083,Nicholas Martin,44,104252.63,2026-05-12 06:41:11.161066
1084,Ashley Singleton,75,70822.05,2025-07-03 16:56:43.214617
1085,Kristine Anderson,45,121105.51,2025-08-30 19:02:15.047666
1086,Calvin Summers,41,43501.63,2024-06-14 01:59:04.895163
1087,James Ball,39,97905.57,2024-03-30 14:35:48.466779
1088,Peter Garrison DVM,38,155815.9,2024-11-19 18:06:17.590126
1089,Robert Blevins,61,90054.19,2024-10-13 19:29:25.611732
1090,Preston Miller,67,164390.49,2026-02-27 01:32:26.817989
1091,Patricia Edwards,24,174554.46,2023-09-19 15:50:25.851871
1092,Christian May,37,72769.11,2023-06-17 18:10:22.552474
1093,Kelly Gates,52,136018.56,2025-05-17 21:00:50.727409
1094,David Flores,46,199776.28,2025-07-25 13:44:18.937714
1095,William Estrada,69,167922.12,2023-07-27 20:29:08.936908
1096,Charles Buchanan,32,39636.66,2025-07-17 11:28:39.908389
1097,Desiree Rivera,71,111607.94,2024-01-09 01:01:08.285596
1098,Robert Shelton,44,143838.08,2026-01-29 07:02:41.016793
1099,Mrs. Annette Moore,33,129153.36,2026-03-31 12:45:10.336205
1100,Catherine Boyd,68,126119.35,2024-09-11 02:27:11.958830
1101,Jon Obrien,37,129038.22,2026-02-07 21:18:23.928946
1102,Darlene Schmidt,65,158671.28,2025-09-24 00:46:01.506313
1103,Tina Soto,64,123771.88,2025-04-11 08:13:08.460907
1104,Leonard Hernandez,39,137951.62,2025-10-04 15:40:11.255266
1105,Devin Vaughn,18,179737.22,2023-06-28 09:59:50.530775
1106,Robert Jones,31,43406.97,2023-08-17 09:04:44.462686
1107,Erik Logan,35,77029.34,2025-05-24 04:39:31.436615
1108,Keith Rodriguez,24,65138.51,2025-08-16 22:35:47.819713
1109,Amanda Stokes,31,137747.27,2026-03-19 00:27:21.317051
1110,Robyn Nelson,52,81112.56,2025-11-06 23:41:53.457586
1111,Garrett Thomas,74,64680.72,2025-09-15 17:38:39.467962
1112,Katelyn King,21,139636.61,2023-11-09 19:37:11.213974
1113,Tony Shea,30,142298.8,2025-02-19 19:11:28.459046
1114,Stephen Moore,19,59432.12,2025-04-21 04:00:01.591670
1115,Brianna Mclaughlin,31,110145.66,2025-10-25 11:32:12.002846
1116,John Banks,19,68828.15,2024-09-13 11:45:17.162692
1117,Steven Nguyen,43,156821.25,2025-12-31 13:05:31.738676
1118,Miss Lisa Bennett DVM,23,172447.34,2025-10-25 13:51:56.257447
1119,Heidi Carrillo,62,194512.8,2024-05-24 19:04:55.494981
1120,Dennis Johnson,75,35712.22,2024-05-11 07:28:06.904919
1121,Deanna Willis,39,106120.82,2026-04-29 05:51:05.570903
1122,Rebecca Gomez,68,39373.12,2025-08-02 02:39:02.523911
1123,Dennis Jones,33,153895.24,2023-08-18 07:44:44.903909
1124,Stephanie Vasquez,39,146630.72,2026-04-22 06:28:41.684027
1125,Amy Frey,66,177216.2,2024-12-26 20:25:27.127714
1126,Valerie Smith,43,183805.23,2024-11-21 22:20:58.166500
1127,Allison Torres,47,104206.12,2026-05-12 19:08:29.634115
1128,Sarah Barry,20,54999.75,2024-12-28 21:10:42.184845
1129,Michael Wong,67,86313.7,2023-07-27 06:34:24.377251
1130,Dana Vargas,43,83985.92,2025-02-12 11:13:09.319470
1131,Mark Davis,24,112353.11,2026-01-17 17:31:52.645008
1132,Michelle Payne DVM,23,35048.82,2024-12-15 20:04:40.466604
1133,Jessica Robertson,45,136128.59,2023-11-13 16:59:37.346767
1134,Amanda Adams,34,119901.45,2024-04-18 06:17:53.367457
1135,Ronnie Hall,25,83552.14,2025-09-16 03:53:39.239629
1136,Eric Joseph,70,197489.23,2024-03-02 21:55:08.695642
1137,Sarah Reese,68,195610.27,2025-11-11 21:00:00.305054
1138,Sandra Walker,19,84419.32,2023-07-21 19:10:31.991436
1139,Patrick Barrera,21,103090.53,2023-11-27 13:32:03.452064
1140,Tanner Skinner,18,139412.88,2025-06-02 07:49:25.557051
1141,Tanner Gardner,65,190646.12,2026-02-16 14:40:56.943443
1142,Brenda Scott,34,77599.91,2025-05-23 13:21:51.594183
1143,Jessica Griffith,54,56226.2,2025-08-25 02:36:47.107401
1144,Darin Fowler,56,75417.29,2026-05-21 01:46:19.734659
1145,John Long,26,139240.78,2025-04-08 11:03:11.902841
1146,Tanya Sweeney,23,111666.5,2024-12-12 16:03:26.908286
1147,Julie Smith,38,114726.9,2025-10-28 12:44:02.967998
1148,Tyler Lamb,32,157657.74,2025-05-19 00:51:33.978864
1149,Anne Young,43,174022.62,2025-07-29 11:24:15.556373
1150,Adam Hurst,66,175312.5,2025-06-22 06:08:31.910792
1151,Sabrina Craig,46,194191.32,2025-01-25 19:42:03.273934
1152,Amy Stout,33,32937.63,2025-02-13 14:20:25.941309
1153,Crystal Rodriguez,32,99189.44,2024-11-26 20:33:25.030515
1154,Carolyn Walker,63,118020.18,2024-07-09 19:10:42.817620
1155,Lori Davis,46,174361.06,2024-06-02 04:21:48.004521
1156,Robert Oneill,71,105193.81,2023-12-11 07:52:57.901989
1157,Danielle Ellis,56,92832.72,2023-10-06 18:53:42.116781
1158,Blake Esparza,40,132482.93,2023-08-09 13:10:55.193941
1159,Maria Levy,23,70645.96,2024-05-26 23:31:12.837048
1160,Dr. Katherine Price,31,164256.24,2026-02-08 19:24:58.981757
1161,Michael Moody,67,60180.62,2023-10-29 01:22:00.890259
1162,Gordon Cantu,33,191705.56,2025-12-26 19:35:44.543305
1163,Katrina Anderson,55,109902.25,2023-08-27 22:08:11.288398
1164,Brandy Schmidt,21,34202.51,2024-08-27 20:41:33.436371
1165,Ana Hamilton,32,44548.13,2026-02-06 18:33:43.677843
1166,Tiffany Lopez,24,191054.85,2023-11-29 01:56:08.035999
1167,Tina Keller,56,119403.84,2025-08-30 19:39:52.141122
1168,Karen Webb,32,85667.38,2025-07-16 20:30:54.635491
1169,Ryan Ayers,40,122159.72,2024-09-14 19:29:40.583210
1170,Stanley Burke,37,106739.96,2023-12-17 19:36:38.845277
1171,Mary Ball,69,163889.46,2025-05-12 01:50:17.274994
1172,Michelle Lawrence,22,64749.11,2023-12-03 23:28:24.265419
1173,James Hester,49,195291.4,2025-04-27 20:09:23.023813
1174,Randy White,50,71688.95,2024-02-29 23:06:07.925627
1175,Tracy Young,62,93560.0,2025-12-01 08:36:48.552199
1176,Tara Harris,66,47656.12,2026-06-06 04:21:07.511531
1177,Isaac Hubbard,19,149985.37,2024-01-01 20:06:00.731679
1178,Vincent Singh,46,190696.31,2023-06-24 17:37:12.215416
1179,Samuel Torres,68,136087.81,2023-12-04 04:16:12.221594
1180,Sandra Anderson,70,39039.65,2025-06-24 00:25:38.270454
1181,Pamela Fry,52,109365.39,2024-02-12 15:13:56.743189
1182,Sarah Gonzalez,56,76152.95,2025-05-20 03:25:14.877093
1183,Joshua Murphy,28,69097.01,2024-10-13 15:20:08.718263
1184,Jessica Boyle,62,36248.95,2024-02-09 04:31:37.404890
1185,Sandra Murphy,54,68734.84,2023-09-27 04:22:47.206333
1186,Kimberly Conley,66,119871.08,2023-07-12 21:24:34.588166
1187,Emily Gregory,63,65831.61,2025-01-05 12:01:02.664471
1188,Jennifer Barry,23,149456.94,2025-01-19 06:50:17.646909
1189,Stephanie Long,21,82544.38,2024-07-15 23:50:32.989264
1190,Marcus Mcintyre,51,157008.13,2024-03-06 08:50:40.819837
1191,Michelle Thomas,20,34937.99,2024-09-29 12:49:28.522951
1192,Thomas Glass,24,110936.41,2026-01-16 17:01:34.310313
1193,James Anderson,18,165907.68,2025-12-23 04:04:23.321972
1194,Dustin Johnson,52,105685.01,2024-12-23 03:56:23.487826
1195,John Reyes,28,50164.72,2024-10-25 09:55:03.936587
1196,Melanie Johnson,36,132199.55,2024-03-22 05:46:42.620104
1197,Laura Adams,24,54519.57,2025-10-09 10:19:35.942626
1198,Johnny Anderson,29,140585.4,2025-04-01 02:37:19.650688
1199,David Johnson,19,68003.49,2024-05-28 01:43:09.595541
1200,Jeffrey Waller,52,178110.25,2024-11-03 18:42:22.767720
1201,Amber Neal,73,138522.03,2025-05-10 22:00:34.389614
1202,Richard Sanders,46,130814.77,2023-09-18 03:39:26.541612
1203,Karen Hernandez,25,70861.06,2024-08-08 19:57:09.938291
1204,Mary Campos,26,179574.4,2024-07-02 15:44:34.523936
1205,Nicholas Paul,57,119399.58,2026-04-30 02:06:18.880991
1206,Jeffrey Clark,60,113154.43,2026-05-14 00:03:10.663380
1207,Linda Barrett,44,188594.42,2024-03-14 04:24:43.588360
1208,Jessica Jenkins,32,55546.24,2024-06-26 02:42:37.224814
1209,Kaitlyn Myers,69,140398.89,2026-03-03 18:39:03.552703
1210,Brenda Wilcox,55,90410.0,2026-05-25 22:25:41.857391
1211,Joanne Silva,51,67083.65,2026-03-05 05:46:38.860496
1212,Samantha Carey,45,180661.74,2025-01-12 00:23:54.292962
1213,Tina Thomas,26,136105.96,2023-10-13 07:55:58.426679
1214,Nathan Freeman,47,42571.55,2025-01-15 07:40:01.842896
1215,Luis Chang,25,55319.52,2025-03-07 19:13:23.215102
1216,Erica Morgan,55,56444.66,2025-09-18 21:26:28.506402
1217,Christopher Gonzalez,62,197906.18,2026-01-05 09:10:13.444276
1218,Kenneth Burgess,40,153522.74,2024-06-05 09:00:48.847873
1219,Shawn Burke,29,97435.39,2023-10-31 23:24:39.121834
1220,Warren Cox,40,150447.29,2024-03-04 12:38:42.611337
1221,Patricia Roy,60,187219.78,2026-03-01 08:43:50.432465
1222,Laurie Evans,32,118445.22,2024-03-23 12:12:34.828936
1223,Judith Acevedo,24,160555.39,2023-12-26 17:42:00.392965
1224,Jason Nelson DDS,21,64972.29,2024-03-07 21:22:27.675541
1225,Jamie Brown,58,98320.76,2024-06-03 20:25:00.479373
1226,Craig Ferguson,21,116836.44,2024-12-22 02:32:09.459490
1227,Laura Chen,48,84772.63,2024-06-09 08:43:58.899046
1228,Erica Lopez,57,95923.85,2025-08-30 17:24:57.788425
1229,Adriana Gonzalez,29,61772.85,2025-09-30 19:07:15.199121
1230,Erin Lara,74,105613.74,2024-12-26 23:11:07.770499
1231,John Parker,38,46731.92,2024-06-22 14:58:52.488112
1232,April Cross,50,113126.82,2026-01-17 23:03:13.757653
1233,Karen Chapman,51,128129.02,2024-10-05 23:06:16.722404
1234,Christopher Horton,34,118953.07,2025-09-08 16:50:05.939614
1235,Crystal Smith,56,194470.93,2025-04-26 02:35:43.420747
1236,William Wells,54,157306.64,2023-08-06 03:51:39.095580
1237,Mary Graham,32,173079.97,2023-08-16 21:42:03.028252
1238,Jared Taylor,51,190074.67,2024-01-24 17:26:43.576939
1239,Courtney Cooley,37,158971.97,2024-06-23 00:59:35.209965
1240,Kellie Miller,26,182602.39,2026-03-10 04:41:24.616698
1241,Michael Evans,33,42553.57,2025-09-17 06:39:35.551708
1242,Amy Wang,38,170182.1,2026-03-13 20:43:18.533507
1243,Derek Weaver,51,162959.35,2023-10-29 13:37:26.132298
1244,David Flores,63,194054.81,2024-12-30 23:33:13.764514
1245,Haley Rollins,20,174041.16,2025-11-14 09:27:26.234679
1246,Christopher Solomon,32,125263.09,2024-08-11 18:03:08.635982
1247,Laura Fox,31,95138.65,2024-01-11 14:19:11.051701
1248,Brian Gibson,68,33338.18,2023-08-01 02:07:44.997476
1249,Susan Pugh,43,160086.66,2023-07-27 21:00:21.680150
1250,Devin Patel,71,152682.38,2025-08-23 06:49:41.428581
1251,Dean Mccoy,58,163684.56,2023-07-13 08:43:47.134896
1252,Riley Shelton,22,79794.0,2024-07-20 15:29:59.114742
1253,Timothy Baker,75,180331.32,2023-12-12 21:47:17.721404
1254,Audrey Rojas,58,37605.18,2026-02-10 17:52:52.632020
1255,Matthew Williams,37,173240.19,2026-04-20 10:35:05.443127
1256,Rachel Scott,30,110145.37,2024-12-08 03:37:20.742311
1257,Jennifer Watson,52,133450.33,2025-12-21 01:20:02.711810
1258,Charles Roman,35,95729.17,2024-01-20 23:03:57.900828
1259,Carlos Norris,57,143762.67,2025-04-09 08:45:09.265942
1260,Lisa King,72,151604.17,2026-06-04 05:26:45.356563
1261,Tammy Copeland,71,168770.43,2023-07-22 05:55:50.033316
1262,Madison Peterson,35,84257.18,2024-07-07 00:27:32.830587
1263,Nicole Jacobson,56,156667.09,2023-07-17 07:47:16.987038
1264,Joel Carr,21,56703.12,2023-09-18 16:06:07.908472
1265,Sandra Wheeler,70,57248.94,2026-05-18 13:58:45.511890
1266,David Davidson,25,90011.51,2025-02-07 13:42:16.020815
1267,Heather Acosta,66,63675.43,2024-01-03 01:36:04.662747
1268,Virginia Greene,18,36814.18,2024-08-03 19:21:42.270389
1269,Alicia Leonard,45,74487.3,2023-06-29 12:05:44.928522
1270,Laura Myers,28,186892.17,2023-12-06 03:45:47.013674
1271,Robert Williams,24,180895.65,2024-10-05 12:15:05.182719
1272,Gene Mcneil,51,69735.81,2024-05-30 22:13:26.853370
1273,William Ruiz,20,197859.36,2025-01-21 03:01:42.468690
1274,Jimmy Frey,44,52174.02,2025-10-29 14:05:39.151912
1275,Carrie Mejia,51,157487.91,2026-03-19 11:49:50.611622
1276,Seth Garcia,68,131650.25,2024-12-27 12:22:12.889984
1277,Wendy Tran,59,123902.26,2026-01-02 15:56:41.752504
1278,Lee Kelly,48,78654.65,2025-11-21 21:28:49.990182
1279,Jose Hill,68,46967.3,2024-12-12 01:08:36.035755
1280,Zachary Pierce,70,137112.71,2026-03-30 11:57:14.607531
1281,Andrew Blanchard,47,82654.74,2025-07-22 18:37:36.126289
1282,Sierra Salinas,46,195248.99,2025-03-30 06:39:09.209559
1283,Thomas Hall,38,130063.56,2024-05-11 16:49:11.605991
1284,Jordan Jones,20,115111.01,2025-04-04 18:19:29.523185
1285,Jacqueline Aguilar,54,159506.17,2025-12-09 23:43:25.110046
1286,Jessica Acosta,34,56287.48,2024-02-29 01:24:25.203411
1287,Mr. Chad Rivera,63,83215.57,2025-02-24 20:38:19.669101
1288,Mrs. Stephanie Morgan,43,183628.35,2025-05-23 19:56:58.026869
1289,Dennis Henry,41,60209.07,2026-04-13 11:57:16.557673
1290,Amy Fowler,41,96796.54,2023-09-08 08:23:16.059366
1291,Susan Taylor,70,173689.73,2023-06-27 08:34:44.640114
1292,Alejandro Campbell,36,79241.06,2025-05-06 06:01:27.818934
1293,David West,42,98535.56,2024-06-28 22:24:38.786680
1294,Crystal Webb,20,103543.61,2025-03-28 03:33:05.513249
1295,Christine Miller,18,44676.78,2025-07-13 09:58:01.988343
1296,Darryl Johnson,30,126546.44,2024-02-14 14:28:51.994156
1297,James Jones,28,66942.68,2023-11-10 00:55:24.848167
1298,Bruce Robinson PhD,53,94653.01,2025-11-16 11:32:51.583485
1299,Gary Hawkins,48,53237.92,2026-03-09 22:03:31.664682
1300,James Leon,49,35734.44,2024-05-06 08:51:28.504110
1301,Sandra Mendoza,22,53728.95,2024-05-10 08:11:05.378494
1302,Donald Burns,67,130228.16,2024-04-23 23:39:47.500035
1303,April Braun,40,157020.95,2023-08-30 04:52:25.953003
1304,Dean Ruiz,58,63176.96,2025-04-01 08:57:58.031538
1305,Lindsey Johnson,57,163022.05,2024-09-24 12:55:58.173772
1306,Mrs. Melissa Allen,75,95399.71,2026-04-20 03:33:59.540602
1307,Tracy Harrell,36,169383.61,2023-07-23 02:57:06.118765
1308,David Horn,34,198411.44,2024-03-31 22:03:05.822584
1309,Whitney Gonzalez,34,166897.89,2024-02-08 21:56:54.050724
1310,Amanda Lee,21,142500.47,2025-01-25 21:18:25.143043
1311,Julie Marsh,18,101823.35,2024-08-28 04:55:27.331735
1312,Ryan Campos,29,188199.29,2024-10-02 03:00:22.617675
1313,Omar Evans,60,137047.84,2025-05-18 02:03:17.555480
1314,Terry Green,30,163449.67,2024-09-30 04:22:58.403424
1315,William Kemp,51,174237.74,2025-04-13 00:53:31.504348
1316,John James,66,161570.15,2024-10-15 19:33:55.952630
1317,Michael Blevins,51,51206.17,2023-08-03 12:14:07.271662
1318,Lindsay Williams,70,195469.87,2023-07-18 07:58:20.559480
1319,Teresa Hines,20,146467.07,2023-10-10 06:26:24.848665
1320,Olivia Crosby,68,93657.82,2024-04-16 00:25:07.372217
1321,Richard Miller,57,104222.99,2025-09-15 22:45:13.256521
1322,Dominique Carrillo,60,187244.86,2026-02-20 08:33:51.734182
1323,Kaitlin Zimmerman,18,120616.42,2024-05-30 23:53:52.831390
1324,Keith Hughes,70,110018.42,2024-07-23 19:35:19.244734
1325,Samuel Grimes,58,190868.98,2023-12-17 14:51:50.693964
1326,William Turner,32,54663.65,2025-11-23 22:59:40.169664
1327,Lynn Clark,18,65829.8,2024-05-05 03:31:28.150665
1328,Nicole Henderson,57,59902.44,2023-07-31 12:01:45.560004
1329,Kimberly Wells,63,63721.76,2026-03-29 19:38:16.389752
1330,Michael Kent,37,154306.2,2024-09-22 01:51:58.231507
1331,Lori Hill,73,93944.29,2024-05-08 07:26:56.859249
1332,Veronica Smith,47,67835.5,2024-10-14 02:28:57.284294
1333,Crystal Contreras,29,143708.12,2026-01-15 10:34:43.380068
1334,Bradley Hughes,40,59029.08,2026-01-05 15:42:45.507612
1335,Michael Wright,30,67486.83,2024-05-30 22:19:17.263764
1336,Kristina Conway,42,42458.04,2025-06-10 08:37:23.221804
1337,Brian Harris,44,155961.13,2025-06-22 09:16:17.986001
1338,David Hoffman,19,147215.65,2023-07-21 18:28:48.736402
1339,Michael Skinner,65,160871.19,2024-08-09 02:58:02.832160
1340,Jessica Alexander,47,45967.16,2023-07-18 05:26:15.232373
1341,Kimberly Woodard,45,149425.04,2025-03-27 17:33:04.479864
1342,Julia Paul,62,42269.07,2025-08-02 06:52:25.879058
1343,Pamela Miller,34,174493.82,2026-02-03 17:16:39.459782
1344,Melissa Rice,19,45021.61,2025-05-31 13:49:19.292963
1345,Steven Gallagher,66,114748.25,2024-08-16 05:07:29.722561
1346,Phillip Vargas,48,133799.73,2023-12-09 08:35:48.816727
1347,Vanessa Baker,39,129150.06,2025-08-22 23:26:56.089811
1348,Lindsey Simpson,37,126214.68,2026-01-24 18:21:57.474159
1349,Richard Thornton,61,187731.84,2025-06-28 15:31:23.194342
1350,Blake Bryan,32,83321.16,2023-09-02 19:46:16.638268
1351,Robert Myers,25,124414.82,2025-07-16 14:07:40.559295
1352,Kiara Wheeler,55,174375.06,2024-11-30 16:19:00.269382
1353,Nancy Reynolds,57,37637.13,2024-08-28 11:10:23.525111
1354,Scott Anderson,19,65800.88,2023-07-11 06:52:56.713179
1355,Madeline Turner,36,58697.19,2026-03-17 06:31:20.929847
1356,Darryl Carr,20,106193.04,2024-03-12 05:09:56.366940
1357,Don Chapman,32,119219.09,2025-07-17 18:54:20.106771
1358,Charles Sawyer,27,135328.07,2025-11-18 20:49:13.931887
1359,Bryan Mclaughlin,39,190943.02,2026-03-18 13:37:19.069599
1360,Anthony Greer,58,62237.99,2023-06-24 11:47:15.736608
1361,Kimberly Kennedy,55,105184.17,2026-04-19 03:44:41.980140
1362,Mary Henry,55,63080.94,2024-01-04 03:39:41.030532
1363,Katherine Stewart,67,134062.04,2024-08-25 03:40:35.107079
1364,Kenneth Fuentes,39,173292.65,2024-08-07 10:57:49.680642
1365,Amy Ward,41,80304.3,2025-09-20 09:03:10.911255
1366,Amanda Hess,52,191599.96,2024-02-19 08:46:49.501501
1367,Daniel Ward,63,164428.08,2023-07-16 09:02:15.903793
1368,Daniel Holmes,74,85551.87,2025-04-25 13:03:51.086931
1369,James Meyers,20,99871.09,2026-02-08 23:49:38.408928
1370,Brenda Stanley,56,155105.76,2025-05-26 07:27:35.337816
1371,Kenneth Church,44,195510.53,2024-10-28 18:47:26.236524
1372,Dave Ortiz,60,50372.08,2024-07-10 05:47:57.847912
1373,Jason Simmons,33,151202.38,2025-05-18 05:27:19.284444
1374,Adrian Ali,74,113955.19,2023-07-14 07:35:36.442106
1375,Julie Johnson,60,185832.81,2023-07-16 08:46:32.827317
1376,Melissa Wade,69,59210.42,2024-03-26 13:53:34.726203
1377,Adam Diaz,29,30934.99,2024-09-06 12:43:30.522439
1378,Victoria Miller,28,115884.66,2023-08-12 03:10:03.143237
1379,William Greene,53,157088.29,2025-02-20 17:25:34.307548
1380,Mary Mendoza,22,30078.8,2026-06-12 13:20:19.370167
1381,Amanda Richmond,67,41554.58,2026-04-22 03:23:21.243936
1382,Zachary Potts,31,124906.02,2025-03-31 15:31:39.885371
1383,William Webb,44,135481.4,2025-07-19 15:02:07.514492
1384,Mia Richards,62,145794.46,2023-11-24 01:47:36.332079
1385,John Harper,63,79615.33,2025-03-28 21:13:06.483987
1386,Scott Velez,42,150267.32,2025-05-18 01:17:36.785459
1387,James Phillips,49,189435.21,2025-08-16 22:56:15.350883
1388,Shannon Weaver,47,75413.2,2025-06-08 21:11:20.019050
1389,Veronica Bender,24,144065.5,2023-08-13 18:18:15.160961
1390,Andrew Mitchell,75,104448.98,2025-12-20 18:48:18.730818
1391,Elizabeth Wilson,72,184873.7,2025-10-18 01:03:49.416416
1392,Fred Porter,42,128197.6,2024-11-09 05:43:46.821495
1393,David Pitts,64,89197.4,2024-07-21 08:21:14.478784
1394,Tina Smith,61,60229.2,2026-01-10 12:26:04.065854
1395,Bonnie Hernandez,18,137378.95,2025-10-05 09:33:59.170840
1396,Andrew Thompson,42,144397.81,2024-07-05 17:00:21.556613
1397,Amber Taylor,30,193221.01,2026-04-23 16:56:17.464272
1398,Dr. Angela Freeman,27,135001.62,2025-11-02 00:55:42.704318
1399,James Davis,42,108608.88,2026-04-08 12:28:09.918885
1400,Rachel Smith,22,110172.25,2023-11-11 12:59:36.249500
1401,Amber Collins,27,153541.66,2023-11-17 01:19:17.141855
1402,James Brown,74,189702.06,2026-04-04 23:55:34.462677
1403,Matthew Davis,23,93416.24,2025-04-28 07:08:15.403867
1404,Jaclyn Bowen,55,78627.59,2025-01-02 12:42:45.449154
1405,Lindsey Gonzalez,43,94269.88,2023-11-11 04:20:23.934228
1406,Matthew Lee,20,179015.15,2026-03-27 22:33:33.695509
1407,Kenneth Collins,18,120715.61,2024-08-02 05:59:44.586923
1408,Lisa Stewart,27,139211.17,2026-02-14 02:32:17.941263
1409,Michael Harrison,55,48042.9,2023-12-31 18:50:25.450848
1410,Lori Benitez,39,59901.06,2026-04-15 19:26:01.619302
1411,Julian Jordan,68,132146.44,2026-02-24 07:23:08.895145
1412,Ashley Stevenson,72,55234.33,2024-01-31 22:34:46.129136
1413,Angela Green,61,104197.5,2026-04-26 14:49:31.758877
1414,Austin Weaver,48,155001.27,2026-02-22 15:56:48.341604
1415,Connie Cowan,46,112423.18,2024-03-12 14:20:39.931558
1416,Charles Wilson,67,107401.67,2025-04-25 23:57:54.461213
1417,Melissa Crane,69,109975.92,2026-02-01 11:08:22.947917
1418,Kathryn Hahn,20,163735.48,2023-08-29 13:17:59.527848
1419,Dawn Strickland,50,191694.72,2026-06-13 03:04:49.778724
1420,Kyle Williams,44,49720.85,2023-12-22 00:02:03.196589
1421,Jeanne Martin,41,198000.38,2024-06-29 17:48:01.235088
1422,Joseph Melendez,55,133789.65,2023-11-15 19:08:11.174327
1423,Ashley George,61,51153.04,2023-09-19 23:26:00.950383
1424,Grace Stephenson,56,79399.39,2025-02-10 20:09:31.404535
1425,Danielle Mcgrath,60,45368.95,2026-05-15 01:33:46.878377
1426,Natalie Herring,43,45862.16,2024-11-30 16:49:57.829067
1427,Cameron Welch,65,114043.04,2025-04-12 05:30:22.004776
1428,Lisa Griffin,37,53688.84,2024-03-17 22:51:44.747706
1429,Jake Yu,21,55247.43,2025-01-25 19:04:50.538719
1430,Michael Mendoza,27,199432.43,2024-05-02 15:14:17.737203
1431,Tammy Allison,50,191198.59,2024-10-19 00:19:37.173957
1432,Taylor Sandoval,61,172113.9,2023-10-31 16:11:47.024070
1433,Ethan Garcia,24,108013.04,2025-12-21 16:40:44.703131
1434,Tina Robinson,53,134375.8,2025-06-05 23:12:31.961027
1435,Elizabeth Larson,74,174653.4,2024-09-12 05:27:07.332549
1436,Caleb Lucero,26,72981.86,2026-02-25 13:00:25.183692
1437,Robert Carter,48,121800.51,2024-04-26 10:51:45.050337
1438,Albert Morrow,70,40798.3,2025-03-23 12:09:02.704535
1439,John Hoffman,64,124341.25,2024-12-10 15:04:17.193460
1440,Michael Valenzuela,71,189977.12,2025-01-05 14:21:58.955050
1441,Judy Nichols,72,61903.27,2024-01-15 14:04:49.594899
1442,Devon Perkins,69,118622.38,2024-02-15 22:52:02.147091
1443,Christopher Parker,65,102571.09,2024-07-31 18:05:09.861420
1444,Michael Hobbs,52,138638.44,2026-01-01 04:21:50.014922
1445,Colleen Singh,23,69892.04,2025-05-10 07:33:01.756289
1446,Eric Williams,58,39488.88,2023-07-05 22:22:06.239095
1447,Carrie Ferrell,60,49675.14,2026-01-07 05:51:32.304368
1448,Carla Byrd,72,166708.68,2024-03-12 12:43:05.048867
1449,Douglas Flores,73,61004.74,2026-01-18 05:16:00.975424
1450,Ashley Shah,62,41382.79,2024-11-06 10:31:15.543744
1451,Timothy Castillo,70,36186.14,2024-06-16 23:29:04.578264
1452,Anthony Fletcher,23,107245.0,2024-05-28 18:19:42.402664
1453,Christopher Ramirez,44,166487.18,2023-07-23 09:18:53.295078
1454,Eric Scott,62,61141.03,2024-12-25 04:16:19.057158
1455,Christopher Chambers,23,157553.73,2023-10-20 22:41:40.616886
1456,Eric Carr,37,104757.09,2024-11-20 12:42:47.589694
1457,Jennifer Brewer,58,43085.59,2024-12-25 15:26:21.185165
1458,Louis Hughes,30,146668.54,2025-04-24 05:16:32.562988
1459,Francis Bonilla,55,99196.01,2025-10-23 13:23:42.226434
1460,Patrick Schmidt,50,91829.77,2024-03-02 02:22:46.952451
1461,Jennifer Torres,18,152463.35,2023-09-22 05:41:36.394227
1462,Karen Rivera,55,52677.02,2025-12-01 18:18:28.888217
1463,Katherine Parker,73,92441.75,2025-08-10 01:14:57.705183
1464,Peggy Jimenez DDS,31,30487.51,2025-10-02 09:12:25.920023
1465,Anna Eaton,54,59891.15,2024-10-20 21:18:23.390069
1466,Steven Yang,72,72084.0,2024-01-27 11:24:39.064121
1467,Ann Schneider,54,116508.74,2025-08-06 23:41:28.702144
1468,Brenda Lee,18,81378.84,2023-11-03 13:32:40.682438
1469,Alex Flores,48,177543.54,2024-09-29 16:39:26.663027
1470,Veronica Ford,49,91643.68,2024-04-25 21:24:13.445749
1471,John Anthony,36,151597.25,2023-10-13 01:38:28.617655
1472,Elizabeth Hernandez,45,158762.58,2023-11-25 16:48:27.427923
1473,Brady Haley,30,195204.68,2025-12-22 02:35:43.775342
1474,Kathryn Obrien,68,126663.8,2025-08-16 19:42:41.359080
1475,Jonathan Lyons,37,157834.13,2024-12-10 04:04:41.388200
1476,Michael Hammond,24,138160.36,2026-05-31 05:27:24.841123
1477,John Payne,55,41512.72,2025-09-11 11:17:10.460321
1478,Sarah Blair,49,152622.88,2024-01-05 13:27:10.714419
1479,Alejandra Rivera,37,108857.33,2024-12-23 20:59:34.881382
1480,Brendan Navarro,25,74072.67,2024-03-03 02:20:33.165423
1481,Benjamin Blair,42,157263.17,2024-04-10 05:54:30.668135
1482,Brian Kirby,29,69613.35,2023-11-29 09:37:36.875666
1483,Mikayla Brown,42,51149.72,2025-10-24 01:56:13.892831
1484,Dana Mcclain,34,149582.39,2024-05-04 20:10:54.576270
1485,Christopher Banks,58,134230.69,2026-04-24 07:28:46.428663
1486,Sara Chase,67,90265.26,2024-01-17 02:50:12.110303
1487,Nathaniel Curtis,62,161813.69,2026-04-12 17:20:40.286359
1488,Alejandro Garza,57,130829.16,2025-04-11 09:12:25.776694
1489,Miss Elizabeth Johnson,21,81428.88,2023-12-26 08:05:58.695109
1490,Jeffery Church,40,36569.44,2026-04-22 17:38:12.027409
1491,Richard Bartlett,43,38451.97,2025-11-18 12:02:39.375319
1492,Richard Gonzalez,18,85723.48,2023-08-23 09:40:23.824773
1493,Peggy Sullivan,54,98654.41,2024-03-05 16:27:27.242851
1494,Veronica Gordon,33,165826.01,2023-11-06 23:37:56.295080
1495,Brian Ortega,49,115247.49,2024-12-25 00:19:47.628624
1496,Grace Martin,30,162155.7,2023-11-03 08:46:19.348208
1497,Vincent Gibbs,69,117247.52,2025-03-27 03:24:54.715306
1498,Michael Potter,75,142866.91,2023-08-20 05:13:30.452552
1499,Sarah Perez,37,53242.52,2025-12-15 05:22:25.278058
1500,Jennifer Ochoa,26,86953.52,2025-12-10 10:59:23.965379
1501,Miguel Smith,47,83308.52,2023-09-19 13:41:24.216137
1502,Carla Logan,74,58183.86,2024-05-25 08:21:13.994850
1503,Tiffany Brown,27,100942.06,2025-05-21 01:44:39.955054
1504,Laura Collins,55,86827.43,2024-07-18 09:01:10.713204
1505,Ann Hendrix,47,158793.74,2024-09-13 15:23:35.887472
1506,Benjamin Morales,42,144911.55,2023-08-03 12:50:17.195498
1507,Madeline Dean,72,173242.36,2026-03-12 05:32:21.419941
1508,Jennifer Keller,64,106965.41,2026-05-13 14:53:49.906285
1509,Daniel Klein,69,159238.87,2024-05-22 05:30:51.801833
1510,Brenda Burke,43,67362.63,2025-04-11 18:41:21.155558
1511,Jennifer Garcia,31,192210.53,2026-05-18 22:47:24.962666
1512,Dr. Gregory Buchanan Jr.,71,152550.58,2026-04-16 13:53:46.351688
1513,Katie Floyd,73,127386.5,2025-10-19 21:36:15.422034
1514,Kyle Martinez,75,163897.23,2025-05-03 16:53:46.606053
1515,Ricky Valdez,49,75652.8,2025-11-10 08:24:36.857841
1516,Christopher Hunt II,64,95530.96,2024-01-27 18:55:11.771417
1517,Stephanie Ross,59,177854.2,2024-08-06 05:58:55.360659
1518,Justin Monroe,43,126366.03,2023-06-16 16:01:45.339079
1519,Scott Lynch,67,40807.7,2024-12-31 17:03:25.700613
1520,Joshua Carpenter,70,165419.52,2024-09-13 02:58:12.452743
1521,Anthony Miller,57,123855.13,2025-01-06 21:52:52.377340
1522,Darius Anderson,54,108862.43,2023-07-23 09:30:12.087929
1523,Brandon Cardenas,67,80688.45,2024-10-05 15:10:18.165678
1524,Diana Werner,46,108276.82,2025-07-24 18:39:24.899328
1525,Kimberly Jackson,69,158095.12,2026-05-26 11:03:23.131222
1526,Sharon Elliott,55,184632.22,2025-09-30 07:37:00.768698
1527,Roy Coleman,70,126268.16,2026-03-31 00:17:17.071936
1528,Randall Bruce,22,122866.36,2024-09-18 07:42:32.022483
1529,Matthew Rhodes,31,112183.54,2026-01-29 22:11:46.752950
1530,Rachel Johnson,22,174774.9,2024-02-29 23:10:10.375803
1531,Michael Rangel,53,126319.27,2026-05-26 05:10:35.226279
1532,Cory Watson,44,92080.28,2024-10-11 04:08:00.274741
1533,Donna Snyder,45,111528.24,2025-02-03 04:37:33.367044
1534,Walter Rice,35,60193.68,2024-03-02 02:58:53.716157
1535,Monique Browning DVM,39,138894.54,2023-11-15 03:17:44.119991
1536,Jaime Nichols,20,124108.96,2025-03-22 03:10:43.880175
1537,Deborah Gilbert,21,97495.06,2025-08-20 22:48:58.845776
1538,Andrea Rowland,49,99298.29,2024-05-09 06:32:24.015953
1539,Todd Mitchell,66,115884.36,2023-12-15 21:08:40.376687
1540,Laura Gates,20,59222.39,2025-11-23 00:46:16.058785
1541,Billy Ellis,47,130709.65,2025-11-09 20:36:44.769183
1542,Richard Rodgers,36,130685.0,2024-07-19 11:31:44.737829
1543,Michael Arnold,30,78930.39,2024-06-06 23:35:20.785271
1544,Christopher Decker,61,120409.24,2026-02-10 23:09:44.973955
1545,Taylor Pena,72,59771.67,2024-05-03 08:25:26.387120
1546,Brenda Sanchez,37,101103.9,2024-06-21 13:23:43.601121
1547,Danielle Bell,36,164685.52,2025-08-26 16:08:24.750325
1548,Patrick Phillips,35,136752.74,2024-08-10 06:56:14.443868
1549,Jonathan Phillips,22,47745.89,2025-04-05 15:06:13.105789
1550,Erin Lopez,74,95088.76,2026-04-10 16:30:35.742131
1551,Christopher Roy,24,94370.73,2024-10-12 14:11:20.412760
1552,Marc Davidson,37,52969.66,2025-10-01 15:08:21.355476
1553,Alexander Collins,53,159499.71,2024-08-12 23:05:41.141890
1554,Teresa Lewis,58,178155.84,2024-06-06 21:59:36.642116
1555,Kristin Houston,21,102292.5,2024-12-11 23:05:19.541664
1556,Michelle Harris,22,107318.47,2025-01-20 08:26:53.853211
1557,Richard Fuller,60,199943.09,2024-08-10 07:57:41.176788
1558,Peggy Mendoza,58,76961.61,2023-11-24 09:51:17.891495
1559,Christopher Cox,68,179593.21,2025-09-23 15:15:26.961321
1560,Kelly Melendez,56,102025.97,2024-01-29 03:39:45.165147
1561,Megan Barnes,35,93356.66,2025-07-30 04:12:15.585714
1562,Wendy Martinez,37,91860.78,2025-12-24 12:34:43.756237
1563,Heather Ball,67,139575.31,2025-12-17 18:56:12.709254
1564,Darrell Coleman,46,47821.26,2023-10-26 14:18:25.044849
1565,Eric Johnson,72,81899.17,2023-12-18 13:34:39.030552
1566,Kelsey Fleming,53,106486.15,2024-03-07 05:08:09.513160
1567,Joshua Stevenson,67,38930.79,2025-09-09 16:20:45.795053
1568,Stephen Adams,38,87202.3,2025-01-04 16:15:37.198871
1569,Stephanie Fields,25,173616.76,2023-10-08 22:54:54.413955
1570,Nicole Ortega,23,139968.84,2023-07-25 06:04:07.602388
1571,Heather Russell,35,191070.92,2024-05-07 22:43:10.799541
1572,Andrew Gonzalez,65,169430.88,2024-12-24 00:46:54.549235
1573,Jonathan Johnson,62,168545.05,2023-11-29 20:17:18.254465
1574,Joseph Schwartz,59,156355.67,2026-03-27 11:44:39.513314
1575,Yvonne Perkins,38,65491.12,2025-08-20 21:39:13.591293
1576,Maria Davis,25,144327.12,2025-10-03 22:01:08.564172
1577,Alejandro Johnson,73,160929.1,2025-10-14 06:38:51.113273
1578,Robert Rivera,63,178727.92,2026-05-08 22:27:22.913092
1579,Paul Cox,63,147503.5,2024-10-16 07:52:12.531713
1580,James Davila,29,177728.25,2024-12-03 09:36:28.532416
1581,Ashley May,59,69043.34,2025-11-28 05:46:42.708460
1582,Emily Miller,45,56211.31,2025-03-01 12:05:11.359483
1583,Kimberly Rios,31,32995.39,2026-05-29 02:35:36.385034
1584,Melody Todd,40,143622.48,2024-07-29 22:27:27.433976
1585,Cynthia Watts,72,168558.24,2024-10-15 17:33:09.511217
1586,Kevin Kelly,56,63298.9,2025-07-18 07:54:53.188977
1587,Cassie Sellers,60,70838.43,2024-01-25 10:33:53.910496
1588,Tracy Burke,36,53655.18,2024-07-01 16:10:20.586607
1589,Lauren Schultz,33,173135.33,2024-02-18 14:41:08.204233
1590,Stacy Patterson,54,174888.18,2025-10-11 16:48:01.273773
1591,Erika Clark,44,164680.73,2024-05-31 12:59:34.912805
1592,Cheryl Martin,23,142433.16,2024-12-27 00:41:11.538479
1593,Jeffrey Petersen,43,62997.83,2023-06-21 15:17:19.566145
1594,Michael Campbell,32,144027.37,2025-05-06 04:14:13.391945
1595,Elizabeth Pugh,28,96522.76,2025-10-27 19:48:55.607028
1596,Laurie Boyer,31,32119.88,2025-10-13 10:14:06.101224
1597,Cory Brennan,24,77314.41,2023-10-01 22:22:42.225038
1598,Ricky Johnson,40,152055.38,2024-10-14 15:31:53.682012
1599,Christina Lutz,39,62589.06,2023-07-28 17:32:57.093825
1600,Michael Allen,42,199732.94,2025-10-01 04:31:58.343588
1601,Alicia Thomas,41,119035.24,2026-05-11 09:12:40.776573
1602,Dawn Francis,49,89729.92,2024-06-18 16:30:59.791002
1603,Kaitlin Cruz,30,185206.9,2025-08-16 11:29:21.053973
1604,Hunter Robinson,43,73715.31,2026-04-25 13:32:36.287075
1605,James Brown,65,103477.47,2025-09-21 06:16:15.313009
1606,Sarah Kirk,22,131043.22,2026-06-08 06:38:57.901177
1607,Lori Washington,75,99600.8,2023-09-28 13:59:49.756655
1608,Kevin Gill,42,59706.18,2023-11-27 07:14:35.812005
1609,Lisa Smith,36,71678.64,2025-11-11 12:57:03.661055
1610,Cameron Rivera,33,70086.12,2024-12-24 08:50:43.104956
1611,Richard Jones,69,140941.4,2026-05-20 00:31:58.425233
1612,Steven Garcia PhD,32,182597.42,2024-09-28 15:16:33.127389
1613,Aaron Anderson,47,120454.86,2025-04-04 08:09:28.654732
1614,Tanya Grant,52,188594.44,2024-04-21 20:43:32.950237
1615,Bryan Perez,42,155388.86,2023-08-04 09:14:48.143294
1616,Dalton Hampton,44,100405.81,2026-06-09 23:22:34.384708
1617,Jessica Martinez,19,112741.0,2026-02-25 01:14:51.944480
1618,Toni Sherman,71,188733.56,2023-12-24 17:52:49.043631
1619,Julie Anderson,53,88275.08,2025-12-24 02:41:13.335937
1620,Mr. Gary Newman,52,177809.43,2023-08-20 11:11:14.107362
1621,Benjamin Barnes,48,123477.05,2023-10-11 11:24:40.261775
1622,Paul Oconnell,19,191721.03,2025-01-13 08:33:43.603509
1623,Todd Smith,24,37221.03,2023-09-24 20:28:09.019390
1624,Stephanie Lewis,64,80381.27,2025-11-01 02:16:56.496515
1625,Heather Koch,28,199964.73,2024-08-13 22:58:49.866466
1626,Donald Davis,64,39875.71,2025-11-07 20:15:31.961142
1627,Thomas Harris,57,43810.9,2025-12-13 07:57:23.170687
1628,Christine Gill,70,172395.57,2026-03-02 04:30:22.132893
1629,Kevin Villa,35,100780.65,2025-06-11 20:24:39.223004
1630,Michelle Conley,71,98606.42,2024-03-23 10:21:19.276665
1631,Maria Austin,35,166201.49,2025-01-13 07:10:42.585874
1632,Richard Barnes,62,188238.15,2024-07-23 20:27:29.673846
1633,Stephen Boyd,50,90999.64,2025-09-15 23:49:27.398807
1634,Jessica Hunt,40,44545.11,2025-06-08 17:54:52.746006
1635,Stephanie Ross,29,80240.63,2023-08-07 18:26:00.069487
1636,Abigail Garrett,44,64292.81,2023-12-25 13:20:18.838281
1637,Adam Perry,27,31115.11,2024-03-30 16:24:50.115512
1638,Kimberly Ford,58,152361.76,2024-05-19 13:45:35.380295
1639,Paul Bass,40,151404.6,2023-11-20 23:25:48.855708
1640,Julie Rivera,39,147595.65,2024-10-26 14:46:43.441203
1641,Daniel Soto,44,169442.21,2026-03-11 22:38:14.354233
1642,Tony Stevens,66,125507.41,2025-08-02 13:45:21.333315
1643,Kimberly Arroyo,47,157034.02,2024-01-15 17:45:19.573557
1644,Richard Holloway,54,185546.37,2025-08-25 07:32:34.361587
1645,Jason Lewis,42,58329.41,2026-05-02 17:18:55.215887
1646,Brian Myers,44,177137.18,2024-12-30 09:09:06.478881
1647,Jacob Torres MD,34,64934.21,2025-06-03 02:07:06.389706
1648,Rebecca Rodriguez,62,89788.35,2025-01-30 16:09:49.653154
1649,Michael Joseph,66,108875.92,2026-01-05 08:22:38.230056
1650,Maria Buchanan,36,76291.3,2026-06-08 22:22:30.078536
1651,Lindsey Cohen,58,72400.09,2026-01-16 03:11:25.405707
1652,Angela Barnett,43,183169.25,2025-06-14 21:18:30.023471
1653,Cynthia Wright,38,149430.72,2026-01-31 00:34:53.692108
1654,Dana Jackson,18,47225.86,2024-08-24 05:21:28.922837
1655,Richard Howard,39,73252.63,2024-02-10 13:48:30.092398
1656,Adam Dunn,47,191156.45,2025-09-27 13:29:32.569866
1657,Jessica Jones,18,80689.74,2025-09-01 04:59:30.716924
1658,Andrew Bailey,40,152457.29,2025-05-18 00:54:16.652085
1659,John Gibson,69,197994.79,2025-06-06 13:18:53.595606
1660,Joshua Bentley,30,187361.66,2023-08-20 16:35:55.208066
1661,Autumn Zamora,43,49887.81,2025-12-08 18:30:27.396932
1662,John Rodriguez,19,87706.63,2026-04-06 19:17:38.060208
1663,Jennifer Garcia,69,129765.15,2025-03-22 08:21:30.931591
1664,Michael Robbins,33,99330.36,2024-03-13 15:37:48.211365
1665,David Williams,32,185476.25,2023-09-03 04:12:17.797656
1666,Lee Turner,48,156977.04,2024-10-13 16:19:01.114980
1667,Eddie Lopez DVM,37,138086.62,2024-01-07 02:03:22.992425
1668,Steven Jones,35,76416.27,2026-05-31 11:13:16.627816
1669,Caitlin Steele,40,100238.46,2024-06-10 08:38:47.239857
1670,Natasha Meyer,47,47821.03,2023-10-15 10:38:54.800861
1671,Kevin Walker,27,198516.74,2025-06-17 22:09:51.322653
1672,Amy Delgado,69,159742.12,2026-02-21 01:29:58.126086
1673,Thomas Thomas,49,40567.18,2025-03-16 23:50:07.311803
1674,Henry Perez,73,167722.23,2025-02-22 15:21:29.602916
1675,Adam Price,47,32434.6,2024-07-15 13:59:18.818240
1676,Nicole Evans,27,110313.82,2023-08-14 09:27:11.248084
1677,Travis Gordon,53,81064.69,2024-03-08 03:46:07.668314
1678,Alice Curry,55,118519.49,2025-02-13 05:54:52.985192
1679,Olivia Hernandez,70,192548.07,2026-03-20 11:56:57.597293
1680,Kelsey Sutton,70,108470.9,2023-09-26 23:25:28.583867
1681,April Gibson,57,104926.03,2024-12-11 08:08:59.683303
1682,Daniel Scott,72,100351.96,2026-01-11 15:54:37.968894
1683,Karen Hill,38,103015.17,2024-12-10 22:24:48.686991
1684,Kenneth Martinez,48,169944.63,2025-03-16 14:13:47.096145
1685,Harry Parker,25,104211.67,2024-10-13 21:17:49.253268
1686,Andrea Baldwin,45,74004.59,2026-04-04 15:25:49.250601
1687,Samuel May,29,33764.51,2024-05-24 02:13:49.241774
1688,Michele Harrington,71,125644.29,2024-04-30 14:55:14.838820
1689,Gregory Cohen,44,174748.6,2025-12-18 23:38:01.244811
1690,Jeffrey Rose,65,147744.43,2026-03-16 14:30:54.539331
1691,Robert Banks,24,138376.77,2025-04-29 05:30:34.489122
1692,Ryan Moore,43,77285.86,2025-02-03 20:58:22.340637
1693,Jessica Vargas,64,52892.85,2025-02-11 07:29:20.130901
1694,Debra Sanders,61,139172.59,2024-11-21 01:42:23.501387
1695,Sherry Walker,50,97415.37,2023-07-29 14:26:29.708918
1696,Dawn Ward,34,49645.12,2025-07-09 08:21:56.873875
1697,Amy Vance,45,92627.7,2023-10-30 20:00:24.377878
1698,James Banks,27,134665.68,2023-10-11 00:02:21.897488
1699,Cindy Munoz,58,68749.5,2025-06-12 05:52:07.931751
1700,Nicole Ward,72,32731.78,2024-06-12 02:22:44.724923
1701,Nichole Frye,23,173552.1,2025-08-31 14:15:34.272475
1702,Tony Waters,34,125790.53,2025-02-05 01:53:52.449934
1703,Mary Glenn,60,129143.42,2026-02-08 15:14:50.820396
1704,Jessica Gibson,30,89691.71,2024-06-25 00:11:25.783833
1705,David Herrera,41,104193.38,2025-12-03 14:20:25.901865
1706,Lauren Lawrence,42,177723.18,2024-06-28 10:30:59.071578
1707,Amanda Bird,51,180046.71,2023-09-28 06:24:16.675988
1708,Jamie Thompson,24,93681.17,2024-08-03 11:35:23.855217
1709,Jennifer Velasquez,73,45351.94,2025-05-06 05:45:57.471947
1710,Daniel Watson,43,124898.79,2025-10-20 18:55:12.045213
1711,Brandon Petersen,70,32282.61,2026-04-11 22:39:31.635139
1712,Rebecca Coleman,64,33075.24,2025-01-04 15:16:24.717259
1713,Tyler Jones,23,41992.16,2024-10-09 13:40:53.528636
1714,Brianna Jarvis,69,65613.06,2025-03-14 14:34:12.788898
1715,Sandra Peterson,67,82239.95,2025-01-28 17:12:35.017774
1716,David Rivera,41,50219.3,2026-05-20 21:35:12.305794
1717,Mr. Bobby Mora DDS,52,96912.3,2025-05-03 16:04:40.928135
1718,Angela Gibson,64,130659.12,2024-04-06 14:35:46.388118
1719,John Leblanc,42,127227.0,2024-09-22 02:44:38.914109
1720,Julia Jones,18,86887.99,2024-07-30 07:19:53.976192
1721,Kayla Rodriguez,56,79446.58,2023-12-10 18:25:23.501944
1722,Rachel King,69,79322.43,2024-04-13 02:05:21.372800
1723,Mallory Holmes,37,149396.51,2025-05-16 22:48:15.034693
1724,Scott Baker,69,99476.58,2024-12-11 12:19:27.961604
1725,Steven Peters,45,157922.72,2024-09-20 13:28:30.511951
1726,Corey Moore,73,90880.35,2026-03-03 08:56:29.722989
1727,Scott Peck,27,127530.22,2024-09-20 15:17:47.154071
1728,Sarah Guzman,40,171919.51,2025-01-08 10:18:59.089905
1729,Brooke Patton,33,82265.55,2026-04-15 02:49:03.414901
1730,Zachary Smith,44,80835.35,2025-09-27 05:50:48.765106
1731,William Lee,46,81825.78,2026-01-24 07:28:30.426004
1732,Julie Duncan,55,53661.58,2026-03-27 20:58:57.095061
1733,Christopher Cherry,66,131074.61,2024-12-10 05:15:38.203951
1734,Paul Chen,29,185340.48,2024-09-22 09:09:17.622725
1735,Tammie Lee,26,92984.38,2026-03-13 05:20:49.046396
1736,Jay Allen,21,65169.81,2023-07-04 20:18:00.297454
1737,Steven Watson,62,154541.48,2025-12-15 16:10:41.738382
1738,Karen Reed,34,142812.03,2025-07-16 20:04:44.494332
1739,Michael Miller,42,67560.74,2026-02-24 14:47:41.318457
1740,Daryl Pugh DDS,63,38014.31,2023-08-18 00:00:09.358485
1741,Mr. James Barr,50,116372.59,2023-10-04 23:10:55.855211
1742,Jacqueline Barajas,29,113269.3,2024-01-16 05:29:42.205793
1743,Jason Moore,37,70620.53,2025-08-26 20:05:09.640030
1744,Natasha Crawford,38,161387.35,2024-06-30 10:41:18.582894
1745,Mark Rose,41,36504.6,2024-10-20 00:00:03.675363
1746,Melinda King,67,165460.12,2024-01-24 14:34:19.394097
1747,Erik Mcgee,46,166958.97,2024-12-08 02:35:06.877387
1748,Linda Hawkins,20,147698.77,2024-08-25 16:12:50.486702
1749,Jordan Grimes,50,152430.26,2025-06-15 07:52:38.685639
1750,Monique Coleman,28,143240.27,2023-07-23 02:28:56.814686
1751,Marie Villarreal,71,102671.79,2024-03-05 05:24:47.238698
1752,Erica Garcia,25,55517.25,2025-02-22 01:24:33.633613
1753,Anne Hess,48,53081.29,2026-03-18 08:18:16.458280
1754,Daniel Taylor,46,46325.23,2025-05-09 09:59:17.052113
1755,Jason Snyder,73,132290.06,2025-06-18 22:54:28.686331
1756,Autumn Miller,74,35986.35,2023-11-16 15:49:45.984336
1757,Dr. Ashley Miller DDS,44,78735.69,2024-03-07 03:46:46.226854
1758,Stephen Wolfe,33,179458.52,2024-05-06 17:38:12.619300
1759,Paul Evans,68,32309.02,2023-11-04 03:40:40.407686
1760,Elizabeth Velez,21,198764.46,2024-02-26 03:43:29.270682
1761,Nicholas Crawford,43,139896.61,2024-05-30 20:14:24.797311
1762,Jonathan Adams,50,64723.61,2026-02-01 19:29:36.247593
1763,Walter Reilly,73,68110.05,2025-09-21 04:42:14.044109
1764,Dr. Roberto Phelps,18,199405.29,2024-03-15 03:15:23.782402
1765,Travis Le,22,124546.12,2024-06-15 00:17:13.489838
1766,Billy Sanchez,71,40874.12,2026-01-13 04:09:28.531724
1767,Cory Collins,38,127492.15,2024-04-06 17:26:45.018473
1768,Matthew David,74,32896.29,2024-08-11 00:08:00.222750
1769,Nicole Dorsey,25,96419.04,2025-11-24 03:27:18.599378
1770,Christy Cochran,19,30265.12,2024-05-18 22:18:19.444296
1771,Todd Wells,24,111383.47,2023-10-18 13:26:49.508976
1772,Amanda Buck,70,126734.38,2026-04-12 14:36:48.142060
1773,James Williams,47,137967.01,2025-02-16 14:34:05.440892
1774,Albert Reese,40,143166.4,2024-12-17 18:46:59.924478
1775,Christopher Wilson,64,140946.41,2025-03-22 17:18:06.538983
1776,Anthony Gordon,21,46297.69,2023-12-16 05:14:02.011773
1777,Christopher Smith,40,145739.31,2024-03-25 12:05:35.594385
1778,Dawn Hebert,24,141130.29,2025-09-27 03:42:18.529086
1779,Toni Mason,37,101003.17,2025-04-09 07:37:47.900015
1780,Thomas Harrison,52,194686.83,2026-05-07 04:10:55.476118
1781,Jonathan Alvarado,55,184885.11,2025-02-19 07:18:14.007938
1782,Andrea Richardson,21,198301.39,2024-03-08 18:56:45.381093
1783,Brenda Jimenez,59,107112.19,2026-05-23 17:52:08.418325
1784,Carlos Jackson,29,135289.76,2024-08-26 07:19:18.370570
1785,Beth Hughes,48,118845.21,2025-05-09 12:02:08.848578
1786,Ryan Mcdonald,74,174019.85,2023-08-16 14:14:16.754027
1787,Matthew Taylor Jr.,49,99829.3,2023-12-29 13:07:58.454205
1788,Karen Gray,36,117283.06,2026-01-20 08:21:12.346397
1789,Kyle Calderon,73,142964.28,2025-07-04 23:58:45.791236
1790,Jenna Perez,62,83206.87,2023-07-01 15:52:59.063767
1791,Jason Rosario,26,104704.03,2024-05-03 15:16:03.419562
1792,Catherine Henry,63,186790.66,2025-11-12 02:32:18.925018
1793,Nicole Ortiz,18,96379.81,2025-05-03 19:34:43.034143
1794,Dominic Page,70,40086.81,2025-05-27 01:17:22.895743
1795,Lisa Miles,47,98275.62,2023-12-19 03:23:09.548151
1796,Tracy Parker,39,51411.22,2023-11-27 09:54:45.542604
1797,Jennifer Flowers,43,50854.39,2025-04-19 03:29:37.810726
1798,Misty Taylor,59,154529.23,2024-07-05 13:51:32.041637
1799,Karen Cohen,64,133722.63,2023-09-28 14:14:13.707843
1800,Patty Willis,60,110468.02,2024-05-20 10:50:28.910142
1801,Matthew Brown,64,138289.62,2024-07-26 17:09:14.852980
1802,Melissa Soto,56,41918.39,2025-04-19 19:52:36.055070
1803,Julie Nolan,19,101556.56,2025-06-01 06:17:23.639120
1804,Richard Hahn,40,58912.59,2023-11-15 15:17:07.385267
1805,Elizabeth Anthony,56,35900.84,2024-06-05 05:04:01.485399
1806,April Barron,58,30606.58,2025-04-30 03:56:14.457247
1807,Pamela Boyd,31,95691.71,2026-02-04 11:57:33.406343
1808,Maria Trevino,30,34960.96,2025-06-29 13:48:41.931556
1809,Rachel Lozano,29,113956.41,2025-07-04 14:32:04.215285
1810,Chad Edwards,60,89359.87,2025-03-23 18:17:41.234591
1811,Denise Williams,43,61272.33,2024-07-04 06:07:08.560912
1812,Elizabeth Bishop,25,112753.65,2023-10-24 04:31:09.762435
1813,Kimberly Gaines,44,91956.01,2025-07-05 11:58:08.418715
1814,Jonathan Maldonado,47,134909.86,2024-06-01 21:31:39.319191
1815,Sherry Mendoza,38,164106.01,2026-03-10 15:58:37.751326
1816,Ashley Harrington,63,63771.95,2025-10-31 20:53:02.789192
1817,Evan Goodwin,37,84766.56,2023-09-07 00:09:54.945375
1818,Bianca Perkins,30,105884.09,2025-07-15 23:50:11.464367
1819,Joe Patel,53,81918.21,2026-03-05 03:10:09.061256
1820,Shelly Mason,28,37228.77,2024-08-29 23:42:49.188264
1821,Benjamin White,46,91552.05,2025-07-31 13:00:36.068353
1822,Barbara Williams,63,145230.47,2024-03-01 00:02:33.627180
1823,Anna Payne,20,76460.45,2024-09-04 08:12:44.957057
1824,Kendra Lopez,71,67698.41,2025-01-03 23:12:48.926781
1825,Andrew Kim,64,124782.81,2025-03-17 04:06:04.701303
1826,Jeffrey Rhodes MD,44,117483.15,2024-02-11 20:54:07.265053
1827,Robert Carr,67,61214.5,2023-08-01 15:41:56.918244
1828,Natasha Williamson,31,92185.4,2024-12-04 23:26:30.125813
1829,Lynn Moore,59,82168.35,2024-08-06 00:44:40.102556
1830,Michelle Harris,72,99113.86,2024-01-28 02:24:32.113917
1831,Robyn Barrett,32,142056.66,2025-09-14 19:15:54.182791
1832,Emily Clark,69,45533.38,2024-12-18 20:42:32.398149
1833,Kathy Hendrix,55,82461.23,2024-11-28 23:04:17.725363
1834,Gloria Sanchez,49,36544.99,2023-10-27 16:25:51.188105
1835,Kim Moore,20,47685.5,2025-05-16 08:28:47.042274
1836,Heidi Brown,38,112637.58,2023-11-10 12:50:29.746085
1837,Jessica Lopez,68,59589.54,2026-04-03 16:25:28.937993
1838,Mark Morales,29,62465.67,2024-07-16 18:46:25.451925
1839,Michael Burnett,40,197026.84,2025-05-11 05:38:33.435452
1840,Latasha Monroe,69,41743.36,2024-10-19 12:47:42.144836
1841,David Maldonado,23,159309.26,2026-05-22 00:25:58.070673
1842,Lauren Lane,59,192763.98,2024-07-01 23:34:44.721630
1843,Robert Cortez,68,42190.56,2024-10-07 01:02:15.371837
1844,Andrew Schultz,44,100818.26,2024-03-02 07:00:10.389681
1845,Scott Flores,38,155069.91,2025-06-08 00:31:43.854323
1846,Carrie Bennett,36,187064.83,2025-02-22 14:14:12.099580
1847,Deanna Foster,37,119340.0,2023-09-13 06:08:13.017878
1848,Matthew Moss,59,70322.73,2023-09-06 18:03:05.583168
1849,Ronald Mahoney,75,158942.19,2025-07-30 04:38:42.616147
1850,Rachel Delgado,42,155696.67,2025-02-28 22:43:18.058749
1851,Randy Cox,48,188323.2,2023-09-22 20:05:43.894596
1852,Roger Orozco,71,184042.81,2025-10-04 03:44:30.216800
1853,Jamie Williams,60,49908.54,2026-01-01 15:25:54.884981
1854,Anthony Kim,67,49262.72,2025-06-09 14:20:54.583281
1855,Brandon Myers,29,113162.27,2023-10-08 15:10:46.484524
1856,Brittany Henderson,28,80414.72,2024-08-18 22:50:56.119040
1857,Joshua Lee,60,73844.13,2024-02-13 02:36:01.020276
1858,Diana Taylor,62,60629.81,2025-07-11 08:16:03.175918
1859,Michael Brewer,30,145187.4,2024-04-03 16:34:44.578131
1860,Cody Smith,43,85569.17,2024-03-09 01:41:57.392050
1861,Rhonda Hill,36,77657.75,2025-01-18 10:07:56.888886
1862,Mr. Adrian Ball,50,67219.26,2024-11-17 09:05:28.587164
1863,James Ferrell,65,179904.3,2024-12-04 15:22:51.763056
1864,Amanda Adams,31,158805.85,2024-02-25 15:50:31.740655
1865,Charles Flores,69,30835.21,2024-11-19 15:53:28.690202
1866,Alicia Barrett,31,188194.37,2025-07-19 09:41:21.107324
1867,Nicholas Hernandez,40,182530.93,2025-06-17 23:58:17.065493
1868,Michaela Burnett,44,52037.82,2024-06-08 10:49:02.680432
1869,Jose Russell PhD,38,148911.03,2025-01-14 18:49:34.679396
1870,Douglas Evans,38,76159.98,2024-10-06 10:21:40.420779
1871,Erin Lewis,19,107714.05,2026-06-11 20:34:08.158899
1872,Bonnie King,72,190603.49,2024-05-07 19:48:51.258438
1873,Elizabeth Coleman,66,108001.78,2023-11-26 22:56:41.153036
1874,David Cummings,18,72326.49,2024-04-10 15:28:07.178596
1875,John Perez,24,153310.94,2023-08-18 03:39:14.750317
1876,David Moran,48,181053.12,2024-01-30 21:28:03.129204
1877,Robert Ford,46,54198.54,2026-02-08 18:53:21.513500
1878,Cheryl Taylor,53,114153.34,2026-05-21 19:43:47.268878
1879,Lisa Gutierrez,49,97400.22,2023-09-14 02:12:25.587544
1880,Rachel Sullivan,53,139803.01,2023-11-17 09:41:26.297155
1881,Julia Carey,39,189408.9,2023-11-13 05:48:53.283977
1882,Michelle Dorsey,67,82361.64,2025-11-20 14:36:27.823025
1883,Michael Gonzalez,29,70935.74,2024-11-16 19:17:38.275421
1884,Bryan Wise,61,119179.75,2025-10-31 08:38:44.086257
1885,Ashley Hall,68,183103.75,2023-10-19 06:27:20.681632
1886,Ashley Fernandez,48,135381.57,2024-08-24 13:53:26.695578
1887,Ashley Thomas,50,192793.46,2025-03-10 05:20:32.904613
1888,Paul Goodwin,22,144530.6,2024-02-06 10:24:07.266264
1889,Tina Huerta,43,82627.66,2024-10-12 08:55:37.924962
1890,Charles Bentley,73,72038.46,2024-09-29 10:22:37.433159
1891,Harold Lucas,60,110584.53,2025-10-02 15:26:00.065229
1892,Brian Sawyer,40,83928.52,2024-08-11 22:15:57.517798
1893,Timothy Dean,33,83068.88,2024-05-09 05:21:38.807823
1894,Lauren Cannon,70,52943.5,2024-01-28 12:58:14.715410
1895,Jeffrey Spence,21,107872.14,2025-05-15 22:42:53.385292
1896,Michael Sutton,31,193099.41,2025-01-14 15:05:24.310305
1897,Amy Donovan,55,105899.23,2025-08-15 10:08:32.179083
1898,Susan Tran,62,112576.97,2023-12-24 10:57:19.468651
1899,Crystal Johnson,35,132092.03,2025-12-22 17:55:31.998171
1900,Kerri Smith,51,72115.14,2024-08-22 14:41:56.977165
1901,Aaron Lang,25,64012.78,2025-02-25 08:48:52.391136
1902,Daniel Adams,46,128978.73,2025-02-06 07:07:34.367128
1903,Lee Watson,41,105512.06,2023-06-14 12:34:30.289322
1904,Marcus Harris DDS,27,118019.03,2025-12-20 17:59:43.209525
1905,Shirley Johnson,45,120005.87,2026-04-20 17:07:44.754295
1906,John Barton,73,53070.95,2024-03-28 20:38:06.793709
1907,Jennifer Maldonado,19,81865.35,2025-06-29 14:53:26.455316
1908,Dr. Philip Cox,30,78348.81,2025-10-16 09:14:19.927202
1909,Russell Zuniga,65,41623.93,2025-06-16 10:51:22.354403
1910,Melissa Pennington,70,124305.21,2026-01-16 12:05:36.190198
1911,Carla Guerra,33,151757.34,2025-08-11 01:39:30.945693
1912,Marissa Parker,32,88329.66,2025-09-19 22:46:35.516218
1913,Crystal Davis,58,177985.26,2023-08-11 12:06:33.248955
1914,Angela Smith,69,107195.41,2024-12-31 08:19:25.311464
1915,Mike Berg,34,198770.43,2024-10-19 18:25:12.503248
1916,Jay Brown,32,162470.23,2025-09-09 12:32:22.137912
1917,Jacqueline Campbell,73,140961.45,2025-04-30 21:27:57.430811
1918,Christopher Stevens,60,78915.88,2024-07-27 22:57:59.412220
1919,Danny Chang,45,67395.12,2025-10-08 15:57:15.839646
1920,Alice Morrow,19,142991.83,2026-03-01 21:32:43.130223
1921,Michael Adams,63,164397.15,2024-07-07 20:06:15.308293
1922,Meredith Faulkner,73,46094.57,2025-10-22 16:11:47.821595
1923,Elizabeth Crawford,66,181944.23,2023-07-23 16:26:58.673705
1924,Tina Jones,38,123056.96,2025-03-29 03:17:57.838573
1925,Eddie Cole,25,163063.15,2025-11-16 08:54:55.755702
1926,Lisa Johnson,19,138788.6,2024-08-17 14:27:45.408309
1927,Teresa Hanson,58,194956.75,2023-10-17 21:23:25.355885
1928,Julie Jones,23,43442.31,2025-05-22 17:23:55.892076
1929,Mitchell Morales,52,130936.88,2025-01-05 21:13:21.715504
1930,Brandon Gilmore,57,149622.97,2025-02-16 10:15:31.989108
1931,Misty Rodriguez,35,198223.18,2025-05-18 12:16:52.158137
1932,Kathy Padilla,18,106300.52,2024-11-04 11:52:26.381723
1933,Ana Morrison,57,88802.89,2026-04-27 23:40:46.637818
1934,Lisa White,18,194965.24,2024-08-03 09:07:32.044333
1935,Lisa Williams,42,33939.49,2024-05-20 15:54:28.491725
1936,Rebecca Tran,50,47775.31,2025-12-03 06:28:09.870899
1937,Robin Alvarez,45,75272.1,2023-07-26 18:07:01.110694
1938,Jody West,56,187801.65,2024-03-07 15:58:43.466347
1939,Joel Mcmillan,29,74855.43,2024-03-09 14:47:40.186441
1940,David Johnson IV,64,30654.79,2025-10-03 21:21:07.719721
1941,Amanda Munoz,70,169542.73,2025-11-02 06:06:38.372931
1942,Gabrielle Turner,69,167327.16,2026-03-06 01:25:33.304997
1943,Jodi Barnett,48,171282.93,2025-02-27 00:29:20.053158
1944,Jerome Johnson,23,48140.71,2025-07-10 03:56:19.920121
1945,Anthony Archer,65,82640.21,2024-02-05 14:54:58.829068
1946,John Marquez,50,119502.43,2025-07-08 23:43:51.331630
1947,Jason Gutierrez,24,199939.09,2024-07-24 11:14:32.282738
1948,Teresa Barry,57,132833.86,2023-11-19 05:09:45.544430
1949,Michael Douglas,62,150458.4,2025-07-05 03:35:59.966150
1950,Kendra Ballard,60,119963.5,2024-05-01 16:22:36.192632
1951,Mary Burton,31,42737.56,2023-10-12 16:16:37.280502
1952,Scott Thompson,69,135360.32,2025-01-16 07:32:13.899969
1953,Mark Henry,45,177271.91,2024-12-04 15:22:11.434495
1954,Ashley Erickson,54,79226.97,2024-11-14 19:32:11.577633
1955,Lori Rollins,21,111221.72,2023-10-27 16:49:48.985032
1956,Jerry Lynch,61,38738.74,2025-01-18 09:38:56.526573
1957,Randy Garcia,64,165768.6,2023-10-27 03:07:11.181015
1958,Amanda Ryan,40,158775.46,2023-09-20 05:08:46.376349
1959,Lauren Flores,24,87586.23,2025-07-30 06:00:06.540537
1960,Bianca Nelson,68,95825.2,2024-06-22 16:16:48.140036
1961,Christine Parks,34,178686.95,2025-08-01 14:46:19.650885
1962,Abigail Malone,66,37007.79,2025-01-09 03:44:01.523455
1963,Dr. Douglas Burns DVM,42,59931.5,2025-03-01 10:04:42.244504
1964,Michele Jenkins,75,77485.09,2025-07-02 10:40:20.599588
1965,Stacey Martinez,40,113717.38,2025-06-13 06:25:52.864588
1966,Travis Keith,29,74001.51,2025-01-09 00:20:11.430772
1967,Antonio Thompson,72,135700.52,2025-11-25 14:56:09.082198
1968,John Cox,36,69555.1,2024-04-25 12:35:16.369774
1969,Jessica Castillo,30,185289.73,2025-08-09 11:11:37.443708
1970,Bryan Harris MD,52,128856.71,2024-10-19 16:33:19.968153
1971,Kaitlyn Franklin,63,178436.75,2025-07-17 07:47:13.611947
1972,Theresa Aguilar,43,156766.65,2023-09-12 10:58:16.715786
1973,Amanda Crosby,71,82199.74,2025-07-22 08:35:55.678602
1974,Christopher Holmes,45,82371.73,2025-03-16 10:07:55.562717
1975,Jasmine Martin,44,183513.21,2024-02-18 08:08:35.600432
1976,Lisa Rose,74,57608.47,2025-06-04 18:57:46.060664
1977,Eric Ruiz,44,102387.6,2025-07-18 04:36:13.211327
1978,Jason Silva,39,162513.09,2024-12-20 02:55:26.128137
1979,Joel Smith,42,159078.7,2025-01-15 00:35:01.932702
1980,Amber Williams,54,43195.41,2025-07-25 04:31:50.176983
1981,Charles Russell,29,32158.93,2024-11-05 22:18:48.966338
1982,Mark Tucker,30,135976.66,2025-03-10 23:41:39.021249
1983,Carol Morrison,26,38775.98,2025-03-01 06:33:10.786339
1984,Shannon Lopez,43,139346.65,2023-08-22 02:32:58.467403
1985,Thomas Shelton,48,162422.61,2024-12-21 00:11:13.302540
1986,Hunter Wilson,30,182215.79,2023-07-05 12:26:55.236834
1987,Cynthia Underwood,55,119072.06,2025-10-21 08:10:22.418404
1988,Sheri Miranda,39,46159.45,2025-04-28 09:33:31.179137
1989,Michael Conner,27,109510.61,2025-06-18 03:39:22.135129
1990,Brianna Willis,50,40328.88,2025-05-25 21:32:03.108103
1991,Robin Owen,36,171458.99,2024-02-26 23:52:17.050833
1992,Lisa Young,21,191498.98,2024-08-02 07:11:20.797058
1993,Destiny Young,72,51910.7,2023-11-26 12:28:53.677349
1994,Mathew Bright,68,169944.88,2024-06-04 03:09:13.236043
1995,Jamie Lozano,58,125913.77,2025-05-12 08:00:03.888206
1996,Pamela Cruz,31,40828.4,2025-01-26 20:09:02.705905
1997,Lauren Peters,53,139255.48,2025-02-13 02:28:30.259777
1998,Deborah Cox,32,108236.04,2025-06-21 08:27:53.279685
1999,Eric Mendoza,52,67247.88,2025-05-22 13:02:13.536364
2000,Adam Butler,73,179400.8,2026-04-11 05:46:49.749001
2001,Brian Cannon,70,144718.19,2026-01-22 11:18:01.681909
2002,Dana Lucas,59,195401.13,2025-09-24 17:30:49.950763
2003,Lisa Smith,40,78213.15,2025-04-04 19:26:03.102828
2004,Alexandria Everett,24,48741.95,2025-06-27 08:01:04.630518
2005,Beverly Prince,47,198497.49,2023-07-03 19:20:19.923356
2006,Mary Avery,34,78128.65,2025-05-02 00:24:48.060578
2007,Michael Edwards,52,84818.02,2023-06-21 14:32:31.415764
2008,Amanda Esparza,60,52487.3,2024-02-29 04:28:52.510585
2009,Anna Moore,18,53741.84,2024-09-03 05:29:20.213183
2010,Donna Perez,51,66542.14,2026-05-15 22:10:12.392229
2011,Kristen Bennett,75,46318.36,2023-10-31 05:04:58.280470
2012,Brian Summers,61,79963.89,2024-03-04 15:16:41.746666
2013,Jeremy Palmer,30,171247.97,2025-03-28 01:14:42.118172
2014,Julie Walsh,64,48610.77,2024-01-22 03:59:52.641380
2015,Brian Guzman,39,31363.49,2024-08-23 04:05:41.744112
2016,Mark Castaneda,48,197854.88,2024-07-01 09:50:01.715739
2017,Michelle Anderson,71,147548.71,2025-09-01 04:20:31.224931
2018,Courtney Hale,54,194263.86,2023-10-13 11:26:46.772006
2019,Nancy Juarez,44,95523.15,2023-12-31 03:31:04.046054
2020,Daniel Gonzalez,20,102797.26,2024-06-08 20:23:46.108373
2021,Michael Pennington,50,90910.56,2024-01-30 03:29:45.526982
2022,Deanna Esparza,26,32970.98,2025-08-12 01:49:51.544370
2023,John May,22,107458.79,2024-07-26 00:19:25.550634
2024,Susan Phillips,65,143896.07,2026-04-15 08:59:20.480019
2025,Miguel Smith,44,56156.02,2026-05-01 09:35:17.186105
2026,Joseph Calderon,41,176810.41,2023-10-30 15:02:15.714800
2027,Amy Walter,30,167702.94,2024-07-13 18:49:38.715405
2028,Michael Chapman,48,188263.08,2024-10-12 01:27:36.361090
2029,Vincent Anderson,64,89416.21,2025-07-13 05:33:18.746072
2030,Brandon Ortiz DDS,57,154059.44,2025-01-17 09:35:28.702449
2031,Ivan Hurst,47,109172.43,2025-09-05 18:28:02.413221
2032,Bryan Smith,26,134860.15,2024-05-04 12:32:21.910539
2033,Brianna Martinez,43,88245.66,2024-06-17 02:16:24.901740
2034,Mary Gill,66,151569.21,2025-05-24 03:55:02.502100
2035,Sara Martinez,48,36538.09,2025-11-06 05:34:58.971930
2036,Andrea Miranda,52,32961.94,2026-03-25 02:35:05.051756
2037,Brian Russo,30,85662.66,2024-05-15 08:27:07.321340
2038,Sandra Baxter,55,135173.37,2025-11-08 14:09:56.421446
2039,Melissa Wilson,18,85549.25,2025-11-06 15:57:32.431867
2040,Brian Howell,72,156637.45,2026-01-19 18:54:44.924458
2041,Sabrina Bryant,29,102120.6,2025-07-01 23:47:18.010099
2042,Lisa Duarte,40,155816.76,2024-01-05 09:08:07.408375
2043,Jared Freeman,61,175165.7,2025-11-18 21:49:12.406364
2044,Nicholas Smith,75,134541.65,2025-07-23 22:53:05.799217
2045,George Odonnell,25,189554.61,2025-02-09 12:45:25.653468
2046,Dawn Sparks,27,181647.86,2023-09-26 17:15:04.521082
2047,Kenneth Obrien,69,112796.1,2026-02-06 04:21:52.309496
2048,Isaac Pratt,24,37777.87,2025-02-27 18:47:24.669716
2049,Raymond Ford,45,183199.16,2024-01-31 22:06:20.364910
2050,Michael Franklin,21,129410.11,2023-12-07 01:55:20.281332
2051,Emily Smith,45,75792.55,2025-09-05 16:08:28.479830
2052,Yolanda Douglas,52,51856.53,2024-05-13 16:09:37.943711
2053,Stephanie Patel,71,147795.41,2026-05-19 22:33:15.758980
2054,Kristen Reyes,25,109127.55,2025-03-26 19:59:19.503465
2055,Maria Kline,66,102323.36,2025-02-02 19:14:51.879882
2056,Vanessa Kelly,24,167264.81,2023-11-03 00:25:07.247713
2057,Natasha Quinn,52,133986.36,2024-05-17 08:57:41.489553
2058,Deborah Huffman,39,194023.97,2025-04-25 03:54:52.888926
2059,Timothy Johnson,43,149492.62,2023-07-30 12:19:21.735111
2060,Christopher Hill,71,199551.04,2025-11-10 06:58:49.489918
2061,Kendra Martin,75,65882.53,2023-11-04 20:30:57.784558
2062,Andrew Wolfe,43,190872.56,2025-07-17 18:00:01.998270
2063,Tamara Martinez,65,160146.56,2025-03-14 13:32:06.907067
2064,Nathaniel Hernandez,23,158813.17,2024-05-26 22:11:09.546590
2065,Tabitha Case,25,191640.14,2023-06-16 15:25:19.839559
2066,Savannah Martinez MD,38,178286.69,2025-11-16 01:25:50.073150
2067,Mr. Anthony Parker Jr.,65,181203.17,2023-10-05 00:00:19.357288
2068,Brittany Martinez,31,125292.38,2023-06-20 14:59:38.608655
2069,Pamela Gonzalez,28,51439.85,2026-06-12 06:42:31.894442
2070,Scott Casey,67,92338.92,2024-05-29 17:15:02.400491
2071,Michael Johnston,23,60870.93,2025-07-22 19:58:47.138942
2072,Bradley Webster,70,87115.31,2023-10-23 14:45:34.714844
2073,Anna Quinn,18,54692.46,2025-06-13 06:36:35.733765
2074,Hailey Smith,46,194705.08,2025-11-02 08:30:37.010668
2075,Lynn Houston,51,36696.38,2024-02-04 16:11:33.348508
2076,Dr. Sylvia Pacheco MD,26,93489.05,2026-05-04 23:10:10.850735
2077,Teresa Perez,38,49776.48,2025-12-10 20:54:52.248459
2078,Spencer Ellis,45,146440.25,2023-07-07 16:59:51.369177
2079,Michael Hoover,52,107971.42,2024-02-09 23:12:08.927028
2080,Stephanie Grant,56,136295.13,2025-02-03 14:16:27.853533
2081,Margaret Quinn,31,98720.49,2026-03-19 12:14:25.101284
2082,Zachary Rasmussen,33,143785.11,2025-07-01 11:19:24.506378
2083,Stephanie Stevens MD,32,110927.32,2024-10-07 14:52:17.550658
2084,Samuel Taylor,52,189891.45,2023-07-07 16:34:43.095853
2085,Kathleen King,30,156745.7,2025-02-22 23:43:41.665241
2086,Christopher Green,43,198159.67,2024-12-07 19:49:19.447277
2087,David Dean,27,88796.46,2024-01-24 10:09:24.918396
2088,Antonio Douglas,49,43553.9,2025-05-18 03:28:36.512569
2089,Todd Haas,40,162043.76,2025-05-02 03:09:58.753417
2090,Jamie Sullivan,59,108291.6,2024-04-01 04:15:21.751040
2091,Patricia Cain,18,44518.95,2024-10-30 23:27:09.626825
2092,Daniel Francis,52,36055.92,2024-07-28 07:40:18.674320
2093,Sean Stewart,37,138651.62,2024-05-02 06:48:30.449088
2094,Jeremy Davidson,48,74598.23,2023-11-30 18:18:22.256095
2095,John Sweeney,51,184091.31,2025-08-08 07:15:40.836249
2096,Daniel Harris,66,53945.24,2024-03-02 06:30:10.155311
2097,Anthony Barnett,65,84542.08,2024-04-12 16:53:08.009539
2098,Mike Carter,66,73040.42,2024-07-18 16:34:17.618426
2099,Ryan Bishop,70,74165.97,2024-09-16 13:10:00.004223
2100,Stephanie Clark,41,121692.83,2024-05-05 22:36:55.776711
2101,Raymond Rowe,54,60949.69,2024-01-29 06:48:57.741925
2102,Robert Brooks,69,183581.58,2024-11-21 01:03:15.699119
2103,Matthew Booth,64,150049.8,2023-08-28 12:35:47.822344
2104,Dennis Mejia,55,114163.89,2025-04-28 03:26:17.924379
2105,Richard Solis,24,66938.65,2025-01-18 11:10:37.333735
2106,Robert Thomas,72,172880.84,2023-10-17 11:27:38.212733
2107,Eric Berger,40,74405.76,2025-11-22 22:21:45.316834
2108,Paul Lee,42,198263.02,2025-03-20 22:14:47.435034
2109,Hunter Nash,18,38747.46,2024-01-20 23:30:00.141088
2110,Matthew Rice,21,150461.52,2024-06-15 12:29:49.383305
2111,Mark Howard,33,157317.3,2024-12-07 10:35:22.742336
2112,Darius Morales,44,117033.88,2025-01-06 08:50:31.920045
2113,Bryan Jones,50,191276.98,2026-03-19 16:44:38.451391
2114,Jonathan Wells,35,92799.1,2025-02-21 00:00:33.889720
2115,Joshua Henderson,58,113827.92,2023-09-02 14:31:21.052823
2116,Tina Johnson,34,149441.11,2025-07-06 10:28:07.682743
2117,Jennifer Hinton,52,100302.45,2024-12-10 06:13:22.992060
2118,Brenda Ruiz,55,76142.36,2024-12-06 09:39:51.976182
2119,John Richards,20,46691.34,2026-02-27 14:51:00.525251
2120,Maria Wallace,71,171383.57,2023-10-04 01:49:41.016000
2121,Timothy Rice,20,192292.95,2023-06-30 11:51:12.354552
2122,Nathaniel Murphy,44,38113.71,2024-03-06 08:20:24.919260
2123,Monica Morales,62,157628.61,2024-01-17 10:47:03.884780
2124,Anne Gomez,35,190861.93,2023-07-16 02:07:10.328679
2125,Carolyn Smith,30,81629.59,2023-11-06 16:11:13.443539
2126,Stephanie Jones,45,43119.4,2024-04-17 14:45:29.688109
2127,Evan Peterson,21,112206.57,2025-04-30 02:04:07.850276
2128,David King,56,73219.44,2023-08-21 00:41:04.179356
2129,Nicholas Wagner,49,46662.13,2025-02-26 18:02:44.245337
2130,Brooke Marsh,45,131276.46,2025-08-12 17:51:13.189019
2131,Anna Brown,68,83850.71,2025-10-04 01:21:52.756404
2132,Dominique Olson,21,152298.74,2024-02-25 22:02:38.076709
2133,Theresa Estrada,44,81327.82,2024-10-17 02:27:34.612629
2134,Miranda Smith,59,164050.06,2023-09-20 11:08:58.759658
2135,Juan Young,29,38015.43,2023-08-01 23:32:30.059097
2136,Gregory Bell,74,112917.85,2023-11-11 02:40:57.719827
2137,David Wood,26,45094.67,2026-02-17 07:09:12.131835
2138,Catherine Stanley,59,195948.24,2024-03-03 14:08:09.407867
2139,Wanda Morrison,40,161489.93,2026-02-08 00:44:17.964348
2140,Anthony Johnson,27,73818.6,2024-12-10 19:05:53.685887
2141,Derek Watts,20,144854.34,2025-09-16 22:20:52.925774
2142,Rhonda Stevens,28,63102.7,2025-10-13 05:49:34.762567
2143,Alison Morris,22,70803.33,2024-08-09 08:15:39.021367
2144,Jenna Hicks,40,174475.63,2025-01-03 18:27:59.948325
2145,Tammy Patterson,36,70236.09,2024-08-07 19:44:57.182901
2146,Holly Hall,39,149608.26,2023-08-09 21:50:18.217738
2147,David Conner,54,117039.5,2025-08-18 05:38:25.726607
2148,Sharon Mills,64,132883.01,2023-08-13 13:17:51.269809
2149,Logan Robinson,44,109567.24,2023-09-23 18:31:26.593392
2150,Robert Shaw,47,129822.35,2026-02-02 14:35:33.403800
2151,David Wise,55,115783.61,2026-04-11 22:44:50.652778
2152,Gregory Wilson,69,189331.59,2024-07-28 23:26:23.861349
2153,Ruth Dennis,36,161603.96,2024-09-07 21:01:24.151940
2154,Stephanie Baker,29,171747.58,2025-11-28 08:29:01.977145
2155,Darrell Andrews,49,183296.04,2025-05-16 15:45:05.270383
2156,Anna Hernandez,65,126481.05,2026-05-08 16:04:42.906321
2157,Melody Miller,29,35155.32,2025-06-14 10:32:39.608294
2158,Sabrina Hall,58,113554.64,2026-06-03 11:15:25.050097
2159,Belinda Norman,42,35824.96,2024-03-20 07:35:21.360726
2160,Deborah Hudson,50,188971.57,2025-07-06 10:43:22.846702
2161,Shannon Howard,74,46616.54,2024-08-19 00:58:31.006301
2162,Zachary Randall,74,102139.47,2024-01-29 11:56:17.340620
2163,Tristan King,73,87904.66,2025-09-22 03:14:50.023511
2164,Brandon Garcia,52,166094.69,2025-08-30 03:59:12.027433
2165,Audrey Webb,55,137461.52,2025-11-27 14:03:30.334769
2166,Melissa Moyer,58,115263.62,2025-05-20 21:17:16.337678
2167,Brandon Ayala,44,55080.27,2026-03-01 11:59:54.510052
2168,Lee Williams,60,101922.27,2026-03-17 17:14:52.501366
2169,Roger Hensley,61,121841.72,2023-09-10 20:25:41.628888
2170,Scott Poole,35,158144.78,2025-11-08 15:05:40.359375
2171,Melissa Morgan,32,118064.98,2024-12-27 09:49:03.997779
2172,Jonathan Lewis,26,55306.92,2025-04-27 11:17:38.765212
2173,Kenneth Washington,31,180478.31,2025-10-09 11:04:14.259630
2174,Daniel Torres,53,139415.66,2024-04-04 05:22:58.866946
2175,Christopher Dickerson,74,35826.84,2023-09-26 20:53:05.981314
2176,Marilyn Simmons,35,172504.6,2025-12-11 07:18:05.025669
2177,Tracy Lyons,55,120123.68,2023-11-16 12:50:20.482641
2178,Nicole Johnson,32,146986.71,2025-07-03 03:11:12.150859
2179,Anthony Myers,31,88631.69,2024-07-12 01:37:36.254600
2180,Riley House,44,121079.73,2024-07-03 13:22:09.447390
2181,Connie Munoz,33,174252.54,2025-08-23 12:06:15.886027
2182,Kristen Moyer,42,43724.83,2024-09-03 08:37:11.680587
2183,Thomas Wise,38,177396.5,2023-08-11 17:41:46.406446
2184,Michele Weber,56,186216.69,2025-05-17 17:02:17.653951
2185,Michael Barnes,50,45451.66,2025-11-03 18:59:55.181224
2186,Melissa Harris,45,136255.38,2026-01-06 14:02:44.023404
2187,Holly Rose,43,178322.98,2023-11-15 18:06:55.088780
2188,Rhonda Castillo,69,66274.47,2025-05-23 12:26:56.093796
2189,Rebecca Gray,65,74859.68,2024-09-21 01:26:26.486889
2190,Amber Roberson,32,102573.33,2024-09-01 07:03:49.785186
2191,Michele Stewart,53,98303.37,2024-08-23 22:11:17.814874
2192,Michelle Garza,59,43870.58,2025-08-09 17:59:12.362689
2193,Karen Garcia,49,176874.37,2024-04-25 16:46:28.922295
2194,Karen Ross,29,89836.01,2024-11-22 03:07:34.278250
2195,Edward Williams,22,102052.97,2023-12-11 14:02:13.438614
2196,Michael Garcia,74,121516.7,2024-10-03 15:46:09.093538
2197,Melissa Webb,58,132909.04,2024-05-25 06:08:39.739872
2198,Lisa Wu,59,130246.77,2024-07-18 18:26:55.149583
2199,Stephen Lee,66,79697.93,2023-11-09 17:30:40.332900
2200,Bobby Buck,43,51743.73,2025-06-20 20:00:24.527971
2201,Douglas Werner,26,88895.29,2025-08-29 11:55:47.943575
2202,Richard Grant,71,179756.56,2024-12-26 19:50:31.501179
2203,Miss Frances Barnett,61,50593.63,2026-02-16 23:40:12.588812
2204,Mathew Solis,63,193561.58,2025-09-26 15:02:23.971395
2205,Patrick Vargas,68,86989.0,2025-02-26 11:37:39.924367
2206,Mrs. Ashley Williams,61,62140.32,2025-04-15 17:01:14.801472
2207,Dr. Kristin Dixon,74,87788.73,2024-03-07 18:43:28.766562
2208,Adam Patton,37,33720.92,2025-04-23 16:22:03.322057
2209,Melissa Martinez,42,142690.84,2025-03-07 02:40:53.890341
2210,Ashley Berg,19,176348.42,2025-10-26 13:58:00.612617
2211,George Rodriguez,64,178350.42,2025-09-27 07:49:56.162644
2212,William Anderson,51,40930.8,2025-04-19 20:30:19.831743
2213,Walter Petersen,30,173902.03,2024-02-11 00:56:32.527073
2214,Amy Lucas,60,194730.15,2025-08-08 13:30:41.795182
2215,Steve Miller,74,34545.99,2023-10-02 09:09:13.249829
2216,Robert Houston,50,187150.75,2026-04-26 02:43:19.806164
2217,Beverly Johnson,47,112613.95,2025-11-03 11:34:01.196951
2218,Kimberly Rodriguez,67,195051.65,2024-11-12 05:38:48.597083
2219,Darrell Barton,41,79017.3,2025-12-23 13:00:44.196804
2220,Ashley Henderson,70,194236.59,2024-08-02 19:32:30.138329
2221,Samantha Jackson,56,77618.72,2025-07-22 20:28:43.609612
2222,Patrick Glover,29,160058.01,2023-07-18 00:41:01.567490
2223,Alicia Harris,54,171935.96,2026-06-12 21:54:47.827328
2224,Samuel Martin,27,76701.29,2025-10-11 13:28:35.479058
2225,Vanessa Odonnell,40,32348.33,2026-05-30 00:39:35.705014
2226,Latoya Holt,40,40027.18,2025-12-31 01:48:12.091000
2227,Tiffany Mathis,45,115866.4,2023-07-24 09:29:39.619559
2228,Kara Camacho,36,198645.77,2024-03-07 07:30:27.781351
2229,Ralph Romero,73,95921.53,2025-10-20 08:45:23.012711
2230,Kyle Johnson,31,135693.67,2024-05-11 05:07:55.179969
2231,Steven Chen,29,192541.68,2024-12-17 09:32:41.273969
2232,William Bell,43,119052.37,2024-10-30 07:04:06.080237
2233,Anthony Larson,33,96747.98,2023-12-10 15:42:57.439783
2234,Amy Fuentes,31,141175.21,2024-04-18 01:25:07.431078
2235,Jessica Evans,41,131151.18,2025-09-19 18:51:25.171384
2236,Robert Brown,20,58363.26,2024-11-10 19:41:25.259540
2237,Shannon Davis,62,177671.24,2025-02-24 04:56:07.176429
2238,Rachel Delacruz,50,107176.26,2024-04-25 14:25:54.604827
2239,Rachel Woodard,71,182148.14,2023-10-04 10:23:59.884840
2240,Rachel Martinez,63,76707.3,2025-06-18 12:58:15.568109
2241,Brian Cooper,37,44624.32,2024-10-24 10:46:11.649264
2242,Mary Preston,63,177859.42,2023-12-04 21:00:40.626916
2243,John Hernandez,20,151120.02,2026-01-02 18:27:55.832223
2244,Katherine Zimmerman,63,54676.3,2026-02-22 08:16:32.566764
2245,Donna Duncan,22,174439.9,2023-12-02 11:16:23.313775
2246,Travis Stevens,53,144649.9,2025-07-17 15:56:11.629780
2247,Dwayne Galvan,48,63515.57,2023-07-21 10:35:36.500959
2248,Eduardo Collier,40,96012.46,2025-09-16 23:58:43.976660
2249,Jesse Fisher,73,31511.97,2024-07-24 18:45:10.596676
2250,Gregory Gibson,44,113494.16,2025-12-14 13:15:17.447059
2251,Gabrielle Stark,64,73069.67,2025-01-02 09:35:16.693503
2252,Mrs. Amy Holmes,47,54640.21,2025-09-14 19:15:47.581403
2253,Anthony Dean,62,167953.56,2024-11-09 17:32:42.158706
2254,David Russell,71,80653.19,2023-09-22 07:40:20.681263
2255,Brandon Hoffman,32,39592.41,2025-11-26 18:29:31.202232
2256,Brandi Saunders,70,131968.06,2023-09-01 22:33:48.409042
2257,Susan Dillon,24,137294.57,2025-09-14 21:47:53.278536
2258,Kathy Johnson,25,161264.59,2023-09-08 14:53:50.769635
2259,Sarah Stevens,37,45550.53,2025-06-21 10:42:27.811463
2260,Eric Hoffman,45,65973.65,2026-02-27 05:48:23.270740
2261,Michelle Andersen DDS,51,170013.01,2026-06-04 07:14:21.108060
2262,Monica Nunez,32,82443.65,2024-01-30 05:39:32.248981
2263,Jeffrey Alvarez,63,124997.53,2023-11-25 02:43:17.913646
2264,David Cunningham,75,143714.2,2025-10-04 21:32:39.793342
2265,Natalie Meyers,72,127513.0,2025-08-19 21:41:12.165285
2266,Jessica Brown,22,196662.51,2024-01-18 19:59:44.524179
2267,Leah Moon,56,121546.18,2025-11-07 22:08:17.556635
2268,Cassandra Freeman,75,112977.64,2025-03-08 04:09:31.163780
2269,Kerry Grant,18,44378.59,2023-06-26 11:43:10.617063
2270,Michael Rivas,19,160027.1,2023-11-24 00:19:56.610459
2271,Joseph Frederick,38,98800.05,2025-06-18 13:31:10.612840
2272,Kathleen Lambert,28,104344.6,2025-09-21 19:19:38.441804
2273,Michael Miller,46,35142.56,2024-02-20 04:07:54.311512
2274,Nicholas Collins,44,95836.18,2024-02-12 22:13:31.500254
2275,Alison Washington,49,100954.85,2024-09-21 07:36:02.734152
2276,Amber Ellis,41,34800.65,2024-06-04 20:45:12.922751
2277,Christine Gonzalez,65,157958.64,2026-03-31 18:09:14.174515
2278,Parker Jackson,25,192502.02,2024-12-04 15:40:54.588576
2279,Andrea Shepherd,67,194736.71,2025-12-18 20:46:01.805729
2280,Thomas Jones,53,46393.95,2025-06-15 12:21:02.146995
2281,John Martinez,72,77387.77,2024-07-03 06:57:33.879030
2282,Jill Kerr,19,174206.47,2025-06-20 06:35:29.301152
2283,Kelly Boyd,26,158754.37,2023-08-09 22:29:21.961586
2284,Brian Stewart,58,112730.26,2025-04-13 01:20:30.109774
2285,Steven Hernandez,67,84817.78,2024-03-04 10:18:21.604261
2286,Timothy Hughes,42,106086.69,2024-02-06 13:54:16.221017
2287,Kristina Brown,36,119337.5,2025-09-30 10:54:45.826403
2288,Nicholas Stewart,28,61164.47,2023-10-05 02:26:19.978779
2289,Susan Lowe,25,94557.73,2026-01-15 20:22:30.292538
2290,Amber Anderson,42,79131.06,2025-08-23 20:23:05.826889
2291,Breanna Gibson,33,192415.58,2025-07-10 12:23:06.403588
2292,Jeremy Schneider,24,129818.31,2026-05-21 03:58:44.321425
2293,Shawn Holloway,72,33635.83,2024-11-24 17:35:06.520427
2294,Daniel Dunlap,64,123639.42,2023-12-23 02:55:58.850509
2295,Monica Thomas,36,76971.05,2025-07-16 14:20:00.750618
2296,Jason Johnson,32,133460.57,2025-03-25 18:19:28.873671
2297,Nathaniel Johnson,61,67869.01,2023-09-28 21:36:49.162867
2298,Phyllis Berry,43,151570.76,2025-02-11 17:24:18.462080
2299,Sierra Figueroa,72,52947.9,2024-03-08 06:14:40.327340
2300,Jimmy Hayes,47,72272.44,2023-12-02 12:22:37.687033
2301,Lindsey Patton,32,34174.78,2026-02-19 17:53:11.029396
2302,Samantha Greene,60,101045.89,2024-01-21 08:19:59.870161
2303,Caitlin Summers,40,111128.14,2024-09-01 17:52:12.557780
2304,Jennifer Smith,45,82579.85,2026-04-21 16:12:41.257419
2305,Jillian Cantrell,47,155811.49,2025-12-01 04:05:33.504588
2306,Robert Dickson,38,75161.14,2023-07-26 15:48:36.019467
2307,Elizabeth Martin,32,153507.2,2025-07-19 03:49:18.273456
2308,Andres Robbins,75,185046.06,2023-12-03 11:08:06.033654
2309,Morgan Franklin,39,167877.79,2025-08-08 16:45:16.177207
2310,Terri Haynes,31,56523.75,2024-05-29 14:17:41.424685
2311,Dr. Joseph Melton,74,52752.38,2024-09-14 02:42:43.419616
2312,Dean Howard,39,101265.71,2025-10-28 03:37:58.925576
2313,Nicolas Hunter,57,87369.67,2026-01-13 21:44:23.871013
2314,David Bender,33,49703.24,2025-05-09 23:58:21.076029
2315,George Carney,55,46982.13,2023-12-18 12:19:26.622043
2316,Sheila Davis,50,179254.43,2025-09-13 19:01:22.994330
2317,Megan Frazier,30,99419.76,2025-04-29 22:23:39.031459
2318,James Scott,34,123612.1,2025-08-12 15:04:12.440694
2319,Danielle Fitzgerald,40,101037.62,2023-08-31 08:57:23.295594
2320,Kimberly Baxter,30,194145.73,2023-07-06 02:44:25.554647
2321,Jeffrey Brown,37,137138.45,2024-02-21 18:28:18.092852
2322,Kaitlin Norton,49,58214.64,2023-11-01 16:30:37.112601
2323,Nicholas Morton,73,131141.52,2023-09-03 07:48:19.024824
2324,John Smith,22,37320.04,2026-02-22 21:53:36.954962
2325,Michelle Kaiser,35,92045.85,2025-12-04 00:39:48.090450
2326,Sarah Price,58,111976.78,2024-10-11 04:02:43.987320
2327,Blake Byrd,35,36410.0,2023-12-20 10:46:17.103027
2328,Jennifer Peterson,20,102917.93,2026-02-14 20:01:12.653914
2329,Amber Gibbs,21,142047.69,2024-09-07 09:34:23.152438
2330,Justin Lloyd,19,161255.77,2026-02-22 10:07:36.875672
2331,Susan Peterson,69,198632.65,2026-03-08 12:54:26.646430
2332,Richard Garrett,25,62918.65,2024-11-07 21:34:43.039888
2333,Nichole Larsen,59,45193.87,2023-12-28 02:49:47.607698
2334,Lisa Mccoy,43,36924.14,2024-04-01 03:54:08.703549
2335,John Cohen MD,23,167042.08,2025-12-08 10:28:02.186640
2336,Stacey Brown,60,47991.33,2026-02-28 13:39:51.624821
2337,Jessica Espinoza,35,129185.7,2025-02-13 20:03:18.483300
2338,Caleb Martin,32,99765.54,2024-01-10 23:25:32.218559
2339,Robert Fox MD,32,182694.6,2025-06-03 11:28:44.001980
2340,Scott Owens,59,189540.05,2025-08-22 22:55:20.407718
2341,Patrick Nelson,63,76912.5,2024-12-10 04:50:43.181214
2342,Teresa Mendez,32,148178.28,2025-04-29 06:10:47.900400
2343,Luis Rivera,43,77849.61,2025-07-13 21:32:13.753492
2344,Jose Garcia,38,153984.94,2024-11-20 16:29:28.506920
2345,Sarah Williams,28,183687.37,2025-01-25 20:05:57.316999
2346,Kristina Booker,68,116374.79,2023-11-28 00:49:27.240306
2347,Douglas Kennedy,48,195848.72,2024-02-13 11:34:04.104533
2348,Wendy Rodriguez,63,116624.23,2025-12-10 11:16:40.447001
2349,Douglas Williams,64,130856.08,2024-02-05 19:13:02.240954
2350,Monica Lindsey,43,78784.88,2024-11-19 01:18:36.582227
2351,Chelsea Graham,66,90518.44,2023-11-12 02:49:15.276587
2352,Cesar Franklin,65,74000.06,2025-03-29 06:19:07.141148
2353,Peter Reyes,32,171088.16,2024-12-19 12:42:47.565436
2354,Rachel Lee,21,59819.14,2025-02-26 23:26:43.538590
2355,Kimberly Johnson,29,89159.9,2023-07-09 15:37:23.739898
2356,Juan Wells,45,103272.31,2026-03-13 03:01:09.324785
2357,Linda Harding,52,174379.57,2023-11-07 22:35:33.190472
2358,Mark Scott,44,61383.52,2024-03-23 12:04:55.825817
2359,Derrick Brown,58,127371.13,2026-03-17 06:55:54.777872
2360,Craig Perez,74,141953.95,2025-12-07 20:12:41.779373
2361,Judith Cummings,43,64265.15,2026-03-12 14:15:43.541744
2362,Julie Jones,20,85094.74,2026-04-01 09:55:28.287323
2363,Nancy Atkinson,54,60095.81,2024-05-06 19:34:39.684336
2364,Cassandra Smith,70,124898.49,2026-06-13 06:50:13.742386
2365,Brandon Livingston,24,184142.65,2024-07-14 22:59:26.712521
2366,Hayden Charles,41,62150.19,2024-07-24 05:17:49.023401
2367,Justin Jones,27,124503.53,2023-10-10 04:25:42.760002
2368,Stephanie Cook,73,181379.65,2026-01-23 19:55:57.078979
2369,Charles Cole,53,58219.78,2026-03-14 16:13:55.501615
2370,Dominic Rice,59,103024.89,2024-11-10 16:37:36.061128
2371,Crystal Watson,43,49520.74,2024-02-25 15:37:57.623186
2372,Amy Hampton,70,133492.05,2023-11-09 03:19:19.708340
2373,Dennis Bowen,57,55379.16,2025-07-23 18:17:57.993026
2374,Valerie Adams,31,134763.37,2025-04-24 08:52:13.710785
2375,Anthony Perez,19,195883.54,2026-05-13 22:01:35.107001
2376,Michael Chavez,59,130346.41,2024-02-07 00:08:26.932074
2377,Allison Wright,59,126823.97,2025-03-02 00:40:43.011464
2378,Daniel Mcpherson,46,69754.93,2026-02-14 14:17:48.655141
2379,Christopher Anderson,63,34807.35,2025-02-20 16:54:06.612584
2380,Jessica Hartman,68,130738.17,2026-05-28 11:42:09.910038
2381,Cassandra Ford,65,96427.65,2023-09-30 15:53:10.377800
2382,Lisa Charles,19,59034.8,2025-12-21 01:54:30.338804
2383,Adam Smith,38,45356.61,2026-05-30 08:29:55.764321
2384,Katelyn Morton,70,180640.36,2026-05-12 07:00:27.218811
2385,Kayla Perkins,64,144144.04,2025-07-01 10:21:27.319862
2386,Tracy Morales,28,175374.15,2024-08-22 12:49:08.819446
2387,Daniel Pearson,31,78437.97,2025-03-10 18:06:22.970112
2388,Donna Parker,74,162453.02,2024-07-22 07:49:09.995421
2389,Shannon Freeman,55,94603.86,2023-12-26 09:33:51.573773
2390,Melissa Yates,63,87204.05,2025-07-31 05:29:00.752668
2391,Jennifer Ford,43,191707.68,2024-11-17 08:55:45.830547
2392,Lauren Bryant,46,108555.43,2024-11-03 18:13:02.159055
2393,Cynthia Cross,45,194743.47,2025-02-12 09:12:46.068548
2394,Ryan Anthony,32,143485.15,2025-08-01 20:10:10.162004
2395,Amy Dunn,59,32655.35,2024-04-07 18:50:27.658101
2396,Jennifer Fernandez,49,194761.88,2025-02-26 05:13:52.144344
2397,Gregory Kelley,68,130436.8,2025-05-27 11:50:06.961169
2398,Jamie Little,44,65598.71,2026-02-07 04:31:21.624386
2399,James Wood,33,196484.39,2025-02-12 14:03:04.539274
2400,Leslie Luna,34,123585.61,2023-09-06 04:52:32.748677
2401,Anthony Johnson,58,101173.9,2026-02-06 22:07:25.200312
2402,Kimberly Lynch,21,57945.28,2025-01-22 01:11:00.320288
2403,Sharon Sullivan,62,169452.11,2026-05-22 16:58:08.787442
2404,John Wood,22,86443.43,2025-07-31 00:39:57.989176
2405,Carol Hicks,46,154144.95,2024-12-09 23:38:04.077615
2406,Gene Harrison,48,177107.29,2023-12-07 23:17:19.832812
2407,Robert Larson,36,172319.97,2024-01-17 20:59:12.086326
2408,Timothy Russell,43,65371.28,2023-12-31 12:10:49.479157
2409,Donna Skinner,51,159976.44,2025-01-02 00:21:29.491460
2410,Rachel Valencia,46,90181.99,2023-08-23 04:45:18.508281
2411,John Ruiz,42,87054.82,2023-08-12 21:05:00.110591
2412,Robert Roman,36,196132.4,2024-11-23 23:14:15.675719
2413,Cheryl Robinson,24,59520.12,2024-02-10 05:20:37.281569
2414,Fernando Vance,44,58243.36,2023-12-14 14:50:54.212194
2415,David Hardy MD,59,156551.97,2025-08-25 10:58:13.779781
2416,Rachel Reed,22,195301.96,2023-08-29 11:33:50.767452
2417,Tammy Norris,56,83512.59,2023-07-17 11:23:14.583228
2418,Margaret Lopez,60,93382.45,2024-08-13 13:58:08.480168
2419,Donald Olsen,32,183983.51,2024-10-22 17:07:14.114984
2420,Nicholas Miller,33,154484.29,2023-09-02 02:34:30.212473
2421,Amanda Savage,20,165867.69,2026-02-25 06:47:44.861050
2422,April Foster,68,171889.1,2024-10-24 16:11:00.950066
2423,Bradley Klein,61,185216.71,2025-10-08 04:10:58.552485
2424,David Gomez,54,89741.87,2025-05-19 15:35:27.446725
2425,Kathryn Ford,52,71845.07,2024-09-13 23:36:30.707484
2426,Eric Stokes,33,93321.04,2026-03-26 23:33:30.733599
2427,Thomas Mendez,33,123114.72,2025-06-13 19:09:08.842463
2428,Andrew Lee,39,170345.25,2025-10-28 18:47:45.979344
2429,Shane Knox,43,140773.59,2025-02-10 03:31:16.441772
2430,Jordan Jones,32,165313.06,2026-02-28 05:25:34.550453
2431,Jerome Rodriguez,41,132009.85,2025-04-26 11:32:20.614488
2432,John Parker,41,51258.21,2026-04-25 10:43:05.939049
2433,Darin Gross,60,30786.74,2023-12-15 08:27:32.108376
2434,John Walter,54,96631.47,2025-01-09 19:44:56.046044
2435,Shirley Robbins,58,184530.03,2025-02-15 02:09:26.417439
2436,Caitlin Brock,46,81604.51,2024-02-03 15:58:19.429352
2437,Gregory Davidson,47,59113.75,2026-02-14 12:23:38.330757
2438,Shawn Perkins,67,111960.65,2025-09-02 16:33:53.543194
2439,Raymond Manning,27,146347.62,2023-08-13 16:12:14.146130
2440,Mandy Johnson,19,124595.04,2026-03-25 06:45:33.578705
2441,Brandon Fisher,26,88747.87,2024-01-31 11:50:29.979636
2442,Margaret Anderson,48,124548.77,2023-11-21 15:31:34.658216
2443,Traci Joyce,59,77518.29,2024-11-16 10:29:05.198191
2444,Donna Stevenson,53,44169.21,2025-01-03 20:37:10.139287
2445,Brandi Williams,73,171088.36,2025-07-17 03:39:17.362874
2446,John Brown,68,115074.47,2023-09-17 01:53:18.339531
2447,Tyler Sparks,34,103708.75,2025-11-04 10:59:26.646749
2448,Thomas Morton,30,84951.82,2025-10-17 18:35:30.462859
2449,Robert Collins,64,51846.63,2023-12-31 18:37:30.026611
2450,Alexis Watson,67,190318.54,2025-08-24 07:15:18.085538
2451,Joseph Barnes,71,131897.8,2026-01-12 19:58:41.046982
2452,Spencer Morales,42,143750.95,2025-12-05 19:59:02.148167
2453,Julie Reyes,26,75884.22,2024-11-02 13:38:50.887765
2454,Dalton Moyer,49,171093.6,2024-05-10 17:18:02.064991
2455,James Thompson,68,90370.8,2023-06-15 02:41:52.273291
2456,Nichole Olson,66,79956.83,2026-02-27 07:20:13.107849
2457,Daniel Farley,56,164629.19,2025-01-14 14:08:55.493078
2458,Jeffrey Bell,50,103047.52,2024-01-14 03:37:40.914619
2459,Eduardo Griffin,20,154080.31,2025-01-12 12:04:43.569821
2460,Mallory Williams,30,154909.83,2023-11-27 11:27:37.056365
2461,Caroline Wolfe,39,33227.1,2023-11-12 07:17:11.064317
2462,Penny Chambers,44,71008.89,2025-01-19 05:28:00.608760
2463,Billy Brewer,25,50484.42,2025-08-27 08:27:43.658695
2464,Michelle Salas,68,72480.44,2023-11-30 10:58:09.807053
2465,Joseph Knight,67,84258.98,2026-05-28 11:45:50.684584
2466,Susan Harrison,54,165623.57,2024-10-31 09:00:44.266674
2467,Mary Gibson,38,106384.43,2023-06-21 04:31:38.200000
2468,Kelly Wallace,53,35904.74,2025-06-13 15:59:48.942276
2469,Sarah Lynch,21,84305.84,2024-02-16 00:12:30.860446
2470,Jason Wood,50,121295.95,2026-04-27 04:59:59.881229
2471,Joseph Kelly,61,170825.93,2025-05-10 00:34:27.042135
2472,Rebecca Vega,66,49114.12,2025-09-24 10:04:12.820604
2473,Gabrielle Adams,68,175040.53,2024-10-29 00:24:41.549102
2474,Jeffrey Simmons,67,100569.04,2024-09-13 14:42:37.978796
2475,Carla Johnson,38,58711.69,2024-01-01 16:49:28.691753
2476,Brian Stewart,73,122206.92,2025-03-31 06:17:01.882512
2477,Daniel Reed,35,187524.0,2024-04-20 16:42:08.416987
2478,Nicholas Cochran,46,98848.06,2025-11-12 06:38:17.567835
2479,Robert Buckley,69,90760.22,2024-02-29 07:57:01.412199
2480,Lisa Mccall,51,187114.56,2024-01-29 15:29:59.100822
2481,Shannon Williams,28,95287.33,2023-12-26 06:55:01.670449
2482,Allen Cruz,61,89717.68,2023-12-20 04:33:20.242027
2483,Lisa King,23,130641.22,2025-03-27 03:00:10.437020
2484,Lauren Olsen,26,45668.94,2025-01-19 01:48:09.904329
2485,Dylan Clark,71,84131.29,2025-10-30 19:49:37.644388
2486,Barbara Williams,67,63779.03,2023-12-20 00:17:52.219712
2487,Jodi Hunter,48,71864.35,2024-02-06 16:19:19.304619
2488,Elizabeth Bradley,38,198601.76,2026-03-24 19:46:52.577701
2489,Scott Estrada,52,65234.92,2023-12-04 11:49:44.318641
2490,Jasmine Webster,75,117775.74,2026-01-30 00:13:01.315582
2491,Laura Stewart,62,134750.39,2025-09-05 13:27:14.612226
2492,Carrie Alvarez,48,113353.7,2025-03-16 00:09:48.887879
2493,Beth Fisher,73,121738.74,2026-03-10 02:46:06.046585
2494,Larry Williams,32,184327.84,2026-04-13 17:08:55.874784
2495,Megan Lutz,33,75492.33,2025-01-29 21:24:41.369757
2496,Monica Ballard,41,53714.48,2024-02-27 10:09:16.559289
2497,Richard Kim,29,37196.1,2025-12-08 20:16:50.562747
2498,Anna Stanley,19,135645.56,2023-07-05 21:00:42.209468
2499,Joseph Hernandez,36,82557.83,2024-05-31 02:34:07.812656
2500,Nathan Ortiz,62,77141.75,2025-03-13 23:16:13.163553
2501,Daniel Shepherd,74,120956.04,2025-08-15 16:36:18.812031
2502,Patricia Peterson,18,85656.09,2024-08-17 16:14:44.998401
2503,Erica Bridges,50,101732.92,2025-04-24 23:20:36.830810
2504,Lindsey Parks,26,199284.24,2025-09-21 22:22:36.421840
2505,Thomas Hammond,50,37466.15,2025-05-05 18:47:56.163807
2506,Allison Finley,57,121313.14,2024-09-02 21:13:00.470399
2507,William Houston,34,69961.36,2025-08-09 14:39:03.359451
2508,Alice Taylor,59,94227.02,2023-10-21 20:13:04.425771
2509,Matthew Pineda,72,134007.56,2023-06-28 08:54:26.365507
2510,David Berry,38,63301.16,2025-03-18 16:31:07.675094
2511,Virginia Patterson,69,116361.62,2024-10-29 08:16:36.322806
2512,Brianna Watson,23,141086.76,2023-10-08 18:47:24.915215
2513,Jennifer French,33,70724.03,2023-08-31 01:05:00.434985
2514,Anthony Mann,55,89927.85,2023-08-18 19:59:04.951975
2515,Kristin Baker,69,160526.33,2024-03-03 19:26:46.555278
2516,Krista Howard,36,83239.28,2023-12-13 06:33:32.511057
2517,Aaron Wood,20,169287.21,2024-03-16 11:13:58.664853
2518,Rachael Davis,47,69722.31,2024-05-28 13:35:23.015314
2519,Sheryl Medina,42,78450.88,2026-04-23 16:03:58.325362
2520,Jonathan Johnson,58,100315.15,2024-04-11 10:03:48.555843
2521,Mike Alexander,58,81977.57,2025-05-27 10:53:37.895295
2522,Cameron Lewis,22,139619.49,2025-04-16 04:48:26.752348
2523,Stacy James,46,171999.2,2025-04-04 05:39:53.854222
2524,Lorraine Thompson,31,87941.47,2025-11-15 01:15:56.699665
2525,Courtney Smith,62,180130.61,2024-07-29 16:41:19.147990
2526,David Davis,53,170165.9,2024-06-09 02:47:40.095293
2527,John Huang,26,137011.19,2025-12-18 06:32:36.764154
2528,Sarah Butler,58,66283.26,2023-12-01 05:33:05.255900
2529,Lori Cortez,54,36390.85,2025-01-04 15:45:40.449978
2530,Stacy Jackson,56,198450.46,2024-08-29 21:54:33.867719
2531,Michael Howard,37,55613.28,2024-08-22 23:11:03.422964
2532,Diana Ramirez,52,88883.92,2024-07-15 02:40:14.192579
2533,Angela Hill,21,165122.64,2024-05-16 08:05:44.018927
2534,Cory Young,34,30016.91,2024-06-06 23:41:00.752251
2535,Mrs. Stephanie Erickson MD,47,162684.02,2024-04-25 17:48:54.902416
2536,Paul Sherman,30,64702.43,2024-01-17 19:51:40.507332
2537,Ashley Underwood,36,106397.91,2024-10-27 15:19:44.680240
2538,Christopher Dixon,57,30897.05,2026-03-30 05:43:41.184978
2539,Amber Schneider,72,190408.84,2026-05-01 09:02:51.938448
2540,Madison Burns,18,68760.26,2023-10-15 08:16:53.528831
2541,Kyle Rice,37,94195.35,2024-05-16 05:33:59.892695
2542,Daisy Wheeler,61,136916.02,2023-08-29 07:40:14.894070
2543,Peter Gross,40,66964.65,2024-06-14 01:25:32.074775
2544,Sarah Cole,65,85339.96,2023-11-07 06:04:11.814353
2545,Angela Smith,68,73235.21,2024-12-04 13:49:17.556937
2546,Michelle Wilson,19,31279.91,2025-11-01 20:39:00.043566
2547,Rebecca Irwin,26,111350.15,2025-02-10 06:31:30.702397
2548,Mariah Cervantes,23,184994.04,2023-10-09 07:58:28.022979
2549,Heidi Savage,31,99301.21,2024-05-14 03:22:02.149304
2550,Melissa White,43,35216.64,2023-11-15 04:04:02.477210
2551,Angela Flynn,36,53310.99,2025-07-28 12:03:44.396903
2552,Brenda Nichols,74,39567.85,2025-02-13 15:27:26.070697
2553,James Perkins,45,48680.69,2026-02-28 09:18:28.185897
2554,Wanda Sanchez,54,184774.31,2023-07-16 03:13:26.568074
2555,Phillip Brown,20,70456.36,2025-03-30 07:54:05.207137
2556,Andrew Peters,24,113718.9,2024-01-24 11:12:49.338249
2557,Theodore Gross,20,76130.41,2024-04-30 09:22:18.576261
2558,Anita Mccarthy,66,71823.07,2025-04-03 06:05:55.973318
2559,Rhonda Luna MD,25,116571.74,2024-06-11 21:04:38.375152
2560,Allen Todd,45,117608.92,2023-08-20 15:27:11.022472
2561,Luis Brown,47,35633.49,2025-10-03 13:54:48.897013
2562,Cody Bradley,37,119949.01,2023-06-30 05:55:30.528885
2563,Jessica Rodriguez,22,120189.06,2025-07-03 23:32:04.109294
2564,Brandon Johnson,70,82001.29,2025-03-05 14:32:07.175897
2565,Edward Long,51,63405.48,2023-08-17 21:59:39.248794
2566,Paula Guerra,54,127941.22,2023-12-03 08:38:48.027720
2567,Russell Mendoza,41,100083.69,2024-08-30 11:48:12.064472
2568,Elizabeth Hernandez,60,104835.13,2024-01-27 23:22:34.602782
2569,Bryce Wright,69,128052.56,2025-09-12 03:31:21.132381
2570,Kimberly Harris,39,112826.42,2025-01-04 03:37:52.852632
2571,Lori Irwin,22,105098.78,2024-08-24 19:54:56.739938
2572,Natalie Harper,47,174120.82,2025-12-24 09:49:43.936968
2573,Miss Katherine Townsend,55,30278.21,2026-01-09 13:22:43.394828
2574,Leslie Strong,45,91741.17,2025-10-04 12:47:32.861218
2575,Miss Heather James,31,167816.09,2024-05-18 09:25:19.534929
2576,Mark Davis,19,75789.16,2023-12-19 16:24:22.169496
2577,Elizabeth Porter,18,114404.29,2023-07-07 00:05:36.555385
2578,Jaclyn Williams,32,32577.93,2024-08-30 14:03:08.869739
2579,Eric Green,55,166007.2,2024-12-26 21:04:49.288562
2580,Barbara Smith,45,121380.11,2024-12-03 20:59:15.521702
2581,Angela Anderson,38,39252.04,2023-11-15 08:42:44.264474
2582,Jamie Smith,43,179462.26,2026-01-17 02:43:17.852617
2583,Katelyn Patrick,47,86092.99,2024-10-20 05:41:04.751742
2584,Michael Cantu,44,72345.23,2025-05-25 10:04:58.230960
2585,Mark Jones,37,109980.54,2025-06-17 02:11:36.528454
2586,Mark Jones,47,137610.29,2025-05-29 17:20:30.669011
2587,Alicia Pearson,31,140974.12,2026-04-26 17:05:48.220551
2588,Joshua Hicks,28,62174.57,2024-11-12 02:15:03.201075
2589,Joshua Oliver,41,40451.63,2025-05-09 11:04:43.374496
2590,Janet Garcia,22,52329.81,2024-07-24 09:35:00.567885
2591,Eugene Murphy,27,57245.86,2024-02-07 06:00:13.812570
2592,Tracy Walls,26,154631.36,2024-06-01 04:48:39.219774
2593,Cody Cooper,75,116053.02,2023-12-14 09:21:33.912043
2594,John Robinson,44,162152.84,2025-09-10 05:12:51.195513
2595,Breanna Olson,39,144293.47,2026-05-07 20:54:28.062867
2596,Darrell Hancock,55,85550.33,2025-09-12 23:46:05.087677
2597,Cynthia Murphy,69,146273.77,2025-06-04 03:34:05.819911
2598,Christopher Rivera,74,83480.25,2024-07-10 17:34:42.399074
2599,Allison Ward,53,96550.45,2024-05-21 01:12:05.050514
2600,Dustin Castro,19,113773.46,2023-08-18 22:16:15.928431
2601,Brad Zimmerman,31,185204.4,2025-03-14 10:36:24.685946
2602,Deanna Jenkins,72,98537.16,2025-11-05 15:27:57.372391
2603,Sharon Thompson,54,90353.43,2026-02-21 10:45:13.302661
2604,Megan Smith,67,167574.16,2025-11-02 05:54:48.480636
2605,Alexander Ball,48,41808.65,2024-09-08 17:04:43.139252
2606,Angela Raymond,44,191633.13,2024-05-19 23:10:03.635864
2607,Maria Davis,33,170674.52,2025-02-03 10:28:06.554601
2608,Stephanie Vaughn,37,144162.38,2024-07-18 17:17:54.420774
2609,Nathan Dillon,65,103524.71,2025-08-07 02:13:02.804171
2610,Kenneth Randall,34,159712.5,2024-02-16 17:57:36.100502
2611,David Morris,38,36369.76,2024-10-19 15:48:03.743890
2612,Shannon Pearson,37,43384.8,2024-02-20 03:46:33.165756
2613,Amy Sherman,75,116254.01,2024-07-07 22:00:40.967229
2614,Leah Carter,26,132656.43,2025-04-20 05:50:49.714909
2615,Alyssa Reid,49,102204.88,2025-07-18 13:53:49.151120
2616,Jonathan Harrison,59,82900.56,2023-12-22 02:01:56.741068
2617,Joseph Mitchell,51,53591.54,2024-07-21 02:24:31.723184
2618,Jack Hoover,51,146976.79,2024-02-15 16:22:24.747801
2619,Theresa Chavez,46,51989.36,2024-03-03 11:59:04.619367
2620,Anne Sanchez MD,30,62019.78,2024-04-14 16:04:25.967862
2621,Joseph Wheeler,72,59559.21,2025-06-10 15:05:48.666301
2622,Tim Torres,52,139750.57,2023-10-30 08:26:49.455980
2623,Matthew Dixon,28,134767.6,2025-03-15 06:41:26.272960
2624,Justin Thomas,73,69582.88,2025-06-29 01:53:03.493098
2625,Donna Jenkins,70,87639.46,2026-02-25 17:46:51.330645
2626,Leslie Ferguson,32,70654.57,2025-07-31 12:54:13.553946
2627,Cindy Landry,21,131741.65,2024-01-30 16:55:08.563597
2628,Martin Dominguez,54,57214.35,2025-05-10 13:30:10.682400
2629,Diane Martinez,56,165119.86,2024-11-19 04:51:25.650384
2630,Dave Mendoza,55,50909.79,2024-01-20 21:51:50.962550
2631,Pamela Moore,58,95240.74,2024-07-08 22:10:09.142117
2632,Joseph Cross,29,87184.74,2025-10-12 16:21:56.761458
2633,Mr. Daniel Davis,18,95813.11,2023-12-08 16:07:56.936792
2634,Ryan Oconnell,57,76498.55,2024-11-06 02:45:05.926406
2635,Kristin Wu,47,89785.59,2024-02-10 01:57:03.926910
2636,Cindy Morgan,74,133293.03,2025-09-29 06:23:31.360475
2637,Dawn Acevedo,65,49055.15,2024-07-18 14:41:10.928128
2638,Katie Joseph,30,151975.42,2024-02-27 04:57:44.008997
2639,Jeremy Miller,22,101430.56,2024-12-31 17:15:53.895387
2640,April Davis,62,178580.37,2024-08-05 18:22:21.685285
2641,Tiffany Myers,20,50771.66,2023-10-06 16:09:42.468237
2642,Paul Gordon,71,147692.44,2024-11-19 12:27:17.072087
2643,Christine Steele,22,194477.31,2024-09-25 21:14:59.468230
2644,Jeremy Smith,57,119473.46,2023-08-25 11:31:25.296561
2645,Sheila Boyer,57,105105.27,2025-07-16 17:52:48.260592
2646,Juan Mitchell,24,84851.78,2024-05-23 17:05:31.521338
2647,James Olson,42,138491.2,2025-04-16 11:27:54.372223
2648,Eugene Montgomery,32,183706.73,2026-01-07 11:25:13.290670
2649,Jonathan Wheeler,20,120773.53,2025-05-28 12:19:45.363339
2650,Christine Levy,74,131647.23,2026-02-10 09:26:47.603990
2651,Heather Everett,30,168417.06,2025-11-27 18:23:55.491055
2652,Christopher Hicks,50,198974.64,2025-06-10 18:05:27.946845
2653,Dr. Stacy Diaz MD,60,89393.52,2025-10-04 12:06:28.596610
2654,Alyssa Evans,37,90744.21,2025-06-10 09:51:27.648949
2655,Donald Kemp,30,125462.36,2025-10-30 12:29:51.018137
2656,Marcus Stewart,33,65849.56,2023-11-24 01:33:12.187514
2657,Charles Malone,35,138202.67,2024-02-10 09:41:04.184088
2658,Zachary Reeves,37,75441.38,2025-04-23 07:12:51.979976
2659,Gary Turner,51,118382.98,2024-10-06 14:18:08.258602
2660,Donna Little,43,190468.89,2025-01-23 10:32:01.261907
2661,Emily Thompson,43,66612.99,2023-10-27 22:38:44.774137
2662,Shannon Nelson,28,58939.19,2024-09-13 04:38:11.847388
2663,Bonnie Barr,34,30941.11,2024-11-23 21:50:06.467652
2664,Bailey York,58,172982.65,2024-05-25 20:28:39.653292
2665,Elizabeth Reynolds,68,132705.95,2025-03-20 02:15:58.587845
2666,Jessica Donovan,38,79942.37,2024-08-05 15:52:32.099586
2667,Adrian Anderson,55,84208.15,2024-08-08 07:46:51.927272
2668,Jessica Michael,37,99234.91,2024-12-26 21:31:19.819756
2669,Kristen Lynch,72,170088.57,2025-09-17 07:04:20.695391
2670,Derek Reilly,35,56831.32,2024-08-23 05:12:41.648674
2671,Joseph Yang,30,92390.35,2026-02-23 04:33:50.718127
2672,Justin Dean,47,87483.69,2024-03-18 17:04:02.705134
2673,Bonnie Mccormick,65,80016.14,2023-10-06 11:42:40.123234
2674,Kelly Harrison,48,95943.05,2023-12-01 18:01:56.302982
2675,Angela Garza,25,89044.4,2024-05-22 04:54:02.839458
2676,Rachel Hamilton,67,181867.44,2026-01-10 05:28:51.744787
2677,Richard Ruiz,53,174140.5,2023-08-03 10:23:28.923021
2678,Sonya Brown,70,75137.18,2024-07-22 17:15:32.947769
2679,Lori Wilson,28,133299.88,2024-06-21 03:25:19.263734
2680,Joseph Thompson,48,197710.03,2026-01-02 02:20:49.074285
2681,Rebecca Durham,53,102215.92,2024-10-10 11:17:34.444090
2682,Roberto Knapp V,60,56567.37,2023-12-22 06:49:59.631877
2683,Jennifer Hood,64,93700.66,2024-12-12 09:54:59.125356
2684,Julie Crawford,36,55630.53,2025-10-22 18:40:17.694575
2685,David Morgan,33,118732.77,2025-08-24 15:02:07.213554
2686,Scott Harris,62,167291.52,2025-06-21 21:34:55.928811
2687,Monique James,43,68238.16,2025-05-28 10:49:31.058800
2688,Derrick Martinez,31,152220.99,2024-12-18 14:54:23.448803
2689,Stacy Carey,36,112840.15,2024-08-28 18:06:31.494312
2690,Sherry Macdonald,53,144424.6,2025-05-14 21:04:32.767559
2691,Samuel Stevens,70,85705.33,2024-11-14 11:30:48.366884
2692,Debbie Hooper,24,183460.67,2026-03-29 21:41:11.100320
2693,Sharon Sandoval,74,146468.16,2024-03-05 01:59:12.274414
2694,Nancy Watson,65,174977.58,2025-07-18 14:11:17.723498
2695,Laura Stephens,73,122321.9,2026-03-07 19:52:11.901957
2696,Matthew Carroll,30,95007.57,2024-04-23 18:22:43.566866
2697,Rachel Wall,56,184774.34,2025-07-10 05:45:05.292011
2698,Rachel Khan,50,105699.7,2025-12-28 12:21:38.479564
2699,Tracey Gutierrez,42,53937.33,2024-10-24 09:00:47.662369
2700,John Wells,70,59626.88,2025-11-05 21:15:43.348152
2701,Joshua Dixon,63,167226.72,2023-12-15 19:58:56.016884
2702,Kimberly Smith,22,118348.23,2024-12-28 08:12:17.788411
2703,Stacy Williams,44,99842.1,2024-07-29 17:27:09.297741
2704,Margaret Camacho,52,77326.58,2026-05-07 22:04:18.417080
2705,Sylvia Boone,58,51753.21,2026-05-28 12:52:15.613190
2706,Tracy Reyes,20,106093.6,2024-02-19 04:41:17.143898
2707,Francisco Jackson,33,129418.48,2024-06-27 15:01:29.238209
2708,Annette Ortiz,52,43748.47,2023-06-24 03:38:24.029483
2709,Rodney Baker,62,114089.48,2026-04-13 19:52:33.280360
2710,Ashley Brown,60,147317.82,2026-04-17 10:14:03.119348
2711,Alicia Lawson,69,186761.26,2024-03-19 15:00:08.781320
2712,Dr. Tracey Bullock,54,128560.52,2023-08-27 17:58:47.864176
2713,Charles Romero,22,168768.26,2025-09-02 21:06:49.834409
2714,Michael Macdonald,21,51379.46,2024-12-08 22:01:35.653802
2715,Nathan Watson,30,182325.3,2024-11-06 07:45:52.999058
2716,Scott Espinoza,33,163522.49,2025-06-19 17:29:08.438971
2717,Alan Hutchinson,35,83558.39,2024-06-07 14:22:05.083380
2718,Terri Beck,38,108578.77,2024-02-06 06:08:43.211336
2719,Erin Wade,25,70843.75,2024-03-17 10:52:15.287370
2720,Alexander Myers MD,36,193645.9,2025-03-17 04:42:24.766463
2721,Deborah Anderson,23,95135.96,2025-12-27 20:08:08.916127
2722,Jennifer Benson,46,69858.26,2024-08-11 22:34:44.910301
2723,Cindy Mendoza,52,159696.26,2024-07-30 20:05:06.274271
2724,Ashley Blackwell,24,172092.49,2024-02-21 04:00:52.854930
2725,Andrea Larsen,41,197808.33,2026-01-02 22:21:11.577574
2726,Joseph Rodriguez,58,146324.55,2023-12-04 14:26:29.480165
2727,John Berger,31,147161.51,2023-10-31 09:22:10.614294
2728,Barbara Robles,49,44439.21,2026-05-19 02:32:06.769964
2729,Mackenzie Mcconnell,46,113038.28,2025-07-06 09:44:23.165435
2730,Rebecca Nguyen,38,104214.02,2023-07-01 22:11:38.479379
2731,Wendy Mayo,56,115351.46,2023-09-24 08:46:49.126110
2732,Robert Humphrey,30,151252.35,2023-09-22 07:12:26.815710
2733,Jillian Jacobson,20,83694.76,2025-06-05 11:49:47.502601
2734,Dakota Shaw,47,129729.5,2026-04-04 23:56:31.183334
2735,Jordan Johnson,65,50724.38,2024-05-07 15:55:29.553957
2736,Gregory Gonzales,21,154553.99,2024-08-09 10:06:49.828986
2737,Taylor Sherman,18,161187.71,2024-12-14 23:35:09.072054
2738,Juan Pruitt,29,127508.64,2025-12-27 01:22:39.211422
2739,Rebecca Melendez,30,42761.85,2026-02-26 08:39:57.129839
2740,Marie Castro,20,33642.59,2026-05-05 13:09:10.970938
2741,Carly Smith,69,110040.28,2024-11-10 21:39:16.320750
2742,Amy Ali,27,121755.36,2025-08-27 15:48:12.810596
2743,Terry Horton,72,35400.13,2025-08-20 17:58:47.934583
2744,Matthew Jacobs,63,53104.35,2026-03-20 04:31:18.202927
2745,Beth Fisher,34,147078.02,2024-07-12 15:10:15.774521
2746,Colton Adams,67,61340.27,2026-02-07 09:14:26.598471
2747,Craig Powell,38,55633.67,2024-07-27 13:10:49.945325
2748,Theresa Miles,46,68021.76,2026-05-01 18:51:49.434417
2749,Jennifer Gibson,60,40415.0,2024-12-04 00:02:04.577701
2750,Shannon Kim,24,116426.75,2024-11-13 06:14:58.923802
2751,Miss Megan Lopez DVM,49,192274.84,2025-09-24 12:41:58.700305
2752,Linda White,44,84503.02,2024-12-30 06:34:12.888263
2753,Jacob Allen,63,59674.41,2025-12-03 18:12:59.425865
2754,Ryan Clark,21,188672.39,2025-10-14 23:21:46.517742
2755,Anthony Patton,31,199905.92,2023-09-09 09:00:58.545813
2756,Steven Cooper,20,93227.88,2025-08-26 06:59:41.359251
2757,Kelly Rios,58,153798.84,2024-07-11 19:24:53.891136
2758,John Yang,60,78775.27,2025-07-11 22:28:48.514424
2759,Mr. Mark Sanford Jr.,43,139051.12,2026-01-08 00:58:53.303911
2760,Michael Clark,40,168558.12,2024-07-28 02:32:03.893866
2761,Janet Turner,68,103180.41,2024-12-06 15:02:49.061336
2762,Bradley Reynolds,73,135240.85,2024-07-27 14:26:37.560047
2763,Allison Oconnor,43,193587.77,2023-09-08 07:04:23.265705
2764,Brooke Collins,56,159942.7,2023-09-07 08:25:32.579975
2765,Derrick Ponce,19,147323.13,2023-10-06 11:11:53.680991
2766,Jessica Harris,52,176490.3,2023-11-14 19:35:45.859342
2767,Chelsea Moore,56,188080.34,2025-04-09 22:33:33.087522
2768,Jessica Riley,35,165598.59,2025-10-18 06:22:19.636323
2769,Erin Phillips,44,140439.18,2026-02-23 16:54:45.481205
2770,Tracy Douglas,31,146339.25,2024-03-05 01:15:39.657170
2771,Jacqueline Schaefer,35,163654.25,2024-01-18 04:30:08.502539
2772,Katherine Hill,49,122578.88,2026-03-03 06:57:08.220315
2773,Tonya Rush,27,73822.92,2023-07-27 21:52:59.483746
2774,Jamie Garcia DDS,19,54233.17,2024-05-01 08:43:06.003342
2775,Wendy Larson,63,131285.92,2025-10-25 16:59:53.240440
2776,Samuel Key,46,99026.2,2026-03-29 23:26:08.904491
2777,Kimberly Good,33,115660.43,2024-05-16 06:04:14.423481
2778,Mr. John Thomas,53,158427.18,2025-10-12 04:32:08.786242
2779,James Price,43,128198.95,2024-10-22 18:18:10.762694
2780,Caitlin Mcgee,40,89478.0,2026-05-08 07:51:34.308200
2781,Kimberly Luna,45,146529.2,2023-10-09 01:44:07.039506
2782,Kayla Mckee,45,38212.44,2026-03-14 22:42:01.325762
2783,Eric Cruz,69,70884.6,2025-03-15 16:26:26.282093
2784,Gabriel Valenzuela,33,55260.55,2024-12-31 00:09:13.467993
2785,Christopher Jacobs,20,103818.71,2025-06-12 01:01:39.336489
2786,Nathan Mccoy,27,45302.77,2024-10-29 07:58:51.179002
2787,Angela Wheeler,22,156322.26,2023-12-31 00:58:54.665442
2788,Anna Rice,33,35830.18,2023-10-24 03:45:32.648151
2789,Debra Wheeler,34,131043.91,2023-06-28 11:39:48.400418
2790,Lorraine Jones,63,54873.11,2025-03-29 20:09:53.138123
2791,Adam Hurley,26,175659.19,2025-11-01 14:54:56.575321
2792,Mary Robinson,65,179566.31,2023-08-16 06:22:53.449888
2793,Heather Gardner,48,73631.3,2023-11-27 12:58:53.805793
2794,Rodney Burch,46,91674.58,2024-05-24 23:46:57.219984
2795,Jessica Rhodes,20,126210.6,2024-03-06 05:11:03.346742
2796,Austin Morton,21,107973.47,2024-08-02 12:01:40.505213
2797,Mark Rogers,45,91848.8,2023-08-07 10:22:21.001164
2798,Patricia Simmons,42,102871.41,2025-03-14 04:36:27.197707
2799,Erin Cole,47,50438.45,2024-01-25 08:06:08.629286
2800,Julie Hatfield,48,107081.89,2024-04-13 00:13:10.371784
2801,Christopher Parker,33,118858.01,2023-09-07 12:41:09.982621
2802,Robert Stanley,40,175189.54,2023-10-05 08:44:30.837201
2803,Carol Sharp,18,146822.38,2025-12-27 21:20:48.695804
2804,Anne Wood,28,178820.96,2023-09-09 06:21:19.230692
2805,Amy Smith,45,160304.01,2026-06-09 04:07:12.265908
2806,David Garcia,49,48821.3,2025-01-21 07:10:08.156494
2807,Timothy Cervantes,22,30942.72,2024-12-25 11:55:00.316962
2808,Emma Lewis,40,196666.26,2024-01-30 15:17:39.505174
2809,Natasha Maldonado,62,65797.48,2023-08-03 07:57:51.484127
2810,Stephen Ramos,43,154306.86,2026-05-11 18:26:25.279701
2811,Shelby Kidd,36,169911.28,2023-08-07 05:00:37.285116
2812,Katelyn Shields,19,147955.35,2024-07-12 17:26:34.661280
2813,Angela Warren,38,163738.09,2023-09-06 09:44:51.977991
2814,Joseph Mullen,31,135966.55,2024-09-28 12:17:18.125851
2815,Joseph Bell,22,127440.22,2025-09-23 21:39:17.917554
2816,Cole Nunez,19,100889.71,2025-08-18 01:02:12.677301
2817,Nicholas Gonzalez,67,45865.35,2024-01-08 12:58:52.532182
2818,Megan Sandoval,25,124863.07,2023-07-27 05:27:01.886277
2819,Jose Mcdonald,35,78605.59,2025-10-11 11:16:09.814556
2820,Melissa Garcia,25,34132.93,2024-01-28 11:33:47.055729
2821,Angela Rowe,28,149381.06,2025-10-14 03:44:53.477803
2822,David Castaneda,50,61576.47,2024-07-28 05:15:32.273942
2823,Alexis Johnson,35,182848.6,2024-03-11 04:10:12.262471
2824,Samantha Valdez,35,136895.59,2025-02-07 07:54:45.440270
2825,Karen Guerrero,68,62197.16,2024-07-09 16:56:35.676832
2826,Andrew Kim Jr.,50,161524.77,2026-01-05 01:49:32.197514
2827,Mrs. Victoria Torres,39,30929.73,2024-07-10 15:34:55.269376
2828,Edward Wilson,21,176594.19,2025-05-05 05:58:51.230361
2829,Mr. Taylor Nguyen,50,83206.84,2025-10-16 20:57:35.428286
2830,George Black,29,193523.53,2024-12-22 10:12:18.704463
2831,Joshua King,63,166989.17,2024-12-04 01:59:01.787973
2832,Yesenia Daniel,48,100687.19,2023-08-01 03:50:59.990270
2833,Jacob Lane,54,81119.78,2025-10-21 22:14:43.703295
2834,Pamela Hensley,22,67583.11,2023-08-04 09:53:22.082196
2835,Thomas Day,23,39119.42,2024-05-31 12:34:50.784743
2836,Kevin Parker,43,58851.91,2026-02-25 18:44:03.600262
2837,Michael Burns,29,40202.84,2025-10-21 03:57:08.895885
2838,Sonya Smith,53,47720.75,2025-03-25 05:11:47.691643
2839,Rodney Atkinson,74,156950.09,2023-12-24 21:05:14.816838
2840,Dr. Brian Williams,70,186339.66,2024-03-06 05:26:55.334993
2841,Curtis Norton,63,184065.92,2023-12-04 08:15:06.824116
2842,Andrew Nelson,74,140896.35,2025-07-19 19:19:57.808465
2843,Paul Waters,56,91194.43,2023-08-28 14:43:44.002994
2844,George Miller,41,107015.82,2024-01-02 18:11:17.864013
2845,Jessica Ortega,33,49507.83,2025-06-21 14:55:37.524644
2846,Gregory Walters,68,154259.14,2024-01-17 12:42:09.592297
2847,Angela Fernandez,37,178819.21,2025-12-04 18:11:33.417487
2848,Rachel Clark,52,157878.75,2023-08-01 13:34:39.683722
2849,Tami Adams,55,38408.84,2025-09-09 22:56:08.725699
2850,Krystal Schmidt,35,159883.79,2025-07-18 00:31:46.871277
2851,Michelle Cook,24,44218.16,2023-09-26 16:54:46.766433
2852,Jasmine Dixon,64,39398.06,2024-08-21 03:36:17.662331
2853,Jack Rose,50,71093.61,2025-01-05 01:06:32.740467
2854,Michael Rose,65,154276.1,2025-02-18 15:10:31.526091
2855,Dr. Carla Mendoza,63,188744.56,2026-01-17 23:40:37.587298
2856,Julie Thornton,68,186513.35,2023-09-14 22:55:13.616767
2857,Karen Jones,51,64287.74,2023-12-25 23:38:48.194476
2858,Nicholas Miller,72,161599.92,2025-05-10 19:42:22.102577
2859,Richard Hernandez,43,179078.16,2024-12-10 16:10:40.861821
2860,Willie Jones,63,193157.37,2025-12-12 21:02:51.946841
2861,Alejandro Thompson,44,87187.05,2024-08-08 21:31:28.357551
2862,Brenda Pruitt,41,36001.55,2025-10-18 04:13:00.221112
2863,Denise Stewart,55,185897.1,2024-11-15 04:56:05.484910
2864,Melissa Wilson,31,61000.27,2024-12-25 17:58:52.083994
2865,Mrs. Lisa Davis,21,75430.15,2023-06-29 12:03:51.124289
2866,Cassie Gray,33,35348.35,2024-05-27 00:59:24.694677
2867,Brian Wood III,34,106928.41,2025-06-01 16:08:54.808574
2868,Amanda Fisher,50,186841.37,2024-08-17 10:08:54.744548
2869,Jenna Johnson,48,164469.91,2024-07-19 16:40:39.335301
2870,Blake Bell,72,98021.34,2023-07-08 05:47:30.653314
2871,Scott Carpenter,49,114286.81,2024-01-19 21:47:04.320452
2872,Brooke Bauer,33,74447.53,2025-07-01 07:32:19.856202
2873,Kenneth Oliver PhD,36,179200.37,2023-11-21 09:32:02.245265
2874,James Brown,48,76463.2,2025-02-07 14:32:17.827184
2875,Alejandra Jones,46,165238.42,2024-03-10 00:03:42.439766
2876,Rodney Banks,20,83072.01,2026-03-31 08:48:19.321292
2877,Janet Mcmillan,34,160526.42,2024-10-27 00:39:14.181635
2878,Jeffrey Mack,63,138901.32,2025-04-19 11:11:13.273569
2879,Steven Jackson,27,52831.84,2026-01-09 20:48:06.705179
2880,Sarah Vaughn,46,176674.8,2025-01-22 10:41:14.238618
2881,James Richardson,61,173750.6,2023-10-24 03:06:58.026904
2882,Molly Sanders,70,109965.21,2025-07-15 15:53:47.962725
2883,Amanda Williams,51,171613.95,2025-07-06 15:30:47.814964
2884,Alexis Mcdaniel,68,181840.63,2025-05-12 08:26:48.554961
2885,Teresa Barry,34,165802.87,2026-02-10 11:34:29.448736
2886,Valerie Castaneda,49,43410.34,2026-05-14 17:22:51.506396
2887,Courtney Anderson,18,52759.1,2025-09-28 15:26:21.125719
2888,Gregory Pace,49,98092.27,2024-11-03 16:11:43.200009
2889,Kathleen Juarez,37,36374.99,2026-04-18 07:25:17.445822
2890,Scott Johnson,63,83474.25,2025-10-27 11:49:16.939798
2891,Amanda Smith,21,91967.31,2023-10-18 07:27:04.417642
2892,Carmen Spence,45,95822.36,2024-09-28 23:30:20.647629
2893,James Sweeney,40,45166.03,2025-11-19 17:54:16.167636
2894,Sydney Stephenson,20,52768.95,2026-06-11 06:08:25.041943
2895,Dakota Smith,51,189364.45,2025-06-03 09:39:22.845932
2896,Ryan Collins,28,63003.18,2024-12-19 04:07:07.583699
2897,Bobby Garcia,47,136129.8,2024-07-15 05:01:56.578416
2898,Andrew Perkins,20,100343.92,2025-07-23 09:27:44.038758
2899,Bryce Mcneil,32,186129.44,2026-03-04 16:59:06.212715
2900,Mike Lynch,61,92478.25,2024-05-03 05:41:19.848966
2901,Laura Day,37,185056.08,2024-07-08 12:33:55.471364
2902,Jessica Davis,32,156653.89,2024-09-03 01:33:53.611039
2903,Douglas Mclean,71,75862.38,2024-11-09 05:08:26.579385
2904,James Howard,54,82619.96,2023-09-22 09:38:45.727755
2905,Maria Fox,73,141460.8,2023-10-04 16:12:28.490329
2906,Ryan Rios,30,162014.27,2023-10-30 01:21:31.728698
2907,Jonathan Smith,20,33671.2,2023-07-11 18:39:09.796865
2908,Kerry Nguyen,54,121726.23,2025-09-20 04:02:39.546463
2909,Marie Stephenson,53,142526.19,2025-05-13 09:56:44.300598
2910,Timothy Clark,56,166526.79,2024-08-14 07:14:59.620589
2911,Jeanette Knight,42,145416.02,2023-09-04 10:57:25.564920
2912,Steven Davis,75,170383.9,2023-10-07 08:46:24.309483
2913,Kelly Thompson,63,34560.03,2023-07-02 12:35:47.266464
2914,Brittney Jones,19,131410.88,2025-08-26 00:25:14.182162
2915,Tony Carr,55,101377.27,2026-01-22 00:23:58.273808
2916,Christy Ramirez,59,176950.74,2025-09-12 12:59:26.399011
2917,Anthony Jackson,60,59595.44,2025-11-08 22:14:02.545581
2918,Virginia Stanley,50,126783.03,2024-09-01 21:16:03.716900
2919,Elizabeth Morrison,53,113857.76,2024-07-27 17:58:13.955650
2920,Julie Willis,37,189948.06,2023-07-17 10:29:39.237483
2921,Rebecca Torres,37,125786.81,2024-10-23 16:05:42.111429
2922,Cynthia Mitchell,63,47029.14,2025-12-08 08:15:21.887619
2923,Kevin Green,20,97260.25,2026-01-11 00:33:35.201218
2924,Jessica Vincent,20,52820.9,2025-08-29 06:50:31.954657
2925,Scott Nguyen,47,183309.79,2025-04-29 22:27:08.954566
2926,Erik Wise,26,48056.01,2025-01-04 05:27:35.488431
2927,Anthony Lane,74,57664.18,2026-06-11 22:56:47.576847
2928,Donna Marshall,70,127277.67,2024-07-31 06:36:16.838357
2929,Denise Reynolds,33,179207.42,2025-06-25 23:14:34.427696
2930,Cheryl Sanders,51,64853.98,2024-03-05 13:01:32.001668
2931,Nicholas Morrison,68,106336.02,2023-07-21 14:55:56.707459
2932,Roberta Lee,29,152336.41,2023-11-08 21:19:17.690194
2933,Chelsea Ali,34,170766.63,2025-06-26 13:46:48.652941
2934,Stephanie Roberts,25,189478.84,2024-01-03 01:10:09.673408
2935,Joseph Barnes,20,128728.76,2025-09-08 07:02:29.862621
2936,Lauren Payne,32,130740.82,2024-02-11 19:34:49.411452
2937,Gregory Hernandez,42,168308.86,2025-07-26 20:01:58.509650
2938,Courtney Zamora,55,71336.59,2024-04-19 19:53:48.954473
2939,Susan Thomas,41,94439.63,2024-04-05 21:01:31.391622
2940,Ashley Sanchez,41,145350.61,2026-01-12 05:18:58.767208
2941,Peggy Jennings,62,198413.36,2024-02-15 03:04:12.797175
2942,Veronica Clark,59,100129.95,2023-09-06 10:41:13.957028
2943,Aaron Walker,40,193668.06,2024-01-16 08:53:18.336854
2944,Tracy Nelson,29,195388.06,2024-09-23 20:56:14.066005
2945,Juan Hunt,38,140467.8,2025-01-31 04:46:12.989802
2946,Joyce Hardin,63,123925.72,2026-05-08 15:21:27.785993
2947,Michelle Reese,63,130436.88,2026-04-13 01:53:54.556631
2948,Jennifer Joseph,72,130982.69,2026-06-09 17:41:58.435876
2949,Tamara Delgado,19,58278.66,2024-12-09 17:32:45.308283
2950,Jacqueline Gilbert,31,185253.91,2023-07-25 11:38:34.354885
2951,Joseph Ochoa,43,144090.77,2023-06-22 08:29:37.061953
2952,Melanie Walker,55,32887.68,2023-12-17 17:07:22.889572
2953,Stephanie Fleming DDS,36,141833.2,2025-04-23 04:00:57.214629
2954,Emily Conway,40,107201.51,2023-11-13 15:16:05.484464
2955,Patrick Jensen,18,94987.04,2024-05-25 23:26:36.072614
2956,Emily Ferguson,43,126917.46,2024-11-01 16:36:23.888661
2957,Craig Curtis,34,180328.81,2025-08-24 15:35:14.926223
2958,Marcus Johnson,36,195012.7,2026-06-05 10:09:36.307435
2959,Tiffany Cain,24,152177.46,2025-06-06 12:29:55.098292
2960,Andrew Butler,39,78625.27,2024-09-11 16:41:54.258035
2961,Jenna Bowen,63,146275.62,2025-06-06 03:08:24.857296
2962,Alicia Todd,26,84048.9,2025-05-19 20:12:35.572918
2963,Robert Lambert,32,96648.59,2023-08-10 11:47:39.204959
2964,Michele Armstrong,22,193445.58,2023-08-27 18:52:41.419268
2965,Lisa Baker MD,68,40367.49,2024-08-25 14:16:32.168005
2966,Kaitlyn Carter,57,123069.02,2025-03-08 01:27:16.754455
2967,Jose Ho,69,93205.69,2025-10-31 15:52:48.586803
2968,Christian Fisher,69,37772.34,2025-11-10 10:50:03.214117
2969,Jessica Wong,75,182319.65,2026-01-16 21:14:25.744047
2970,Tammy Quinn,61,84844.15,2026-02-06 17:44:45.572420
2971,Timothy Downs,46,55333.63,2026-02-05 06:17:59.170380
2972,Bryan Hall,57,32429.06,2024-05-09 06:54:15.834255
2973,Sarah Arellano,41,144500.57,2026-04-01 13:18:10.359402
2974,Marcus Parks,70,39642.42,2023-11-23 22:58:17.431298
2975,Tina Andrews,62,168411.05,2023-07-13 20:16:55.249002
2976,Crystal Roberts,61,98353.62,2025-07-21 12:46:14.900395
2977,Steven Branch,56,116495.14,2025-10-03 18:20:15.432034
2978,Joseph Gregory,19,106953.77,2025-11-30 16:03:52.739512
2979,Richard Warner,18,127071.09,2024-06-02 10:01:03.511555
2980,Dr. Wesley Bryant DVM,69,127141.42,2025-05-17 21:05:09.904818
2981,Nicole Middleton,73,103145.89,2025-11-13 03:48:44.245845
2982,Jacob Williams PhD,73,191778.63,2025-02-17 09:44:31.857867
2983,Susan Peterson,34,56813.34,2024-09-09 22:27:31.905578
2984,Kara Michael,61,116028.13,2024-10-22 16:17:51.162005
2985,Shannon Herrera,68,147311.41,2023-10-02 17:22:47.733538
2986,Donald Maddox,64,59465.81,2026-01-10 09:49:42.878333
2987,Darren Watson,54,193465.96,2025-05-23 10:56:43.170850
2988,Daniel Guzman,54,94239.08,2025-09-01 14:24:41.293903
2989,Elizabeth Rhodes,25,45684.06,2024-09-02 08:35:40.050540
2990,Janet Woodard,75,142135.6,2024-10-11 11:59:04.574937
2991,Elizabeth Jacobs,48,58168.3,2025-08-07 09:39:12.050379
2992,Tonya Mitchell,29,90728.54,2026-05-14 08:10:24.139900
2993,Morgan Wallace,44,174790.75,2025-11-29 22:29:27.297396
2994,Terry Harris,61,69088.87,2024-06-12 11:40:45.463912
2995,Tiffany Jones,40,46410.14,2025-04-12 20:17:40.184500
2996,Jon Pena,18,130841.45,2025-05-05 19:14:15.036683
2997,Martin Turner,69,51314.8,2024-01-01 18:00:55.831005
2998,Olivia Harper,20,179828.95,2024-08-13 22:37:04.493866
2999,Crystal Le,61,50537.71,2023-08-11 02:20:27.761833
3000,Matthew Pruitt,33,157745.64,2025-01-27 07:19:19.948039
3001,Thomas Turner,74,127642.35,2024-06-08 03:50:20.816567
3002,Samantha Roberts,24,176612.83,2024-11-11 00:46:50.492003
3003,Ashley Brown,54,184443.11,2025-02-09 01:45:11.404054
3004,Larry Baker,43,104661.19,2023-07-23 15:50:15.032008
3005,Debra Clark,28,115341.41,2024-03-28 09:01:06.849741
3006,Melissa Pierce,28,167635.25,2024-09-03 12:26:39.081713
3007,Andrew George,30,130769.38,2026-06-07 01:48:05.506604
3008,Lisa Anderson,59,164908.33,2025-04-28 18:47:28.886130
3009,Amy Wright,68,106933.55,2024-01-05 05:25:17.159773
3010,Ronnie Daniels,19,44537.85,2025-08-16 06:42:43.963522
3011,Juan Hansen,34,32772.31,2025-02-24 23:43:35.669155
3012,Erika Nguyen,49,170689.28,2025-11-27 09:05:47.137369
3013,Michael Griffin,64,109851.06,2024-04-05 15:20:50.664451
3014,William Austin,36,90923.83,2025-11-30 03:42:25.374576
3015,Tammy Davis,26,40229.74,2026-04-04 23:10:07.944923
3016,Amy Lamb,32,92406.22,2023-12-07 06:14:18.767109
3017,Olivia Lee,32,128748.92,2025-06-15 21:06:45.292811
3018,Steven Ray,46,81716.39,2024-03-29 11:16:58.078903
3019,David Morris,72,165077.88,2023-08-16 22:09:05.873118
3020,Sonia Holmes,22,148893.01,2023-11-07 01:57:56.891284
3021,Todd Phillips,22,175993.92,2023-09-15 02:13:14.079906
3022,Karen Paul,52,184302.37,2024-08-22 10:34:59.194945
3023,Michael Myers,47,157433.05,2025-02-16 23:11:59.955252
3024,John Oliver,53,62571.95,2024-05-25 15:27:51.593896
3025,Austin Hill,36,100225.11,2025-02-02 04:43:36.578579
3026,Karen Smith MD,32,154315.64,2025-01-14 18:19:50.842164
3027,Lisa Arroyo,31,91306.14,2023-08-13 15:36:46.161635
3028,Jonathan Bray,56,144983.52,2025-09-08 14:22:51.277827
3029,Jordan Doyle,26,177197.28,2025-08-02 00:14:16.122962
3030,Sarah Davis,23,95527.91,2023-08-31 20:51:50.188943
3031,Michelle Rodriguez,54,66122.82,2025-12-03 16:14:36.422882
3032,Timothy Lawson,33,161458.93,2024-09-19 15:26:33.961356
3033,Dr. Christopher Stevens,37,125820.55,2024-05-31 18:00:24.361367
3034,Kathryn Schneider,34,172386.98,2024-02-06 08:30:35.003883
3035,Michael Wiley,27,109050.77,2026-02-11 16:41:08.923178
3036,Deborah Ford,30,170252.9,2024-05-20 16:26:57.050487
3037,Patricia Hernandez,28,148105.62,2023-09-03 19:56:27.407880
3038,Lisa Bell,59,41979.54,2024-05-20 16:47:30.136130
3039,Dr. Stephanie Bowen,56,68263.93,2025-08-20 03:53:17.326394
3040,Matthew Baker,31,105924.94,2026-03-09 11:44:36.813666
3041,Robin Clements,61,113374.13,2023-12-27 03:44:20.512042
3042,Jessica Ibarra,64,90817.96,2026-01-01 20:41:20.522728
3043,Sarah Booth,68,123428.58,2024-09-13 14:47:56.674859
3044,Anthony Torres,69,171112.2,2023-08-15 13:23:41.550812
3045,Sean Martinez,49,150395.49,2026-05-22 11:07:03.301937
3046,Christopher Small,38,189541.61,2023-06-16 18:30:46.906279
3047,Michael Jones,66,150885.45,2024-01-26 19:30:22.689620
3048,Rebecca Griffin,40,54654.78,2026-03-18 19:04:02.378714
3049,Thomas Love,55,97424.03,2025-10-15 16:24:04.305695
3050,Jill Key,73,181146.27,2026-03-10 04:36:20.965214
3051,Robert Powell,32,160585.27,2024-12-12 03:57:34.516382
3052,Dr. Christine Woods MD,34,180440.16,2025-08-27 20:19:38.982718
3053,Jennifer Hunter,71,39834.92,2025-02-02 17:20:48.802690
3054,Lynn Webb,70,63474.46,2026-05-18 23:15:44.567688
3055,Kathryn Monroe,73,81419.54,2024-03-15 03:17:19.275300
3056,Susan Clark,54,129593.42,2026-03-03 10:34:07.752202
3057,Brian Cruz,51,182284.13,2024-08-08 21:58:32.825022
3058,Kerry Ward,43,186305.58,2026-02-13 14:54:13.962435
3059,Thomas Baker PhD,41,101177.7,2024-02-08 16:24:58.675777
3060,Steven Perez,61,118765.33,2023-11-07 19:58:04.468547
3061,Vickie Gonzalez,63,163208.66,2025-12-20 23:46:50.242299
3062,Elizabeth Gaines,21,80853.16,2025-12-13 18:26:26.664043
3063,Joshua Lamb,52,164992.89,2025-06-23 03:52:37.132555
3064,Meredith Pugh,55,119917.44,2023-06-30 01:04:48.634516
3065,Courtney Lewis,64,174390.74,2024-02-18 20:57:41.291615
3066,Robert Dodson,27,67557.81,2026-01-18 05:16:27.059580
3067,Ashley Mcbride MD,32,105280.87,2023-07-30 20:21:24.508673
3068,Zachary Evans,32,132107.59,2023-11-12 07:23:03.769726
3069,Jacob Jenkins,18,62442.49,2024-10-17 13:39:31.821450
3070,James Little,72,167603.14,2026-05-15 08:10:32.724014
3071,Willie Perez,41,79312.21,2025-05-03 23:53:31.657450
3072,Katherine Harrison,63,108762.73,2025-06-08 10:09:48.048843
3073,Barbara Knox,74,109839.84,2025-08-23 19:05:08.674404
3074,Jennifer Mccann,66,147545.69,2023-12-02 15:18:49.952759
3075,Lawrence Mathis,46,60110.37,2024-06-02 16:47:38.185799
3076,Mary Delgado,63,119448.3,2026-05-05 09:43:45.035633
3077,Christina Sheppard,40,191277.91,2025-11-22 08:35:47.455363
3078,Mr. Travis Johnson Jr.,71,157594.26,2025-05-11 05:39:43.511304
3079,Shane Wilson,57,118343.89,2023-09-28 08:19:38.181029
3080,Sarah King,70,52371.97,2024-02-20 23:55:51.754157
3081,Darryl Reed,40,35236.43,2023-12-11 04:52:26.941108
3082,Mark Galvan,21,75905.58,2024-12-26 01:33:50.675504
3083,Jasmine Turner,34,164237.59,2025-06-15 07:37:04.142327
3084,Mitchell Beard,75,37795.89,2025-10-19 03:07:26.172347
3085,Michael Brown,66,110713.05,2026-05-26 13:41:56.476348
3086,Barbara Le,66,68906.58,2023-07-05 10:10:14.088229
3087,John Davis,33,134616.29,2023-08-17 12:05:35.946413
3088,Melinda Hall,22,120231.38,2025-07-16 03:34:26.757541
3089,Michael Torres,38,110946.97,2025-06-02 07:01:49.031809
3090,David Dudley Jr.,57,116325.87,2025-09-19 01:09:57.163035
3091,Cynthia Daniels,75,69809.27,2026-04-12 11:22:28.241592
3092,Larry Kirk,75,40859.33,2025-10-06 06:32:40.383647
3093,Robin Oneill,74,73262.69,2025-12-30 20:26:29.351707
3094,Jacqueline Garcia,42,159517.86,2024-03-27 10:15:39.772884
3095,Michael Carter,44,159689.51,2025-09-04 22:05:45.469789
3096,James Garrett,37,141442.06,2024-05-07 23:53:20.147757
3097,Michael Johnson,33,171807.89,2024-10-20 04:44:53.326214
3098,Amanda Hubbard,31,109967.12,2024-07-14 06:38:11.284619
3099,Julie Gomez,53,120297.63,2024-08-22 00:47:50.643936
3100,Ryan Prince,54,63281.1,2025-04-26 01:40:51.336937
3101,John Diaz,52,62938.45,2023-08-19 15:56:12.228216
3102,Peter Long,63,72195.45,2024-10-02 07:48:55.140335
3103,Ashley Cooper,21,139624.02,2025-10-08 20:14:21.813865
3104,Alejandra Mccarthy,31,51535.29,2025-04-03 10:11:57.196818
3105,Amanda Lopez,53,149674.67,2023-09-15 20:35:55.121630
3106,Dylan Villa,75,196062.25,2023-07-17 04:00:16.145663
3107,Caitlin Baker,74,64412.85,2025-02-03 01:17:36.410319
3108,Emily Alvarez,24,150633.11,2024-08-18 22:10:57.477219
3109,Joyce Green,20,100442.27,2025-05-05 16:11:35.565381
3110,Alyssa Joseph,60,47791.54,2024-02-25 01:26:01.721619
3111,Katherine Hamilton,70,181140.22,2025-12-09 17:49:02.528092
3112,Susan Crawford,44,67069.88,2023-09-03 16:45:34.647597
3113,Michael Berg,42,82898.4,2025-10-23 13:39:28.928495
3114,Sarah Fuller,21,68507.47,2025-01-06 11:47:46.253638
3115,Melanie Craig,73,38258.27,2025-01-14 20:27:39.378194
3116,Charles George,73,75501.02,2024-01-30 06:59:48.525350
3117,Richard Webb,35,34445.58,2024-12-20 09:44:10.387866
3118,Curtis Schmitt,36,185202.79,2025-01-26 21:34:29.134533
3119,Christina Henderson,27,169201.01,2024-01-05 04:17:48.356953
3120,Kevin Anderson,69,181754.27,2025-09-14 05:34:33.971191
3121,Tamara Wilson,62,62110.39,2025-12-29 03:26:33.601851
3122,Samuel Brown,65,136219.5,2025-02-25 08:17:52.581063
3123,William Whitehead,62,138753.19,2024-09-04 19:04:13.390497
3124,Rachel Harris,33,48453.16,2024-08-08 22:47:26.573333
3125,Mr. Richard Copeland,26,43303.93,2025-12-23 09:05:29.519071
3126,Whitney Lambert,66,80605.4,2026-03-12 22:29:36.742010
3127,Amy Wong,30,31700.67,2023-12-23 21:59:42.146148
3128,Kristy Hutchinson DDS,43,173895.02,2024-04-25 06:49:06.441329
3129,Jennifer Wells,26,80019.53,2024-09-26 11:28:33.519195
3130,Linda Davidson,30,170231.16,2023-06-23 10:24:55.672600
3131,Anthony Hancock,62,127149.64,2023-12-05 18:32:12.833211
3132,Mary Gray,36,74259.61,2024-12-29 05:17:52.283822
3133,Adrienne Wood,32,53227.24,2023-07-26 18:50:53.195332
3134,Benjamin Wolf,68,97411.77,2023-10-24 16:52:19.784021
3135,Aaron Dunn,63,85325.24,2025-12-07 02:28:34.341990
3136,Eric Davis,55,191249.95,2023-12-11 01:25:52.244850
3137,Angela Greene,20,131807.44,2024-10-15 14:26:12.844742
3138,Katie Bryant,44,110910.45,2024-07-08 13:43:24.898227
3139,Brenda Chavez,34,122630.47,2024-08-03 05:47:04.339589
3140,Cassandra Solis,24,175889.77,2023-10-22 03:23:11.707887
3141,Jessica Mejia,35,149967.73,2023-09-22 14:35:02.934754
3142,Erica Foley,35,153518.07,2024-02-04 13:27:11.904608
3143,Scott Mcgee,68,193770.95,2026-03-29 22:08:03.896394
3144,Christine Scott,28,55851.64,2025-04-05 18:28:46.965786
3145,John Thompson,75,78035.29,2026-06-10 18:18:29.454676
3146,Dennis Brady,31,161555.16,2025-08-08 21:59:13.200773
3147,Michael Martinez,67,143665.9,2025-08-24 11:51:04.110610
3148,Dale Holmes,49,177034.78,2025-10-12 12:30:40.845494
3149,Melissa Duncan,49,49397.66,2023-10-18 06:26:41.854616
3150,William Green,23,107914.94,2024-03-24 14:27:43.012226
3151,Daniel Hampton,35,141655.68,2024-10-02 15:32:42.017076
3152,Roy Williams,55,52117.54,2025-09-27 18:31:38.028056
3153,Jimmy Mcclure,56,41809.37,2024-10-26 21:17:50.286589
3154,Samantha Burgess,55,80715.12,2024-02-15 06:19:26.142908
3155,Michael Stanton,47,141664.99,2025-02-07 03:42:34.387128
3156,Kevin Warner,29,67528.17,2023-10-08 12:22:48.133692
3157,Christopher Evans,29,35923.38,2026-04-23 22:28:49.551053
3158,Deanna Lopez,68,77607.69,2025-04-10 22:49:54.231048
3159,Douglas Whitehead,26,37917.36,2023-09-24 10:54:16.985887
3160,Eric Williams,59,113584.23,2024-03-09 04:00:08.977360
3161,Lindsey Martinez,34,127242.5,2024-05-16 18:38:02.643051
3162,Cassidy Johnson,44,146402.24,2025-07-26 19:10:13.769887
3163,Lisa Silva,73,154229.11,2026-03-04 14:13:19.773652
3164,Melanie Stephenson,58,72822.48,2024-11-18 00:19:29.644118
3165,Timothy Keller,46,64907.23,2025-02-26 21:47:40.229617
3166,Eric Davis,48,47352.02,2026-05-03 20:12:07.108276
3167,Todd Rios,40,106592.72,2023-11-28 12:30:15.573794
3168,Richard Anderson,73,179367.64,2026-06-03 01:45:59.662130
3169,Brittany Young,74,114069.11,2025-03-06 19:21:41.599430
3170,Jennifer Hamilton,21,104042.68,2024-07-30 07:41:54.356104
3171,Carolyn Mays,37,183074.69,2025-11-24 01:56:45.508874
3172,Brooke Mckenzie,66,94884.29,2025-10-13 05:11:30.066656
3173,Alicia Barker,53,36540.91,2025-10-18 01:49:22.944710
3174,Belinda Lawrence,38,74040.41,2026-03-21 05:56:27.672421
3175,Gavin Smith,58,114075.25,2024-03-20 15:54:55.103953
3176,Valerie Webster,74,102423.92,2024-06-06 21:36:09.127811
3177,Elizabeth Stone,48,79413.46,2025-07-19 06:19:11.528560
3178,Alicia Harrison,64,150200.92,2023-07-25 04:59:09.827931
3179,Michael Huerta,42,107466.92,2023-11-11 06:09:40.337277
3180,Melinda Johnson,63,137285.4,2025-04-16 06:42:05.454998
3181,David Terry,63,104617.21,2026-02-22 15:00:21.623368
3182,Laura Cox,54,116245.65,2024-04-09 10:29:24.100019
3183,Charles Smith,25,126485.9,2024-12-13 17:05:37.352599
3184,Peter Bradley,28,73438.99,2024-09-02 05:31:39.458812
3185,Lauren Morrow,18,184695.65,2025-07-13 04:33:25.422578
3186,Matthew White,38,116283.89,2025-10-26 19:14:29.327751
3187,Elizabeth Boyd,52,73925.14,2026-04-29 09:13:16.746107
3188,Charles Fleming,45,30370.0,2023-11-07 11:19:38.875525
3189,Jasmine Mcneil,36,152714.43,2023-12-17 18:02:31.426421
3190,Troy Lewis,60,159350.4,2023-06-24 00:42:46.075860
3191,Lauren Guzman,62,124361.79,2025-05-10 16:33:42.724290
3192,Donald Nash,50,103327.43,2025-08-07 18:08:52.971818
3193,Cynthia Norton DDS,43,140471.74,2025-07-18 04:58:10.248511
3194,Virginia Meyer,48,35615.07,2024-09-21 11:46:36.241103
3195,Katelyn Berger,46,181539.98,2025-04-04 03:21:03.521286
3196,Benjamin Nelson,28,40858.09,2023-10-04 10:45:02.582360
3197,Kenneth Anderson,25,93257.26,2025-07-19 09:00:08.796965
3198,Jennifer Miller,18,185628.77,2024-11-18 16:45:17.177965
3199,Leslie Perez,37,192859.7,2023-09-27 03:52:42.012532
3200,Elizabeth Gonzales,43,142296.55,2023-12-26 20:03:30.363183
3201,Julie Lane,59,143037.87,2025-02-14 21:24:17.397013
3202,Samantha Cooper,39,102680.56,2024-02-20 16:34:57.445505
3203,Melissa Smith,20,93595.78,2026-05-26 12:16:03.429598
3204,Rhonda Kennedy,36,56212.3,2024-10-31 04:22:40.110158
3205,Sherry Davis,68,152608.96,2024-09-02 09:46:13.003682
3206,Emily Walker,58,120207.95,2023-08-21 18:55:45.958494
3207,Joseph Flores,40,182584.97,2023-10-12 19:19:46.649236
3208,Joshua Miller,53,193110.52,2026-04-02 04:56:03.924754
3209,Johnny Evans,37,186759.19,2025-06-30 06:29:20.370516
3210,Jody Rodriguez,19,139306.87,2026-01-08 17:44:52.025976
3211,Anthony Joseph,26,133699.86,2023-08-29 22:47:07.463867
3212,Lisa King,38,140733.7,2023-09-03 18:47:45.087157
3213,Sarah Thompson,30,33615.41,2024-08-01 07:50:33.859550
3214,Elaine Mathis,65,59216.56,2025-08-26 18:30:16.298801
3215,David Wallace,32,92374.38,2023-08-03 13:02:27.776760
3216,Eric Roman,56,195393.83,2025-07-03 08:10:50.934248
3217,Madison Hayes,62,110284.29,2024-05-16 03:59:43.429780
3218,Mary Ellis,59,84025.91,2023-11-20 04:24:28.870842
3219,Lee Smith,48,87170.83,2025-08-26 10:44:46.804773
3220,Erica Smith,25,50405.51,2026-06-02 00:44:36.239102
3221,Brian Higgins,47,58177.79,2024-01-25 16:49:08.669132
3222,Ashley Lopez,47,85557.3,2024-04-18 22:10:29.643063
3223,Sherry Moore,38,120897.88,2025-01-25 03:59:05.174700
3224,Elizabeth Berry,41,63682.72,2025-09-08 02:08:33.156137
3225,Stephen Gonzalez,61,41381.69,2025-06-10 01:18:34.434191
3226,Nicole Thomas,72,180611.55,2026-05-04 22:20:11.302433
3227,Dr. Christopher Robinson,43,32152.5,2026-02-07 23:29:34.763898
3228,Anne Huff,58,172799.57,2025-11-19 10:44:39.070355
3229,Brian Becker,28,186729.9,2024-07-31 07:34:42.636270
3230,Keith White,32,52175.04,2025-07-02 18:52:29.728460
3231,Carol Brown,54,78917.47,2024-04-13 18:02:31.054027
3232,Jeffrey Ross,72,121992.47,2025-08-27 10:08:42.075528
3233,John Stevens,51,146109.07,2025-10-27 22:49:52.134812
3234,Shane Shaffer,59,110233.33,2025-02-28 00:49:20.762302
3235,Paul Bradley,62,33689.95,2023-07-30 00:59:28.135519
3236,Laura Mendoza,35,117772.48,2025-03-10 18:49:29.679277
3237,Lauren Thomas,37,62120.51,2024-10-20 16:50:01.637708
3238,Jennifer Gill,28,116527.24,2025-06-22 09:12:20.518237
3239,Alexander Hawkins,34,95197.75,2025-01-10 20:36:05.696439
3240,Gary Zamora,30,157512.85,2026-04-30 16:26:37.292987
3241,Emily Lloyd,57,74089.14,2025-11-14 17:52:31.134641
3242,Susan Rodriguez,18,85108.06,2024-08-09 01:41:27.736417
3243,Rebecca Mckenzie,23,74828.24,2025-12-07 21:19:48.538804
3244,Brooke Miles,68,179218.16,2026-04-14 15:09:13.713876
3245,Ashley Hawkins,53,66463.19,2024-01-27 05:28:18.131471
3246,Russell Nelson,58,99832.82,2023-06-20 22:44:08.919292
3247,Billy Nelson,23,186967.09,2025-07-10 01:30:30.230388
3248,Tina Robinson,23,49708.94,2026-01-29 23:55:54.118145
3249,Rachael Vazquez,70,68149.12,2024-08-27 03:50:05.993402
3250,Joseph Collier,49,131040.35,2023-08-09 21:21:05.119416
3251,Margaret Miller,65,41099.35,2023-10-04 12:20:23.123488
3252,Bradley Brooks,39,81578.71,2025-06-06 17:57:08.011763
3253,Michael Ramos,69,94373.94,2026-02-26 11:30:45.318335
3254,Stephanie May,44,98397.14,2023-11-30 02:28:58.239530
3255,Sharon Hunt,24,179416.71,2023-10-02 20:05:14.893849
3256,Joel Flores,34,165549.99,2024-02-09 05:23:10.701773
3257,Kathryn Rivas,68,184758.71,2024-03-02 20:55:47.321901
3258,Diana Lynch,64,175010.72,2025-05-22 06:34:54.007115
3259,Shannon Richardson,53,192459.97,2024-06-16 10:02:26.181682
3260,Olivia Jordan,69,72531.02,2024-10-18 13:25:04.018422
3261,Lori Castro,60,76782.1,2023-08-23 08:49:03.364202
3262,Abigail Williams,19,161748.19,2025-06-07 23:48:48.403677
3263,Kelly Williams,60,132180.07,2025-05-30 01:20:49.457514
3264,William Evans,33,122087.02,2026-02-03 05:05:01.950561
3265,Jose Cuevas,18,51649.43,2025-06-13 23:58:04.725979
3266,Elizabeth Perry,42,58278.99,2024-10-19 19:07:10.351035
3267,Erika Preston,52,69366.38,2026-04-24 01:55:43.241969
3268,Shelly Smith,50,133051.64,2024-06-11 23:44:26.871203
3269,Olivia Smith,64,94349.67,2026-02-02 06:46:35.047495
3270,Elizabeth Brown,56,115488.91,2025-04-22 03:39:25.533464
3271,Melanie Heath,22,48355.95,2024-07-12 22:40:53.335135
3272,Marc Scott,54,81649.88,2025-11-13 21:36:40.778722
3273,Mackenzie Faulkner,36,32671.91,2024-01-24 08:32:55.593172
3274,Eric White,66,146303.2,2026-04-04 03:02:52.071431
3275,Kathryn Cook,58,124938.69,2025-08-08 07:44:26.442124
3276,Gregory Jones,56,64120.27,2025-12-22 17:13:19.125345
3277,Shaun Gutierrez MD,23,62904.41,2025-10-27 09:10:39.669142
3278,Brianna Greene,74,133209.69,2023-07-12 18:49:15.043860
3279,Hannah Bowen,42,160213.69,2023-09-02 09:42:29.819323
3280,Jessica Williamson,70,145736.31,2025-12-26 23:47:29.663949
3281,Dr. Tom Brown,26,68146.92,2025-10-21 04:55:58.829602
3282,Kimberly Patterson,56,67963.28,2026-04-18 04:34:15.085456
3283,Renee Williams,71,32942.89,2024-08-05 18:34:41.258891
3284,Jonathan Nichols,48,188221.33,2024-09-09 08:15:50.681574
3285,Ronald Valdez,68,61156.58,2025-07-28 05:28:01.839719
3286,Zachary Phillips,61,156140.21,2024-06-23 22:52:38.263791
3287,Tyler Little,71,101641.95,2026-06-09 14:28:24.898070
3288,Luis Cooper,28,86565.07,2026-06-02 03:58:04.652767
3289,Madison Whitehead,33,197615.56,2024-12-26 09:43:26.186088
3290,Francisco Pierce,22,62727.6,2024-10-27 14:55:08.791819
3291,Hannah Porter,22,159559.17,2026-04-12 01:47:38.765220
3292,Steven Castillo,55,138300.55,2023-12-13 09:33:17.737568
3293,Stephanie Stevens,41,134847.14,2024-01-14 09:40:54.316795
3294,Crystal Klein,41,148294.41,2024-01-30 14:37:46.133304
3295,Dave Chavez,74,191182.85,2025-09-26 03:18:08.848768
3296,Samuel Jackson,36,33621.82,2025-08-07 03:09:44.280639
3297,Kelly Lambert,43,92019.24,2025-02-08 07:21:48.310406
3298,Veronica Lopez,70,81642.63,2024-10-04 01:08:10.964428
3299,Jason Smith,22,54591.88,2025-12-03 16:48:37.295858
3300,Paul Carter,28,186175.43,2024-01-21 05:05:13.735263
3301,Alicia Gibson,59,161733.21,2025-10-16 18:23:49.393214
3302,Jane Schmidt,51,66166.77,2023-10-19 12:04:54.792623
3303,Diane Cruz,46,30061.38,2024-05-03 12:13:48.767504
3304,Emily West,20,133801.6,2024-07-28 02:10:21.600529
3305,Heather Porter,50,191342.44,2024-09-20 03:17:26.565937
3306,Roger Mclean,74,31313.16,2025-04-24 13:51:14.787149
3307,Connie Morris,67,191863.76,2025-08-03 10:11:10.394785
3308,Robert Gallagher,27,108728.16,2025-11-13 23:10:56.219774
3309,Amber Kim,45,58674.86,2024-01-12 13:26:55.177656
3310,Rachel Weber,64,83493.34,2024-07-16 04:09:34.013363
3311,Mark Cervantes,30,120329.39,2023-12-20 22:21:22.685346
3312,Troy Horn,32,95868.1,2026-01-06 19:18:42.343612
3313,Brad Gonzalez,23,103610.2,2024-08-16 07:05:28.945103
3314,Janet Mccarthy,63,155993.43,2023-08-10 04:06:01.781562
3315,Jonathan Mendez,67,119268.91,2024-12-04 02:51:19.738778
3316,Barbara Alvarez,58,76695.61,2025-09-20 22:09:13.777006
3317,Taylor Page,58,35006.7,2026-02-03 00:14:05.051584
3318,Manuel Brown,49,142299.16,2025-11-11 08:08:06.076206
3319,David Henson,45,178660.62,2023-08-23 04:21:53.423830
3320,Carolyn Gray,23,100511.22,2024-02-10 23:44:17.696926
3321,Kimberly Hicks,74,186825.75,2026-05-09 10:59:28.286629
3322,Alice Jensen,41,164254.07,2026-05-07 07:41:48.237768
3323,Sara Snyder,46,49017.95,2026-03-31 19:53:56.651764
3324,Kenneth Saunders,75,175304.21,2026-01-02 01:56:52.725524
3325,Thomas Schneider,34,189993.96,2025-09-01 21:22:33.939137
3326,Amanda Garcia,44,177937.67,2025-05-23 04:48:05.862059
3327,John Fox,63,198679.32,2025-01-16 10:06:13.751752
3328,Heather Williams,65,186346.77,2024-03-14 04:24:09.476200
3329,Jason Marshall,51,122263.69,2026-02-21 03:04:02.133131
3330,Mark Randall,63,151014.26,2024-06-23 02:40:29.524927
3331,Tammy Hart,21,46344.95,2024-08-15 08:04:59.166244
3332,Megan Meyer,65,84347.39,2025-03-14 14:04:45.518597
3333,Sarah Moore,32,57032.62,2024-11-15 00:27:55.491605
3334,Kristina Mercado,47,154248.54,2024-01-14 04:57:20.835473
3335,Gabriel Miller,57,84162.91,2023-12-09 21:49:36.886197
3336,Lisa Chan,44,197111.98,2026-05-15 17:01:11.653431
3337,Randall Diaz,58,40653.14,2026-02-05 21:14:57.749009
3338,Alyssa Webb,67,167870.56,2024-03-20 00:13:57.098232
3339,Christopher Pittman,34,119854.95,2025-02-28 05:20:00.221744
3340,Michael Dunn,74,32272.58,2024-10-10 03:55:21.803926
3341,Johnathan Shaffer,45,175313.35,2024-05-07 16:31:08.179430
3342,Alyssa Martin,58,32132.61,2026-04-20 04:13:45.400652
3343,Jorge Lynch,37,82537.31,2025-02-20 01:44:19.368708
3344,Candice Douglas,54,44697.41,2023-09-02 00:47:52.981567
3345,David Jackson,73,74498.18,2023-07-14 01:34:00.572132
3346,Matthew Dyer,42,112046.05,2024-02-29 10:09:50.131020
3347,Joseph Gonzales,50,45568.24,2023-09-01 14:50:10.990188
3348,Chris James V,22,68931.36,2024-08-24 01:51:45.411025
3349,John Lee,39,76272.61,2025-10-25 09:29:33.299620
3350,Timothy Dominguez,19,49493.19,2025-04-03 05:15:37.775161
3351,Marc Maxwell,63,41094.57,2026-02-05 11:59:43.846416
3352,Alicia Yang,23,53694.55,2024-10-07 13:55:45.713093
3353,Anthony Bowman,56,152305.72,2026-02-28 00:11:40.804504
3354,Robert Sims,40,85089.68,2026-03-16 19:40:50.475620
3355,Jeff Lyons,69,142411.7,2024-11-16 19:09:09.644453
3356,Norma Decker,60,144655.93,2026-05-13 20:06:25.455148
3357,Donna Evans,30,194152.43,2023-11-03 15:25:33.702768
3358,Aaron Owen,72,164869.16,2026-03-04 07:31:54.208302
3359,Eric Mendez,72,85799.11,2025-07-12 14:03:10.090894
3360,Daniel Robinson,50,136659.27,2024-07-23 20:50:43.561571
3361,Allison Rice,75,57883.57,2026-04-10 14:32:42.385103
3362,Troy Bailey,29,103471.77,2025-08-10 01:04:54.842876
3363,Monica Gillespie,33,181869.79,2025-02-11 15:50:20.148751
3364,Anna Clark,34,51045.2,2025-07-12 19:11:14.350885
3365,Mr. Bobby Chavez,66,149518.78,2025-10-06 11:26:30.018823
3366,Christina Levine,53,113980.6,2025-06-21 07:40:37.414367
3367,Colleen Black,43,166371.63,2025-03-05 02:43:21.824710
3368,Corey Johnson,47,138526.61,2026-04-27 06:17:05.948220
3369,Amber Thompson,59,143478.4,2025-04-26 00:47:14.168408
3370,Daniel Meyers,28,120522.89,2026-02-20 00:00:42.772071
3371,Jonathan Williams,37,86286.58,2024-02-09 00:56:24.973096
3372,Allen Petersen,53,71496.3,2024-06-27 07:48:24.864964
3373,Calvin Lee,46,109892.35,2023-09-11 15:21:53.888908
3374,Bruce Mueller,25,104071.24,2026-05-19 11:06:55.455682
3375,Susan Clark,70,111082.71,2024-08-30 15:05:40.358720
3376,Nicole Gregory,63,199349.7,2025-10-09 03:35:15.623886
3377,Matthew Gomez,71,74792.1,2023-11-28 14:52:13.069767
3378,Michael Hoffman,51,82623.58,2024-10-09 18:44:20.702349
3379,Mary Hill,41,176860.0,2026-03-24 22:36:39.148834
3380,Chelsea Owens,75,137097.74,2026-03-13 23:56:53.736871
3381,Daniel Rogers,35,165368.89,2025-03-03 00:52:47.176788
3382,David Dixon,60,181304.46,2023-08-02 23:23:06.814460
3383,Amber Schaefer,62,186960.17,2026-03-01 15:41:51.509434
3384,Lisa Singh,56,31124.41,2025-08-18 04:30:04.769834
3385,Michelle Hammond,46,71545.63,2024-12-25 04:44:51.931119
3386,Daniel Washington,74,140680.17,2025-05-18 12:49:40.163656
3387,Christopher Doyle,45,133441.0,2024-07-06 17:05:35.981896
3388,David Armstrong,39,140580.38,2024-06-10 17:57:57.015678
3389,Jennifer Smith,35,45784.04,2023-06-19 16:24:02.210423
3390,Sherry Carpenter,25,133474.55,2024-10-16 16:45:23.604939
3391,Ann Grimes,43,65650.3,2025-04-06 16:26:26.320323
3392,Kelsey Baker,70,166708.18,2023-07-01 18:01:18.642411
3393,James Contreras,57,85445.57,2024-07-25 10:35:06.395982
3394,Stephanie Hebert,19,138215.49,2025-03-01 09:47:01.078530
3395,Angela Henry,22,81966.04,2024-12-27 19:10:50.511606
3396,Drew Morris,41,188473.93,2025-09-07 00:32:38.242568
3397,Alicia Williams,34,170135.24,2023-06-15 13:19:49.374494
3398,Allen Martinez,48,38353.85,2024-03-11 08:46:20.310918
3399,Blake Farley,37,52742.16,2026-06-06 10:36:47.289848
3400,Lisa Greene,69,95196.76,2025-02-09 04:15:19.527619
3401,Mark Martin,73,47253.47,2024-01-08 11:23:26.443054
3402,Jane Underwood,59,75557.26,2025-06-10 07:55:30.497055
3403,Christina Bennett,73,84068.06,2024-07-02 23:15:55.427995
3404,Tammy Holloway,27,49575.66,2026-01-22 21:07:32.811646
3405,Emily Mckenzie,35,92799.68,2023-07-30 03:59:48.635844
3406,Jennifer Miller,55,125763.16,2026-03-30 01:13:11.558917
3407,Ethan Ochoa,41,187088.68,2025-04-28 15:58:22.680688
3408,John Walker,29,169896.51,2024-03-13 03:58:52.131421
3409,Kristin Rollins,72,79793.47,2023-12-19 16:02:45.793601
3410,Kenneth Williams,71,141760.21,2025-07-27 16:25:18.308626
3411,Karen Krause,35,75197.47,2025-03-04 21:16:42.370841
3412,Daniel Irwin,27,105843.67,2025-07-21 05:01:17.063268
3413,Alan Mcdaniel,22,45351.04,2025-06-27 11:59:39.334904
3414,Cynthia Benson,27,140307.36,2026-04-22 18:23:25.147400
3415,Brian Robinson,30,144377.96,2023-12-23 03:05:39.188220
3416,Matthew Shea,35,126643.2,2025-03-17 09:40:58.631745
3417,Paul Foley,45,168686.76,2024-06-22 02:23:45.256634
3418,Tonya Anderson,30,110278.97,2026-06-06 03:09:03.065556
3419,Michele Rios,68,94615.61,2025-07-24 23:42:03.832102
3420,Jonathan Tanner,60,177719.72,2025-03-10 21:26:07.305940
3421,William Nicholson,60,195329.48,2024-04-06 05:19:43.238145
3422,William Mercado,61,80299.09,2025-11-04 04:56:31.237987
3423,Lindsey Nolan,54,185174.18,2024-08-22 20:20:50.748471
3424,Juan Washington,73,159106.34,2025-08-06 11:45:35.967208
3425,Hannah Hernandez DDS,55,35922.04,2025-08-30 06:43:47.233799
3426,Kelly Goodwin,46,175409.44,2025-11-06 03:00:28.570214
3427,Alisha Chaney,73,102114.66,2024-07-08 20:16:25.909990
3428,Sandra Wells,20,66769.82,2024-03-29 03:30:00.427748
3429,Laura Clark,42,186378.52,2025-12-17 07:27:46.989676
3430,Lori Rush,21,157322.04,2024-03-02 07:25:55.553790
3431,John Fisher,30,149837.25,2026-03-16 18:36:22.186179
3432,Heather Bennett,47,84342.93,2025-05-27 21:16:17.779861
3433,Mark Reed,55,98595.33,2023-09-03 21:28:23.972388
3434,Jessica Martinez,48,162620.97,2023-08-28 14:03:35.598858
3435,Ian Peterson,32,49070.03,2025-05-24 11:11:14.264942
3436,Christine Powell,21,170905.5,2024-12-02 14:11:08.291795
3437,Rachel Lane,72,147089.42,2023-07-23 17:45:37.951064
3438,Brittany Martin,59,131375.99,2024-06-18 15:11:30.720612
3439,Michael Mckenzie,33,163461.57,2026-02-17 14:34:07.106390
3440,Rachel Wright,23,198070.68,2025-01-29 19:17:42.421221
3441,William Matthews,36,141434.01,2023-08-28 23:21:05.305822
3442,Raven Ali,73,173167.55,2023-08-14 20:02:11.833153
3443,Jonathan Baker,49,91040.73,2026-05-08 08:06:57.638664
3444,Troy Berg,62,55869.26,2025-02-25 22:28:41.585783
3445,Sheila Robinson,59,133565.03,2024-04-29 16:14:44.658936
3446,Christopher Ramirez,54,134706.12,2024-01-20 18:24:29.973776
3447,Jennifer Hodge,65,160758.73,2023-07-03 21:25:40.703038
3448,Jasmine Ortega,33,67400.29,2024-03-02 10:22:22.373993
3449,Jacob Benitez,27,176991.7,2024-10-22 23:52:04.259672
3450,John Beltran,34,96481.56,2024-06-20 07:20:07.543500
3451,Amanda Jacobs,50,31534.48,2026-06-05 22:36:40.416973
3452,Melissa Atkins,23,51353.61,2024-09-13 20:56:01.638879
3453,Shannon Blankenship,27,143437.73,2025-06-29 21:35:59.540113
3454,Beth Pineda,61,195024.56,2026-03-28 19:09:12.055373
3455,Jennifer Lewis,65,196739.3,2024-05-14 10:04:10.961597
3456,Roy Wilson,53,173529.68,2023-10-02 18:58:38.519150
3457,Angela Roberts,72,146745.31,2025-11-26 07:29:40.968047
3458,Courtney Gardner,56,173264.01,2025-05-03 10:58:19.663346
3459,Leah Bates,47,174504.69,2023-10-15 19:36:42.829326
3460,Michael Johnson,36,189940.14,2025-11-21 18:47:15.151317
3461,Mark Booker,44,54677.47,2024-01-28 21:01:22.993604
3462,James Krueger,67,128901.7,2023-07-07 18:36:39.026139
3463,Mr. Carl Young Jr.,40,172431.32,2024-11-04 07:39:38.393517
3464,Brittney Chavez,46,35290.37,2026-03-04 09:48:48.723606
3465,Marilyn Davis,21,151303.44,2024-06-29 11:35:23.872672
3466,Wendy Peterson,29,180969.26,2025-05-22 11:46:45.088670
3467,Diane Moyer,32,176219.17,2025-01-07 20:58:39.935512
3468,Rebecca Gates,68,173351.8,2025-01-29 08:46:25.773113
3469,David Lara,27,190846.21,2023-12-17 03:55:00.135619
3470,Tamara Brooks,55,116915.93,2025-02-15 08:40:42.491134
3471,Kathryn Wilson,32,195961.72,2025-03-26 20:26:59.164904
3472,Jennifer Huff,28,132595.1,2024-09-30 08:13:46.294403
3473,Jennifer Nolan,51,44015.76,2023-07-07 00:32:27.085212
3474,Melissa Caldwell,58,149628.92,2025-01-25 12:33:34.620617
3475,Steven Christensen,64,164073.63,2024-04-28 00:24:53.413199
3476,Lisa Thomas,36,194196.26,2025-06-08 23:21:21.857692
3477,Alicia Cherry,29,143593.51,2025-07-17 08:09:52.900347
3478,Charles Peterson,20,173990.61,2024-08-22 18:42:32.708928
3479,Brittany Nguyen,63,39252.41,2023-10-03 11:40:07.791164
3480,Sean Bates,38,78329.17,2026-05-16 22:35:30.149275
3481,Brian Dixon,60,34709.85,2025-08-10 07:39:23.751475
3482,Martha Wilson,71,95879.94,2024-07-18 16:53:17.155964
3483,Joseph Stewart,29,168295.2,2024-12-01 21:27:45.769202
3484,Courtney King,30,85635.55,2024-07-31 22:08:27.241608
3485,Victoria Oneal,19,81905.96,2026-02-20 03:01:38.808657
3486,William Payne,29,30688.17,2026-02-25 05:49:45.457273
3487,Kiara Stewart,19,135070.74,2025-02-26 02:02:34.282459
3488,Taylor Odonnell,32,187966.45,2025-07-31 08:07:52.907973
3489,Sherri Rodriguez,60,105713.58,2023-09-12 05:11:59.815067
3490,Scott Williams,59,153356.8,2024-02-02 09:52:34.546911
3491,Mario Kirby,71,60337.29,2025-01-13 07:34:48.539176
3492,Leslie Fox,58,55933.94,2023-08-03 02:12:05.970078
3493,Marcus Ortiz,67,33728.15,2025-05-03 23:49:08.772928
3494,Heather Willis,29,134882.35,2023-12-24 22:50:26.098387
3495,Ruben Martinez,41,68600.94,2023-12-30 08:16:14.853786
3496,Joseph Campbell,20,47764.14,2024-08-01 08:11:18.264381
3497,Johnny Gonzalez,30,173628.25,2025-05-24 19:25:58.839432
3498,Jason Rios,27,130726.22,2024-06-04 08:37:45.008633
3499,Colleen Strong,73,127178.6,2023-08-21 02:13:57.244644
3500,Donna Watson,21,193742.2,2026-05-21 12:36:25.485621
3501,Jasmine Cook,72,128111.14,2025-01-15 03:29:42.110169
3502,Susan Anderson,34,86479.85,2024-12-27 23:21:51.017469
3503,David Mcintosh,27,57307.31,2025-03-10 18:26:10.471609
3504,Michael Wallace,30,166638.35,2025-11-09 17:24:04.740156
3505,Tina Wolf,38,112308.18,2024-07-06 11:22:56.607987
3506,Rhonda Simpson,48,60323.64,2024-07-14 19:03:11.152033
3507,Karen Brown,55,128941.7,2026-02-06 21:25:01.964959
3508,Joseph Carter,33,152680.6,2025-12-26 12:24:15.603747
3509,Rachael Morgan,66,98074.57,2024-09-07 09:20:24.264510
3510,Brenda Huffman,57,36089.69,2024-11-04 08:47:32.894093
3511,Denise White,32,120184.19,2023-11-04 17:20:15.876759
3512,Michael West,39,185072.47,2023-06-14 00:44:54.912904
3513,Dustin Powers,47,46465.54,2025-01-16 10:05:44.448136
3514,Raymond Davidson,54,89850.7,2024-12-22 22:54:20.239393
3515,Brenda Johnson,26,86379.66,2025-04-25 01:48:20.116489
3516,Tina Bell,20,193591.72,2026-03-22 12:49:14.986482
3517,Nancy Roach DDS,23,192789.99,2025-09-13 00:01:53.180118
3518,Michael Guzman,62,64433.35,2025-11-05 02:39:51.747174
3519,Dawn Bailey PhD,19,59369.56,2024-02-29 00:01:13.158255
3520,Samantha Scott,36,54809.98,2025-11-22 19:27:10.481644
3521,Michael Fisher,47,147787.02,2025-07-30 07:06:40.536690
3522,Elizabeth Collins,21,159040.51,2024-05-12 22:16:47.608115
3523,Keith Garcia,36,45574.4,2026-01-07 08:44:03.843605
3524,Mario Dickerson,65,197590.88,2024-03-07 06:52:44.265356
3525,Ronald Miller,55,49379.29,2024-05-02 05:36:16.471634
3526,Brent Hurley,53,70815.93,2023-12-23 14:09:08.965545
3527,Joseph Knapp,32,35235.0,2025-10-07 13:26:26.719547
3528,Elizabeth Lindsey,27,92027.29,2023-09-05 21:02:27.798993
3529,Stanley Juarez,34,138909.65,2024-01-20 04:25:31.693883
3530,Kimberly Jackson,31,157107.17,2024-05-24 20:12:01.707287
3531,Rebecca Hicks,48,31182.92,2024-03-05 09:57:56.367117
3532,Eric Perry,53,75160.81,2024-01-01 22:26:05.944499
3533,Anthony Clayton,32,120055.94,2023-09-20 19:15:31.107314
3534,Christina Rodriguez,44,122061.31,2024-08-06 08:42:10.007518
3535,Troy Mora,42,146130.27,2024-02-13 02:05:05.703141
3536,Lori Todd,66,152523.43,2026-03-20 19:14:31.221169
3537,Shawn Beard,71,40195.68,2024-09-09 07:55:48.382159
3538,Deborah Villanueva,21,65341.68,2025-06-28 09:28:23.105225
3539,Derrick Austin,22,176499.17,2024-05-14 19:41:42.818650
3540,Larry Mann,38,136798.03,2025-07-31 19:42:40.727650
3541,Andre Frye,54,86935.49,2025-12-08 12:58:08.440221
3542,Mr. Austin Lopez,37,85165.26,2026-05-04 06:16:25.808978
3543,Shannon Sawyer,44,156642.44,2024-12-21 01:53:57.461717
3544,Aaron Flores,46,102195.67,2025-09-16 11:50:25.700420
3545,David Gallagher,20,63140.28,2026-05-01 04:29:14.078855
3546,Stacey Finley,75,115547.79,2025-08-13 08:00:17.575245
3547,Joseph Ellis,53,98850.91,2024-04-26 20:48:30.647641
3548,Heather Roberson,71,89266.06,2025-08-31 13:23:32.821724
3549,Maria Cook,60,67996.83,2026-01-24 10:59:45.514722
3550,Natalie Mendoza,63,135217.36,2024-09-04 14:02:23.408404
3551,Sheri Richardson,51,189589.32,2026-04-07 21:55:22.885305
3552,Donna Webb,65,166254.46,2025-11-30 20:59:29.069333
3553,Teresa Davis,64,67770.64,2024-05-17 18:49:18.893936
3554,James Jordan,65,181336.7,2026-05-16 11:39:57.048067
3555,Vicki Davidson,39,197869.88,2024-06-24 15:45:28.626022
3556,Maria Patel DVM,39,111163.96,2026-01-06 17:34:00.692370
3557,Ashley Cohen,29,125945.37,2024-08-29 14:03:52.552212
3558,Lindsey Harper MD,63,77779.07,2023-11-22 21:08:56.641249
3559,Billy Johnson,61,82345.39,2026-04-22 21:11:51.976400
3560,Sue Hernandez,59,113185.05,2024-07-03 07:47:28.469839
3561,Julie Harrington,59,134119.26,2023-06-15 04:04:13.536375
3562,Jason Holloway,68,109941.8,2026-01-05 03:34:46.918731
3563,Rachael Mcclain,56,80586.27,2024-02-27 23:45:04.698120
3564,Wanda Flores MD,38,51958.43,2024-11-11 19:53:43.919082
3565,Charlotte Bryant,38,156820.18,2025-12-29 07:32:29.168116
3566,Susan Haas,75,194187.37,2023-10-10 09:56:24.594727
3567,Jeffrey Russell,55,61943.52,2025-03-27 07:59:51.355617
3568,Christine Gonzalez,44,30067.26,2024-02-21 21:53:54.922250
3569,William Burton,56,177141.45,2025-01-20 14:27:27.429847
3570,Kenneth Solomon,46,161756.97,2026-03-20 12:59:54.662746
3571,Amber Coffey,51,88756.59,2025-11-22 09:40:22.707513
3572,Matthew Eaton,20,54928.07,2024-03-23 20:58:50.218172
3573,Patricia Jones,32,106662.35,2026-01-14 07:10:54.571495
3574,Zachary Conner,46,188948.69,2025-01-31 17:00:21.871399
3575,Caleb Cook,35,50491.8,2024-12-27 08:43:24.555360
3576,Wendy Johnson,68,91827.66,2024-07-05 06:20:46.241226
3577,Stacey Phillips,66,49460.43,2024-03-14 18:03:55.110877
3578,Michelle Carter,68,39368.22,2023-08-03 17:45:30.911891
3579,Joseph Miller,55,79447.36,2024-11-13 07:25:47.686571
3580,Lauren Welch,56,149391.07,2025-08-07 12:02:50.462491
3581,Claudia Heath,51,106096.78,2024-08-08 11:33:09.997936
3582,Kimberly Horne,42,123907.96,2025-03-05 20:02:44.086083
3583,Ebony Bennett,64,59278.01,2023-09-28 14:28:28.628254
3584,Luis Mooney,46,49746.36,2023-12-09 14:48:18.715429
3585,Tony Perez,54,160290.99,2023-07-16 00:50:50.185027
3586,Amanda Mcdonald,44,91898.99,2023-12-25 17:47:00.162376
3587,Mike Miller,46,37555.1,2024-08-17 12:21:12.506862
3588,Cody Conway,72,102292.34,2024-11-03 15:43:59.628901
3589,Jeremy Farrell,22,55649.3,2023-06-14 00:42:51.588006
3590,Cheryl Andrews,39,132287.65,2025-02-09 11:33:20.219150
3591,Maria Frank,39,134330.58,2023-08-17 03:13:07.178161
3592,Kevin Salazar,25,125898.96,2026-04-25 08:52:29.085197
3593,Rachel Ayala,75,152241.92,2025-08-04 17:39:06.745408
3594,Christopher Moran,26,45664.76,2024-10-11 13:19:10.213619
3595,Raymond Yang,56,107230.74,2025-01-11 20:40:48.530576
3596,Amanda Dawson,73,102177.12,2025-11-08 22:01:37.980392
3597,Daniel Miranda,74,110935.4,2024-05-24 12:46:24.241272
3598,Joseph Higgins,54,103466.56,2024-01-04 13:21:59.459113
3599,Ryan Cabrera,59,106796.55,2024-12-13 20:40:23.317705
3600,Daniel Deleon MD,73,76856.59,2025-06-12 08:12:20.152002
3601,Kyle Atkinson,53,149657.36,2023-12-21 07:04:52.180957
3602,Jose Smith,35,109172.8,2024-10-12 14:01:34.945188
3603,Kevin Smith,46,172359.12,2023-07-16 20:48:17.634702
3604,Jennifer Baker,22,107282.85,2026-03-26 02:10:02.260654
3605,Travis Howe,68,141560.32,2025-03-06 12:24:49.331385
3606,Brandy Adams,52,128499.36,2023-07-22 08:26:34.676767
3607,William Koch,52,175164.29,2024-09-28 20:24:19.482549
3608,Mitchell Montes,34,161492.75,2024-07-19 17:19:06.026015
3609,Michael Lee,21,128283.39,2024-06-30 13:42:21.843648
3610,Samuel Ward PhD,34,151506.54,2025-10-05 02:39:39.754202
3611,Amanda Phillips,43,84207.92,2025-05-06 17:43:37.396684
3612,Darlene Brown,75,75757.02,2025-11-05 17:27:07.480862
3613,Kara Wilson,32,129106.67,2025-07-26 10:49:43.356564
3614,Donna Alvarez,62,170553.77,2024-08-14 07:36:25.552747
3615,Dr. Amanda Martin,60,74435.05,2026-05-05 14:24:32.682749
3616,Douglas Williams,68,118325.52,2026-05-15 15:51:54.284429
3617,Jesse Briggs,39,156872.0,2025-10-25 20:51:21.791507
3618,Michael Brown,50,65373.5,2025-09-26 18:09:31.513606
3619,Patrick Colon,41,91621.55,2023-12-11 11:24:10.291349
3620,Denise Griffin,30,80961.73,2023-08-11 08:56:52.973177
3621,Jennifer Taylor,57,170264.69,2025-05-23 02:28:35.753506
3622,Nicholas Daugherty,68,39241.72,2025-05-13 10:01:02.769259
3623,Jacqueline Swanson,55,52086.56,2025-01-01 21:09:42.817635
3624,Amanda Cross,24,122865.98,2023-09-15 18:12:46.299079
3625,Marco Ray,46,81954.33,2025-03-01 06:28:12.265797
3626,Melinda Jimenez,49,155819.11,2024-02-18 12:09:29.344946
3627,Ryan Hanson,34,153675.19,2024-01-04 09:56:21.425872
3628,Rachel Rodriguez,42,43804.67,2025-11-06 01:45:16.854915
3629,Brittany Ryan,60,91373.68,2025-07-15 01:08:34.182174
3630,Joseph Reid,35,131639.71,2025-08-07 22:18:10.018364
3631,Regina Hamilton,30,108478.14,2026-03-23 06:40:43.235320
3632,Taylor Griffin,46,113063.59,2026-01-14 03:05:52.354992
3633,Jose Beltran,58,164964.37,2023-07-06 05:44:22.800452
3634,Christopher Morales,35,118682.7,2024-02-09 15:33:24.883152
3635,Eric Lyons,43,43595.94,2024-02-04 21:02:12.482714
3636,Jennifer Mitchell,39,181750.25,2025-10-31 12:00:51.442714
3637,Ashley Richardson,30,153687.99,2026-05-12 23:23:12.401381
3638,Billy Clayton,74,197662.17,2025-08-05 12:41:48.301029
3639,Rebecca Serrano,50,199479.36,2023-11-12 00:51:48.382376
3640,Brittney May,23,80719.83,2026-05-10 19:54:53.867548
3641,Valerie Ortiz,60,76015.68,2023-06-21 05:06:41.801207
3642,Lindsey Cook,37,182066.81,2023-09-09 17:53:39.893173
3643,Daniel Smith,63,37667.39,2024-12-11 11:44:17.247837
3644,Gabriel Cain,50,57431.84,2026-04-28 19:02:21.584465
3645,William Rice,19,128916.73,2025-04-03 05:35:18.420306
3646,Rachel Harrison,49,57073.84,2024-04-19 11:12:54.254914
3647,Zachary Case,65,190147.52,2023-11-29 02:53:05.253201
3648,Mr. Wesley Montoya,41,177064.6,2023-10-06 01:01:22.481581
3649,Anne Smith,63,65710.68,2025-02-07 21:28:35.713510
3650,Willie Cooper,35,192103.96,2023-10-08 03:48:53.044102
3651,James Parsons,22,95112.01,2024-04-09 18:01:39.316241
3652,Trevor Bishop,33,90794.9,2024-12-28 15:33:39.378729
3653,Isaiah Kelley,53,118659.39,2024-07-02 09:34:33.784818
3654,Tiffany Howard,25,87036.64,2025-08-18 18:26:29.626808
3655,William Sheppard,58,92306.23,2023-12-25 12:35:57.020881
3656,Danielle Hamilton,29,61426.73,2023-06-21 01:34:36.423463
3657,Rodney Rios,33,184008.35,2025-07-21 05:03:04.822638
3658,Anna Lambert,33,121393.53,2024-08-14 18:53:20.090680
3659,David Mcintyre,45,44362.58,2025-08-10 06:50:03.193631
3660,Jade Vasquez,36,154828.67,2025-07-21 20:53:31.727899
3661,Allison Martin,27,76028.8,2025-11-18 04:50:17.694292
3662,Mary Blackwell,33,142251.29,2023-08-07 12:04:54.538123
3663,April Pratt,52,33992.15,2025-05-26 07:25:58.905887
3664,Michael Johnson,39,188124.8,2024-11-10 00:09:54.921340
3665,Karen Johnson,50,37000.81,2025-07-05 22:41:55.498182
3666,James Parker,25,68449.72,2024-02-06 09:21:06.338184
3667,Christopher Morris,67,148499.31,2023-09-13 22:38:09.484602
3668,Breanna Leach,47,161033.64,2023-06-16 19:48:29.202469
3669,Hunter Knox,48,75136.36,2024-06-28 02:16:14.455934
3670,John Smith,20,94275.03,2024-08-24 03:02:14.793100
3671,James Sims,55,83831.75,2024-08-09 14:43:31.165175
3672,Heather White,64,39454.53,2023-07-06 14:17:11.149635
3673,Christopher Howard,24,147154.9,2024-07-05 17:56:40.695174
3674,Jennifer Livingston,28,161911.34,2024-02-17 10:56:18.156531
3675,Cynthia Owens,25,123304.21,2026-04-24 01:17:00.505873
3676,Tara Edwards,66,39748.76,2025-02-04 01:53:13.031334
3677,Randy Ramirez,40,51063.31,2025-05-30 06:05:22.716189
3678,Stephanie Warner,51,60954.75,2024-09-01 06:58:59.001549
3679,Kathryn Ramirez,69,155182.18,2024-03-04 15:30:48.826474
3680,Mary Hernandez,46,189607.28,2026-03-25 08:31:10.214177
3681,Gary Daugherty,34,64635.93,2025-12-30 03:09:46.021710
3682,Joshua Coleman,33,37047.8,2024-08-18 16:19:52.924298
3683,Brandy Mccarthy,70,42378.49,2025-08-11 02:31:11.175137
3684,Susan Hall,18,109719.92,2024-06-20 23:55:52.032780
3685,Nathan Jones,22,198776.68,2024-08-26 16:21:00.855813
3686,Nancy Francis,34,32087.76,2024-02-22 17:13:55.185304
3687,Jeffrey Dickson,22,56669.62,2024-07-21 20:46:51.090968
3688,David Zavala,37,71006.36,2026-06-02 00:48:54.306340
3689,Samantha Mcmillan,28,106136.81,2025-05-09 10:06:07.052444
3690,Franklin Gonzalez,46,108395.98,2025-01-20 23:54:29.459509
3691,Daniel Wilson,44,37502.54,2024-11-05 10:06:38.355482
3692,Alicia Norris,26,84629.34,2024-10-12 11:53:42.453102
3693,Joseph Norris,39,175159.42,2024-08-15 13:19:39.552822
3694,Jay Morton,23,65830.83,2023-12-29 08:22:25.057294
3695,Stefanie Reyes,75,199241.69,2024-09-08 19:44:48.759608
3696,Karen Marshall,41,180068.19,2026-02-05 09:23:10.391545
3697,Joshua Davis,26,179726.62,2025-03-08 03:08:02.060277
3698,Michael Rivera,42,83874.78,2025-08-27 13:01:11.909990
3699,Melissa Taylor,58,168598.54,2023-06-21 19:23:25.610626
3700,Jessica Smith,58,80420.82,2024-07-07 01:06:02.596755
3701,Megan Gilmore,28,63372.5,2024-06-05 06:46:02.908799
3702,Eric Schroeder MD,59,69200.43,2026-04-04 22:57:25.229610
3703,Rachel Miller,62,74479.76,2023-11-09 11:58:01.927429
3704,Brandon Johnson,57,69747.68,2025-03-31 22:22:15.444059
3705,Brian Mullen,40,113723.38,2024-05-31 11:35:55.901398
3706,Jennifer Morris,52,109254.52,2023-10-05 23:02:56.031340
3707,Todd Stewart,62,65299.2,2024-07-04 06:02:59.476234
3708,Craig Flores,18,48805.27,2023-09-02 17:43:12.899689
3709,Justin Williams,27,194729.65,2025-02-17 15:13:48.203969
3710,Scott Wilson,21,194935.71,2023-10-20 15:04:42.320958
3711,Danny Fox,66,115157.28,2023-09-30 05:42:44.085052
3712,Shawn Molina,25,31651.83,2025-08-09 01:49:31.069193
3713,Nichole Rodriguez,53,104337.73,2025-05-11 13:35:39.972555
3714,Stephanie Moody,23,83503.7,2024-09-15 05:56:01.200300
3715,Amanda Jones,55,71793.45,2023-09-01 16:32:17.302966
3716,Jesse Smith,26,39197.18,2025-12-27 21:35:01.459271
3717,Thomas Oconnor,32,109161.89,2024-02-02 10:42:57.494159
3718,Christina Wilcox,43,92298.15,2023-12-12 09:46:19.241396
3719,Joshua Lopez,63,83144.42,2024-07-10 00:02:42.365187
3720,Alexander Mitchell,18,148783.32,2024-06-03 17:28:19.820987
3721,Heather Smith,26,56330.5,2024-03-23 04:00:56.449687
3722,Gregory Coleman,37,69332.01,2024-12-02 13:50:11.997907
3723,Edwin Coleman,19,137839.4,2026-06-01 11:14:01.180649
3724,Michael Avery,33,111528.69,2024-09-22 11:12:18.404064
3725,Jesse Ramos,36,75185.42,2024-02-19 18:41:42.149555
3726,Melinda Riley,60,92869.89,2023-10-31 20:53:11.313545
3727,Kristen Walker,23,191906.84,2025-02-05 13:31:31.198007
3728,Clifford Baxter,40,152122.63,2024-09-08 12:55:33.861279
3729,Alexander Butler,24,62233.85,2024-09-13 22:43:07.202852
3730,Sean Underwood,47,129383.45,2025-09-15 03:24:39.185294
3731,William Greene,48,50365.09,2024-04-22 15:57:56.548942
3732,Andrew Fletcher,69,95668.73,2026-03-28 16:02:24.585351
3733,Kathryn Lawson,35,53347.82,2024-06-12 14:52:53.180108
3734,Daniel Reyes,54,173890.78,2023-09-24 07:09:31.408076
3735,Erica Wright,71,106055.23,2025-12-26 18:47:01.092392
3736,William Carlson,66,72315.02,2025-02-07 08:33:15.008717
3737,Kevin Wilson,49,158656.54,2026-02-03 03:56:19.706507
3738,Lauren Bennett,58,186878.68,2025-12-10 20:55:13.410125
3739,Devin Ruiz,69,125167.71,2026-03-22 05:02:33.271533
3740,Kathryn Jacobs,31,101452.28,2025-06-14 14:44:04.013631
3741,Thomas Robertson,75,33124.14,2024-12-26 00:40:20.318561
3742,Charles Flores,44,158252.09,2025-01-03 11:20:32.088875
3743,Karen Ramirez,20,153164.67,2024-05-06 07:08:22.036987
3744,Mike Nguyen,30,51907.26,2024-10-13 05:38:43.801633
3745,Courtney Arias,61,73974.54,2024-12-02 08:34:48.903216
3746,Brandon Smith,46,49570.96,2026-03-16 07:06:01.211970
3747,Ann Horn,73,160496.36,2024-10-30 22:18:10.650441
3748,Amanda Avila,52,111515.72,2025-06-26 23:38:02.414344
3749,Courtney Bernard MD,42,50170.64,2024-08-10 02:03:08.324249
3750,Andrea Chandler,58,112637.97,2024-06-21 20:42:58.175455
3751,Helen Martinez,73,167117.24,2024-08-17 16:10:04.281226
3752,Amanda Goodman,24,166818.77,2025-02-25 22:49:06.222443
3753,Joshua Holmes,50,187746.8,2026-04-05 08:51:22.043809
3754,Vincent Barnes,47,46092.21,2024-06-21 04:13:34.368590
3755,Benjamin Stewart,61,159256.15,2024-07-20 02:35:18.470072
3756,Heather Garrett,57,181583.46,2024-06-27 15:10:30.937291
3757,Jimmy Logan,46,191263.14,2025-06-30 16:12:26.546826
3758,Gregory Martinez,70,75676.42,2024-10-29 15:57:22.432545
3759,Gregory Fowler,21,69178.48,2026-06-13 03:45:22.128335
3760,Sean Strong,50,71998.28,2025-04-19 10:31:35.599956
3761,Alexander Walls,66,94245.2,2025-02-02 03:51:05.736791
3762,Mark Kelly,46,170653.28,2025-07-30 23:06:06.148468
3763,Jason Robinson,59,186993.63,2025-12-25 16:59:41.943844
3764,Gregory Todd,33,89224.04,2026-04-13 08:39:17.583141
3765,James White,27,121692.26,2023-11-01 23:02:16.016863
3766,Keith Hall MD,21,104499.38,2024-03-10 12:17:25.231850
3767,Christina Banks,73,183614.74,2023-12-17 01:48:41.625404
3768,Diane Smith,48,122626.53,2024-07-02 05:31:56.518473
3769,Carrie Baird,62,135844.11,2024-06-30 05:15:56.315127
3770,Sherry Kelly,30,125293.71,2026-01-05 19:00:03.633812
3771,Lisa Ellis,39,94997.26,2024-02-06 20:54:05.571325
3772,Dr. Cynthia Newman,39,62849.91,2026-02-19 11:05:58.007167
3773,Frederick Smith,67,152823.54,2023-09-04 09:49:11.432702
3774,Christopher Phillips,22,55372.77,2025-09-27 23:55:10.666509
3775,Katelyn Moss,60,199718.03,2025-07-27 05:50:57.023932
3776,Ronnie Walter,59,197519.21,2024-03-23 04:38:49.449810
3777,Christopher May,66,196074.84,2024-01-17 20:50:16.434943
3778,Matthew Shelton,71,76786.96,2025-10-13 13:24:08.987448
3779,Jennifer Silva,55,107404.15,2024-11-18 20:35:34.024140
3780,Rhonda Bates,51,157942.86,2024-06-25 22:10:47.874326
3781,Ethan Cox,41,31325.85,2024-09-24 00:04:07.155846
3782,William Stone,74,51776.82,2023-11-12 03:00:05.792191
3783,Kyle Farmer,49,120024.31,2025-11-18 17:38:24.571832
3784,Daniel Phillips,30,67546.32,2024-07-23 09:57:48.813717
3785,Eric Pham,39,169627.3,2026-04-27 07:56:02.295494
3786,Carrie Webb,69,95571.7,2025-12-03 00:32:09.606428
3787,Rachel Church,38,98988.23,2026-06-07 09:26:12.617643
3788,Jennifer Howell,29,119834.83,2023-08-09 08:40:49.996890
3789,Johnny Silva,49,119331.93,2025-09-23 00:58:26.604342
3790,Angela Gilmore,73,163249.49,2024-01-10 08:05:34.266827
3791,Darrell Ramirez,63,173098.49,2024-07-05 01:53:40.376968
3792,William Andrews,20,192250.36,2024-12-06 15:36:03.359173
3793,Elizabeth Christian,29,152756.17,2026-03-01 08:32:46.645309
3794,Zachary Adams,57,103359.24,2026-06-05 10:45:12.577607
3795,Juan Hall,71,76752.41,2025-10-05 04:04:23.553024
3796,Mark Wilson,39,87665.84,2024-09-23 04:04:25.419217
3797,Mr. Thomas Henson MD,52,158201.65,2026-05-20 23:27:54.758453
3798,Mark Clarke,28,185438.6,2024-09-21 02:07:32.631730
3799,Emily Hernandez,54,88822.42,2025-12-29 05:48:33.880576
3800,Sean Quinn,45,121484.88,2024-12-21 09:05:03.453158
3801,Evelyn Jones,45,41825.88,2026-05-26 09:57:47.421053
3802,Jenna Brown,53,161535.7,2025-02-05 02:44:35.079049
3803,Martin Griffin MD,52,80455.82,2023-10-01 21:47:54.417965
3804,Adam Rodriguez,18,182007.48,2025-02-11 05:29:24.489521
3805,Brad Sexton,61,117427.16,2025-06-14 03:57:22.904665
3806,James Browning,53,104447.76,2024-09-01 21:38:02.723414
3807,Cody Hall,44,192704.4,2025-12-26 01:39:41.750517
3808,Jonathan Henry,32,186379.55,2023-08-07 17:10:58.684671
3809,Elizabeth Cantrell,62,62981.7,2023-11-20 07:04:25.309264
3810,David Nixon,59,168962.01,2026-01-11 17:35:36.627048
3811,Alyssa Roberts,20,184225.69,2023-12-26 08:24:09.370988
3812,Pamela Wilson,56,66716.76,2025-12-25 05:33:32.932584
3813,Tara Patterson,46,80065.31,2023-06-19 13:42:15.642832
3814,Peter Rivera,63,141427.25,2025-09-21 08:37:37.111840
3815,Kristina Lara,35,152949.72,2024-11-02 21:47:47.074076
3816,Cheyenne Kirk,58,30129.75,2024-10-07 06:15:51.636608
3817,Lisa Russell,18,181255.84,2023-08-05 16:34:18.614941
3818,Brandon Perez MD,31,91971.93,2024-03-03 17:41:13.207482
3819,Courtney Park,22,178847.98,2023-07-28 12:42:57.773973
3820,Veronica Wright,73,149230.19,2025-06-09 00:23:12.664283
3821,James Meyers,72,162121.81,2025-11-19 18:20:50.105108
3822,Crystal Gould,58,42053.3,2026-02-18 22:22:15.632004
3823,Carl Baird,27,184463.21,2023-10-17 00:08:26.443716
3824,Jeffrey Howell,69,188274.52,2024-06-06 11:01:21.541767
3825,Lucas Ross,41,104408.68,2024-09-17 17:34:31.679601
3826,Charles Allison,37,166746.62,2026-04-12 08:03:44.478706
3827,Gail Rodriguez,50,54521.21,2025-01-17 00:34:25.783568
3828,Pamela Dodson,47,156061.63,2024-08-04 14:34:22.239605
3829,Rebekah Mendoza,25,118997.25,2024-07-10 15:09:41.340433
3830,Claudia Diaz,45,77144.31,2026-01-21 21:45:04.638925
3831,Jennifer Christian,75,113260.57,2025-02-22 00:37:21.699805
3832,Michael Robinson,56,133404.1,2025-11-17 00:07:50.744339
3833,Karen Hopkins,35,137632.06,2026-06-01 06:52:50.666684
3834,Daniel Hernandez,45,53316.12,2025-12-12 20:25:34.926936
3835,Gina Murray,61,156391.47,2024-12-05 20:07:36.266775
3836,Miss Barbara Wright,23,122599.43,2026-05-01 22:23:39.543096
3837,Wendy Campbell,30,124900.24,2025-02-27 21:34:47.520320
3838,Tracy Gonzalez,27,157020.1,2024-09-25 18:05:58.657431
3839,Dakota Rogers,54,165076.1,2023-11-10 06:06:48.841177
3840,Robert Duarte,47,33442.69,2024-08-30 15:21:46.186966
3841,Jeffrey Rowe,38,165366.51,2025-02-11 19:37:51.729434
3842,Brooke Mitchell,31,141542.83,2025-08-23 15:16:15.895201
3843,Brian Thompson,63,197350.38,2025-12-20 12:56:50.612911
3844,Andrew Bishop,56,91126.51,2025-01-24 20:58:07.547469
3845,Shannon Clark,50,147829.81,2024-05-31 12:05:22.425011
3846,Jessica Rice,65,189184.35,2024-07-06 20:29:32.310181
3847,Christopher Davis,63,50024.26,2024-02-09 19:51:38.387770
3848,Kathleen Ruiz,52,106764.48,2023-10-11 16:30:02.515276
3849,Anna Moore,18,188283.88,2026-05-02 20:44:21.635402
3850,Nicholas Palmer,19,148001.4,2026-05-04 02:42:10.774333
3851,Andrew Simpson,63,105894.0,2026-05-21 11:52:44.052479
3852,Sharon Williams,69,60528.95,2023-11-15 05:40:29.436212
3853,Patricia Miller,71,98733.13,2023-06-29 06:59:07.797976
3854,Juan Hudson,29,171206.69,2023-09-11 15:13:15.790609
3855,Gerald Craig III,65,39066.98,2026-04-21 21:43:22.163710
3856,Christine Anderson,44,174032.23,2023-06-28 21:15:36.526255
3857,Erica Moore,53,32215.4,2025-06-21 02:04:02.582627
3858,Michael Sutton,60,108913.52,2025-11-12 17:40:38.405342
3859,David White,48,186724.14,2023-07-20 07:00:04.443926
3860,Michael Brown,63,89760.83,2023-12-05 13:12:40.758666
3861,Shane Wagner,31,96886.31,2023-09-10 12:01:30.399915
3862,Melvin Pierce,25,48321.45,2026-01-08 17:34:48.996881
3863,Kelly Franklin,71,192598.99,2024-12-16 22:51:54.814921
3864,Samuel Romero,59,123259.33,2026-03-12 12:28:54.510269
3865,Edwin Watts,47,196151.81,2025-12-11 05:31:42.667320
3866,John Shaw,60,178379.71,2024-06-07 22:48:59.869163
3867,David Gutierrez,64,71947.53,2025-07-21 19:50:46.311205
3868,Shannon Perry,36,116321.53,2026-03-05 18:50:43.517947
3869,Dominic Vang,60,158886.26,2024-05-05 16:46:33.127618
3870,Diane Merritt,21,185014.6,2023-09-15 20:34:44.551421
3871,Dakota Garcia,50,98929.93,2025-05-22 08:49:15.066709
3872,Patricia James,65,88034.72,2025-04-27 15:16:59.028622
3873,Brandon Strong,22,48445.58,2025-12-01 09:03:40.295435
3874,Angela Burns,37,145385.39,2024-09-24 18:27:37.381427
3875,Hannah Prince,60,118711.44,2025-04-16 02:20:59.824275
3876,Devon Gibson,32,68172.11,2024-04-28 11:59:26.960768
3877,Amanda Velez,30,143557.22,2023-10-16 23:01:44.050653
3878,Rachel Gordon,22,138929.87,2024-11-19 09:23:21.090623
3879,Wayne Goodman,40,42729.71,2025-11-29 14:34:22.987638
3880,Cheyenne Yates,55,132796.74,2025-07-05 21:09:05.048522
3881,Victoria George,57,123039.83,2023-09-30 17:12:25.125794
3882,Eric Beck,41,63820.93,2026-03-11 04:33:35.418640
3883,William Johnson,40,114796.42,2023-11-29 07:27:13.225086
3884,Kelly King,48,66565.92,2023-11-21 19:44:08.467761
3885,Justin Martin,19,146569.06,2025-05-08 19:14:02.090817
3886,Brian Jefferson,69,119766.8,2025-04-19 02:56:40.407001
3887,Michael Stewart,32,35872.64,2024-02-27 00:36:47.203812
3888,Alexander Kerr,56,71899.65,2026-05-25 18:02:51.769921
3889,John Moore,27,30991.92,2023-08-05 21:26:39.020333
3890,Danielle Chapman,19,65754.82,2024-06-26 10:37:11.594952
3891,Andrew Delgado,67,44216.17,2025-02-16 00:35:51.954686
3892,Jennifer Davis,26,96828.04,2024-07-29 01:50:09.965561
3893,Sheila Newman,70,57892.92,2024-06-19 01:20:33.493007
3894,Ruth Rich,51,139230.99,2024-07-31 12:43:02.073730
3895,John Ray,47,91454.04,2025-12-25 23:16:18.704338
3896,Anthony Williams,71,131532.22,2025-12-03 18:51:21.453546
3897,Gregory Taylor,65,56229.54,2024-06-21 09:13:08.854742
3898,Catherine Waller,34,75000.31,2025-12-31 15:19:21.381067
3899,Kim Salas,45,64244.0,2024-12-09 23:59:25.956541
3900,Brad Huang,61,119409.05,2026-02-28 19:21:42.024751
3901,Oscar Hernandez,47,92798.49,2023-10-26 08:59:48.763907
3902,Ian Choi,41,67146.57,2025-09-13 16:34:33.293225
3903,Nicole Medina,37,153092.59,2024-03-02 14:27:52.533474
3904,Connor Hill,18,151565.85,2023-08-26 08:51:52.596020
3905,Angelica Mcdowell,18,99025.94,2024-12-21 21:11:58.916601
3906,Mary Keller,49,70214.02,2025-07-10 05:48:57.630612
3907,Peter Skinner,20,172529.77,2025-07-29 18:23:10.761677
3908,Jillian Moon,22,123763.72,2024-11-21 12:58:24.344673
3909,Edward Wright,58,69683.93,2026-01-06 02:39:33.215803
3910,Travis Burns,52,99530.96,2025-02-06 07:06:12.293653
3911,Claire Jensen,34,75480.4,2024-03-20 05:46:50.992722
3912,Christopher Wright,30,157174.55,2024-02-02 10:24:49.568420
3913,Angela Wells,54,46804.33,2023-08-25 10:52:59.982770
3914,Billy Martinez,31,189493.28,2023-09-15 16:08:37.202464
3915,Christine Huffman,48,166071.74,2024-11-06 20:40:21.996563
3916,Richard Freeman,22,87570.86,2024-10-23 01:16:50.435714
3917,Kimberly Rice,27,93666.79,2024-07-23 19:47:43.581669
3918,Robert Jimenez,23,116377.57,2024-04-06 05:48:45.766263
3919,Anthony Ferguson,19,109393.77,2023-07-27 12:54:16.155560
3920,Gabriel Hoffman,61,71152.06,2024-10-07 14:39:50.804969
3921,Bradley Walker,18,173463.51,2024-06-13 00:10:30.768574
3922,Rebekah Bradley,24,192418.59,2024-07-23 21:31:42.790337
3923,Debra Jones,42,92436.38,2025-08-30 19:35:05.831604
3924,Holly Williams,61,59258.77,2024-02-03 07:52:49.637922
3925,Amanda Hanson,67,103231.34,2025-02-01 22:02:10.546832
3926,Keith Wise,34,78221.53,2024-02-11 16:09:27.043997
3927,Jill Benson,71,169704.48,2023-06-13 19:48:50.726237
3928,Mr. Brandon Love,29,176795.44,2026-01-04 09:56:41.813890
3929,Mark Gray,37,105844.29,2025-04-23 05:13:30.148159
3930,Sheryl Sandoval,48,73997.95,2023-06-19 01:53:45.195734
3931,Barbara Dawson,54,158862.19,2024-05-11 08:12:17.492525
3932,Carolyn Brown,50,45478.3,2023-09-06 05:49:28.007595
3933,Michael Baker,63,89398.75,2024-11-17 06:53:00.627088
3934,Julie Wright,27,41165.74,2025-06-05 23:21:26.301174
3935,Kristen Lewis,58,168854.14,2026-04-29 16:35:29.208500
3936,Jimmy Malone,51,199390.67,2025-03-11 22:41:56.523806
3937,Gavin Gutierrez,72,116063.27,2025-07-03 08:13:51.721445
3938,Samuel Mcintyre,34,55487.96,2024-05-22 17:57:32.134718
3939,John Serrano,70,84569.1,2023-08-09 19:28:31.920438
3940,Jessica King,24,39241.93,2026-03-23 19:17:54.030919
3941,Catherine Larson,22,188928.73,2024-02-08 13:19:41.344167
3942,Olivia Dickson,46,65968.67,2025-10-15 05:36:52.357649
3943,Amber Smith,25,73709.86,2024-04-30 04:14:04.292115
3944,Cody Pope,65,68249.04,2024-10-27 20:28:30.874565
3945,Jacob Barnes,61,128845.25,2023-06-14 13:19:02.957290
3946,Adam Wagner,52,98157.14,2025-04-02 09:49:41.252885
3947,Michael King,26,88363.67,2026-03-18 09:00:37.955985
3948,Kathleen Santos,39,153329.51,2024-04-24 16:46:23.303261
3949,Brittany Case,22,143767.34,2026-04-18 04:55:58.062646
3950,Abigail Freeman,40,49302.67,2026-04-01 00:20:38.796736
3951,Lisa Erickson,69,168457.32,2026-06-05 22:04:27.174197
3952,Wesley Woods,50,182801.45,2024-04-28 22:13:01.484328
3953,Andrew Neal,28,40834.03,2026-04-16 12:17:01.106111
3954,Greg Diaz,52,68715.01,2026-05-17 00:55:49.623893
3955,Matthew Murray,66,39278.33,2024-07-12 03:03:18.531891
3956,David Brown DDS,62,145339.33,2024-05-24 14:15:05.391382
3957,April Hill,39,133061.34,2025-03-14 21:20:10.429233
3958,Donald Riley,63,104816.4,2026-01-02 06:52:38.406605
3959,Andrew Levy,52,50537.1,2026-04-22 06:30:04.120880
3960,Jay Larson,31,33985.45,2025-05-21 23:49:44.348536
3961,Tamara Austin,53,162633.74,2025-05-16 11:43:41.259369
3962,Robert Hawkins,72,126304.37,2024-05-15 01:39:43.281219
3963,Michael Johnson,71,88605.69,2025-12-11 04:36:57.026995
3964,Diana Parker,68,70293.3,2023-07-03 21:05:55.747137
3965,Dalton Flores,64,162112.95,2024-04-10 05:10:20.928776
3966,Devin Jackson,70,186247.39,2024-03-21 16:44:15.688964
3967,Mark Moore,65,173755.54,2023-12-31 12:19:24.311276
3968,Mr. Karl Wu,61,90931.67,2025-04-04 15:36:43.374650
3969,Erika Griffith,28,87774.39,2024-01-02 02:17:43.453373
3970,Allison Wolfe,36,99880.56,2023-11-13 07:52:50.080037
3971,John Anderson,45,116253.26,2024-05-13 05:19:53.785440
3972,Brent Smith,45,160648.05,2024-03-30 20:34:28.540459
3973,Larry Montes,70,47996.49,2025-05-05 01:11:58.485598
3974,Curtis Vaughn,55,148449.37,2023-07-20 02:43:43.927804
3975,Patricia Hampton,65,36171.13,2023-10-25 14:04:51.381742
3976,Zachary Conner,75,104201.15,2025-02-20 18:27:52.964965
3977,Katie Lane,31,137038.84,2024-02-20 00:13:51.215763
3978,James Ferguson,73,107976.05,2024-03-03 09:14:31.465085
3979,Anna Weiss,18,44182.83,2026-03-24 08:22:12.680131
3980,Kelsey Harris,63,137401.04,2024-02-28 22:50:11.933003
3981,Cynthia Evans,22,70322.07,2026-02-23 10:35:36.845242
3982,Michael Hartman,64,66289.89,2025-01-29 17:04:30.343571
3983,Richard Chavez,67,105989.94,2026-03-13 19:10:23.848049
3984,Matthew Nichols,26,107697.88,2025-07-10 07:23:18.739392
3985,Nicholas Beasley,40,141718.34,2025-06-20 08:05:03.179479
3986,Amanda Hartman,47,141954.26,2024-12-31 07:02:15.070318
3987,Holly Thomas,62,127150.06,2025-03-23 17:18:42.598763
3988,Olivia Anthony,73,165832.13,2024-04-07 19:03:18.709881
3989,David Benitez,37,143092.6,2024-03-12 10:50:33.329454
3990,Margaret Daniel,25,91167.92,2025-10-29 00:12:51.305249
3991,Yolanda Willis,54,113195.71,2024-11-24 17:09:50.490210
3992,Ryan Moore,30,156896.57,2026-02-10 20:59:31.136483
3993,Robert Rice,65,109937.39,2023-10-18 22:59:43.083898
3994,Lisa Jones,49,152000.26,2024-05-13 17:59:56.919699
3995,Mallory Rodriguez,21,75069.16,2025-07-20 20:09:54.587032
3996,Anthony Williams,74,197905.64,2026-02-18 22:32:48.007767
3997,Hannah Smith,32,197242.71,2024-11-26 08:14:14.320126
3998,Lindsay Hart,66,70668.82,2025-04-02 00:13:25.371905
3999,Chloe Phillips,70,67659.38,2023-11-27 06:01:12.793498
4000,Jason Cox,38,197237.6,2025-07-20 21:20:28.330463
4001,Carl Nash,30,102178.16,2024-05-28 10:43:22.874684
4002,Eric Velez,51,124979.25,2025-01-12 04:20:39.941689
4003,Michelle Williams,26,172552.05,2024-12-15 17:12:11.978771
4004,Lisa Hughes,49,88229.1,2025-05-01 22:47:02.324431
4005,Andrew Campos,28,180748.03,2023-07-29 16:13:53.963745
4006,James Rodgers,24,77753.54,2024-03-29 16:20:17.855498
4007,Robert Ellis,30,106597.34,2024-02-07 23:46:13.411907
4008,Justin Guerrero,32,180481.46,2025-08-17 02:50:35.573692
4009,Jerry Schultz,22,114713.48,2026-06-10 15:50:52.098032
4010,Travis Wagner,21,110284.62,2026-01-30 04:53:44.160536
4011,Brenda Gonzales,47,171562.69,2026-05-01 17:57:18.503185
4012,Brian Rush,70,83920.93,2023-06-27 23:54:11.748884
4013,Jasmine Sullivan,21,55624.11,2024-10-25 07:09:41.493702
4014,Tanya Figueroa,51,158025.43,2025-03-30 16:37:41.294628
4015,Taylor Duncan,72,187828.68,2025-03-13 19:03:42.757671
4016,Jessica Morgan DVM,55,135850.18,2026-04-04 03:17:09.322081
4017,Kelly Gonzalez,51,112276.53,2024-02-02 03:11:30.860159
4018,Justin Mccann,46,78788.42,2024-10-07 16:31:08.773076
4019,Brandy Berry,58,120921.97,2024-07-22 22:45:21.099648
4020,Patrick Henderson,41,129169.51,2023-12-19 07:52:45.542330
4021,Nicole Sanford,29,199322.34,2025-08-17 11:08:05.940528
4022,Marcus Adams,42,164053.99,2024-05-30 08:15:43.446318
4023,John Mccoy DVM,37,83818.88,2025-01-06 06:04:05.223370
4024,David Harrison,64,30042.98,2025-11-02 05:49:25.880256
4025,Vanessa Taylor,29,67264.12,2024-12-07 04:46:08.079173
4026,Richard Cooper,37,192258.43,2025-04-01 13:39:00.835791
4027,Jessica Weeks,64,78872.07,2025-10-15 13:37:47.837740
4028,Kevin Miller,23,116725.63,2025-07-17 01:09:30.727597
4029,Steven Martinez,21,107085.6,2026-06-04 05:37:57.466898
4030,Marc Brown,67,35147.5,2026-02-01 04:28:58.831027
4031,Michael Thomas,35,147923.5,2026-02-23 13:18:24.861758
4032,Timothy Bishop,59,79181.05,2024-07-21 05:01:45.073102
4033,Brandi Barnes,25,103645.29,2025-01-01 07:08:03.372670
4034,Brian Cherry,62,173636.58,2024-11-03 04:53:30.929758
4035,Kevin Stevens,62,161154.8,2025-02-22 02:29:38.046627
4036,Robert White,27,113918.18,2025-02-17 10:53:26.495930
4037,Amy Finley,60,137916.7,2023-11-22 07:45:52.676383
4038,Deborah Ward,36,146622.3,2024-06-16 18:10:24.019856
4039,Luke Miller,51,193038.47,2024-02-21 10:22:27.509876
4040,Molly Simon,38,30108.46,2024-01-18 05:16:07.000819
4041,Kari Willis,55,34304.36,2023-12-03 08:37:24.014341
4042,Stephen Allen,58,58053.6,2026-01-23 16:38:29.881151
4043,Marcus Ramirez,33,104809.09,2024-05-03 13:28:18.735490
4044,Michelle Wolf,23,48349.67,2026-04-25 08:57:40.214808
4045,Mike Morrow,51,143800.85,2024-07-07 00:55:56.704851
4046,Ricardo Barnett,32,37571.69,2025-05-01 08:35:43.915649
4047,Jamie Summers,30,195063.54,2025-02-18 01:24:28.573436
4048,Lisa Valencia,49,53727.79,2025-11-13 12:12:50.857710
4049,Steven Norman,44,135609.72,2024-03-06 05:23:09.269681
4050,Johnny Lewis,63,41176.54,2025-01-14 00:35:39.476755
4051,Jason Lewis,19,30361.56,2023-10-20 11:09:56.064497
4052,Justin Brown,54,171414.16,2024-10-26 22:20:37.045683
4053,Mark Wilkins,24,111496.39,2025-10-14 21:35:21.004887
4054,Robyn Robinson,36,68264.82,2024-02-21 20:45:26.317844
4055,Natalie Spencer,18,166948.39,2024-11-06 18:12:32.234402
4056,Ashley Brown,29,133226.16,2025-02-20 18:49:16.344201
4057,Anthony Evans,22,89557.13,2024-09-24 11:53:41.027822
4058,Rachel Chandler,18,178560.13,2026-02-23 21:29:20.318646
4059,Jason Gonzalez,26,49665.6,2026-01-11 11:48:28.130942
4060,Carolyn Snyder MD,59,52787.66,2024-07-05 19:46:35.020172
4061,Susan Simon,49,73099.69,2025-11-29 20:08:38.091535
4062,Eric Wang,31,71155.9,2024-02-21 02:37:11.265465
4063,Adam Macias,25,103742.84,2024-01-14 17:54:14.884649
4064,Madison Sullivan,54,128667.27,2025-03-16 10:26:55.428960
4065,Alison Love,41,161194.04,2024-12-22 08:21:28.711478
4066,Adrian Burton,66,69649.12,2025-09-18 02:49:07.723689
4067,Danielle Smith,31,171218.5,2024-05-23 16:08:48.761280
4068,Daniel Nelson,45,54547.58,2026-02-23 06:31:31.558373
4069,James Li,75,68130.63,2024-01-26 22:50:33.469926
4070,Cory Zimmerman,62,86915.81,2024-04-06 13:56:02.154225
4071,Lauren Smith,25,180154.45,2024-09-22 02:48:55.326201
4072,John Murphy,62,49834.32,2025-04-28 07:50:27.690448
4073,Kathy Rice,21,147785.51,2024-10-12 13:13:45.461571
4074,Jennifer Dudley,34,194033.37,2024-08-04 19:27:06.849675
4075,Shelby Gonzalez,73,142920.65,2025-01-13 23:41:23.022133
4076,Kathleen Hall,46,141974.81,2025-05-29 00:02:51.074983
4077,Brian Arias,49,111216.16,2025-10-29 16:34:18.870696
4078,Rebecca Beasley,33,136700.01,2023-11-03 22:51:07.905354
4079,Michelle Cole,71,197335.88,2024-03-30 14:03:20.464691
4080,Shelly Butler,42,88048.68,2024-12-03 14:40:33.166966
4081,Daniel Meyer Jr.,58,173728.9,2024-12-01 04:43:15.181042
4082,Kelsey Rocha,47,53276.23,2025-12-18 16:21:47.343401
4083,Michael Baker,70,121965.14,2026-02-27 22:27:53.992942
4084,Shannon Jenkins,46,183464.38,2025-01-14 15:21:21.719713
4085,Allison Hanna,21,81928.45,2023-08-22 11:15:49.182190
4086,Patricia Lewis,48,34604.04,2026-02-27 14:09:47.698881
4087,Joyce Price,66,184671.33,2025-06-22 04:51:00.168604
4088,Gerald Aguilar,31,186215.14,2025-01-30 08:59:05.889685
4089,Tiffany Blackwell,49,160637.76,2024-05-08 01:19:38.222757
4090,Laura Frank,26,146427.23,2024-08-21 18:22:49.938574
4091,Tammy Brock,66,113134.51,2024-09-22 05:54:01.902810
4092,Jacob Turner,25,191553.66,2023-11-19 19:30:09.089167
4093,Erika Johnson,35,31860.93,2026-03-23 19:47:59.723722
4094,Jeremiah Perry,71,135658.02,2023-09-01 13:28:02.071020
4095,Jeff Summers,27,142059.41,2025-04-18 19:43:57.474819
4096,Rhonda Rodriguez,26,60141.73,2025-01-08 14:39:33.384649
4097,Michelle Williamson,55,100714.83,2024-12-05 11:39:50.721030
4098,Taylor Nguyen,39,193506.21,2023-09-19 08:33:46.810459
4099,Anna Washington,50,159244.33,2026-02-03 10:31:52.653350
4100,Brent Smith,46,36669.61,2026-02-13 20:23:54.645135
4101,Adam Miller,34,149382.59,2025-12-22 01:08:47.142414
4102,Ellen Combs,27,177089.2,2026-02-11 14:01:12.590174
4103,Megan Brady,33,195946.63,2024-08-06 02:34:01.962980
4104,Daniel Sanchez,57,40227.65,2026-05-04 12:32:15.508417
4105,Brandon Buchanan,24,170531.83,2024-09-21 22:57:59.026279
4106,Katherine Brock,24,124646.93,2025-10-08 22:12:39.768416
4107,Mr. Seth Perry,31,129117.34,2023-12-17 12:36:50.939013
4108,Christine Harrington,71,101406.11,2025-01-08 12:54:09.576807
4109,Paul Chandler,58,48009.04,2024-08-13 19:22:02.490560
4110,Nancy Hahn,44,134797.69,2025-03-12 19:33:14.501126
4111,Michelle Schmidt,31,158253.03,2025-01-31 15:05:08.707460
4112,Kristin Parker,43,46156.82,2025-06-02 17:00:43.882884
4113,Daniel Jimenez,47,72467.33,2024-12-24 11:15:24.851182
4114,Jordan Bowen,25,67619.78,2025-06-08 19:06:42.861516
4115,Tonya Potter,40,102281.81,2024-09-27 03:33:20.048038
4116,Dr. Stephen Perez,36,178881.46,2026-02-12 23:03:43.631867
4117,Sarah Roth,31,101635.68,2025-01-16 20:03:25.122293
4118,Mrs. Nicole Collins,74,176120.45,2025-12-30 08:03:14.013424
4119,Connor Koch,30,173324.41,2025-04-05 19:06:25.064429
4120,Aaron Oconnor,20,108669.63,2024-08-24 19:01:30.316377
4121,Robert Thompson,21,153183.98,2025-02-14 19:48:55.867842
4122,Ryan Garcia,50,61196.97,2026-04-04 02:34:26.945952
4123,Cassandra Phillips,51,118751.92,2024-01-03 03:54:55.196235
4124,Carol Norris,38,125055.14,2023-11-28 20:04:39.599820
4125,Carl Burns,18,137198.18,2026-05-02 11:55:00.884672
4126,Matthew Harrison,49,160677.17,2025-05-02 20:06:44.066563
4127,James Camacho,18,190479.32,2025-03-15 07:51:00.489821
4128,Patty Price,46,37949.57,2023-11-06 01:52:07.727967
4129,James Woods,19,52335.5,2026-04-09 07:34:18.485573
4130,Alexis Carroll,72,191304.44,2025-02-27 17:43:37.055501
4131,Alexander Miller,52,105800.29,2024-04-08 15:08:17.746724
4132,Margaret Griffith,53,43466.36,2023-07-27 03:29:51.117256
4133,Diane Turner,67,44449.83,2023-10-31 21:00:22.653265
4134,Mary Murray,62,180246.54,2026-01-09 06:11:40.480227
4135,Gary Contreras,55,181353.78,2024-04-03 19:51:37.911255
4136,Kara Kennedy,69,31086.6,2023-08-05 08:13:43.346122
4137,Martin Hinton,43,189679.17,2023-11-03 15:20:37.907195
4138,Courtney Roman,23,160785.48,2025-05-15 16:14:06.805706
4139,Sandra Tran,69,196853.42,2024-03-22 20:40:30.217402
4140,Belinda Ryan,56,185696.43,2024-05-30 15:01:53.619832
4141,Terry Mayer,26,139239.91,2025-04-24 15:05:03.701618
4142,Sara Peters,44,165364.46,2023-12-11 19:25:42.539669
4143,Kyle Tucker,51,36425.32,2025-06-01 05:24:50.855681
4144,Aaron Flores,50,158508.64,2026-03-29 01:37:26.051459
4145,Caleb Wright,68,197904.75,2025-02-15 19:09:02.865724
4146,Jennifer Hill,64,70306.83,2023-11-11 18:25:42.559418
4147,Amanda Brown,62,153987.9,2025-11-09 06:12:23.260120
4148,Kyle Cole,36,81126.47,2025-01-22 04:21:41.732745
4149,Brenda Brown,56,60184.13,2023-12-31 06:26:32.283906
4150,Richard Nunez,27,164065.92,2026-03-20 16:34:30.083729
4151,Michael Rodriguez,45,92381.81,2025-01-25 15:32:10.157517
4152,Misty Hubbard,70,181786.84,2026-05-07 14:50:22.376311
4153,Kristen Miller,52,138875.92,2024-04-27 07:23:34.060881
4154,Mindy Kane,28,140179.22,2023-08-09 01:50:56.377708
4155,Natasha Friedman,59,54536.5,2025-06-29 20:21:59.310587
4156,Scott Lee,73,62256.29,2026-05-15 12:40:36.159281
4157,Linda Gross,55,82530.33,2025-05-06 01:15:58.461816
4158,Amanda Rivera,47,135403.87,2024-03-11 02:18:54.353937
4159,Howard Richards,74,120054.66,2024-01-20 12:20:30.877754
4160,Rebecca Stevens,29,147118.36,2025-08-08 10:42:24.986318
4161,Ronnie James,64,173821.59,2025-10-11 13:13:56.037288
4162,Mariah Harris,39,104783.98,2024-03-13 07:14:13.447807
4163,Barbara Young,49,41449.57,2024-11-22 16:56:10.611979
4164,David Holloway,46,182727.43,2026-03-31 11:37:52.415832
4165,Dylan Johnson,51,85877.04,2025-01-29 02:15:03.956971
4166,Susan Oconnor,43,189767.75,2026-02-18 00:21:48.887177
4167,Emily Howard,34,199134.33,2023-10-27 07:09:39.061198
4168,Holly Preston,64,189913.32,2025-04-07 02:39:58.661661
4169,Michael Simon,42,57819.0,2023-12-17 16:44:27.840900
4170,Charles Warner,23,123127.65,2023-08-03 19:28:22.175860
4171,Leah Johnston,22,127736.98,2026-06-09 18:55:25.914286
4172,Bryce Pennington,43,184799.93,2024-10-12 01:11:39.828352
4173,Dakota Gibbs,45,92415.52,2024-07-15 22:41:16.364825
4174,Rebecca Smith,24,183623.71,2024-08-17 08:37:59.211783
4175,Theresa Hess,59,107912.13,2023-10-04 05:31:50.397709
4176,David Singleton,59,37576.5,2024-02-12 12:32:51.924351
4177,Nathan Fitzgerald,58,165400.22,2026-03-26 21:50:07.780574
4178,Sheila Thomas,33,34771.13,2026-05-07 17:07:05.310123
4179,Susan Welch,63,153489.64,2023-08-08 03:50:40.201188
4180,Patricia Curtis,24,80232.72,2025-07-31 07:04:35.588477
4181,Rachel Jensen,46,42779.69,2024-07-13 05:58:12.972309
4182,Andrew Conrad,22,30446.68,2025-05-29 19:43:04.953291
4183,Anna Mills,71,85142.82,2026-01-22 16:03:04.551785
4184,Sydney Stark,29,32153.69,2025-06-22 00:31:47.534636
4185,David Swanson,37,32447.64,2026-02-19 17:42:56.421468
4186,Rachel Blanchard,44,57385.31,2025-07-12 05:23:06.179219
4187,John Gibson,64,71789.74,2026-01-30 17:34:31.275294
4188,Richard Tucker,56,108532.92,2024-09-21 08:49:16.574755
4189,Kenneth Smith,26,149129.09,2024-09-20 04:59:37.981363
4190,Stephen Williams,42,45720.94,2025-04-13 10:24:53.228248
4191,Christopher Osborn,56,178015.87,2025-07-09 23:39:25.394362
4192,Victoria Owen,63,153479.63,2025-05-20 01:17:55.958810
4193,April Miller,43,93066.23,2023-09-20 22:51:24.591985
4194,Justin Duncan,74,118381.73,2025-08-02 01:55:53.352149
4195,Michael Jackson,41,184524.79,2025-05-13 07:54:41.250110
4196,Allen Weber,53,74727.87,2025-12-28 05:12:57.730688
4197,Heather Miller,28,71668.48,2026-02-06 03:02:41.705470
4198,Austin Kennedy,56,66707.86,2026-04-11 01:29:42.150756
4199,Justin Lynch,67,198893.08,2025-11-26 16:19:47.028104
4200,Matthew Michael,68,103184.04,2025-11-04 16:56:44.185083
4201,Dylan Collins,39,83497.54,2024-01-25 02:30:23.606079
4202,Thomas Daugherty,38,124230.07,2023-08-31 21:14:43.675916
4203,Yolanda Oliver,34,186111.3,2024-05-27 08:43:30.915059
4204,Christine Burns,66,137724.18,2025-03-25 16:55:31.836962
4205,Megan Hernandez,48,64406.21,2025-09-19 03:00:19.149382
4206,Tom Villegas,66,65727.32,2025-07-15 06:23:48.692416
4207,James Little,24,175211.24,2025-10-09 12:14:46.934537
4208,Michael Fletcher,68,59687.75,2025-08-05 04:40:29.523144
4209,Alison Carter,63,52192.05,2024-02-11 00:01:01.728388
4210,Gabriela Hamilton,67,48721.02,2025-02-07 09:24:47.530882
4211,Sarah Peterson,39,172884.04,2025-05-05 06:55:31.279250
4212,Lee Davis,33,185168.27,2025-04-27 22:51:40.211096
4213,Alexis Nelson,36,87220.96,2025-07-02 17:53:38.989878
4214,Michael Dominguez,24,146336.49,2025-05-28 13:16:50.545135
4215,Stephanie Taylor,37,137389.0,2024-07-13 16:09:25.658478
4216,Monica Martin,48,192793.48,2025-08-24 08:46:48.794993
4217,Jason Bryant,73,66283.27,2025-08-19 06:31:33.654071
4218,Laura Ford,43,165485.37,2026-06-12 09:03:11.500334
4219,Trevor Thomas,47,120040.83,2023-09-19 20:57:22.522690
4220,Chad Clark,55,40064.68,2023-10-09 05:12:34.932067
4221,Phillip Brady,58,77807.43,2025-07-12 02:52:54.980892
4222,Mark Smith,18,149571.86,2025-01-18 12:05:01.618769
4223,Maria Wilson,33,151720.11,2023-06-20 21:59:55.411594
4224,April Gaines,28,197726.33,2024-07-16 10:09:23.166898
4225,Rebecca Salazar,20,140267.62,2024-10-21 22:55:34.712563
4226,Tracy Brown,41,134901.99,2023-06-24 20:48:46.435620
4227,Laura Mcintyre,63,63714.34,2025-06-23 19:40:39.901205
4228,Anthony Obrien,72,40239.75,2024-01-17 22:37:50.359149
4229,Benjamin Johnson,52,91400.49,2024-12-17 12:59:39.152168
4230,Crystal Harrington,26,141215.0,2025-05-27 23:12:16.633034
4231,Jeffrey Lee,54,75229.16,2024-08-31 20:21:42.166136
4232,Mark Mccormick,30,154717.11,2025-09-16 04:38:30.989190
4233,Erica Clark,40,33718.69,2024-01-29 12:59:17.025009
4234,Randall Sanders,45,103518.43,2023-06-20 17:17:53.505920
4235,Lauren Deleon,75,62503.18,2024-08-28 16:21:37.481798
4236,Mike Yang,53,113707.64,2026-06-10 12:44:51.333689
4237,Monica Ayala,75,56936.69,2025-11-30 00:32:20.036059
4238,Matthew Howard,71,137986.7,2025-04-01 21:39:48.864576
4239,Jeanette Butler,37,101858.01,2024-08-05 14:25:04.968430
4240,Megan Morales MD,49,174027.32,2025-12-29 23:26:56.011507
4241,Barbara Huang,62,68111.87,2025-10-31 05:50:32.065570
4242,Robert Page,51,122887.27,2024-04-28 21:15:05.662965
4243,Thomas Carter,68,99305.56,2024-06-26 21:06:32.164636
4244,Cameron Robbins,32,114115.86,2026-03-06 06:29:20.770648
4245,Alan Pugh,33,59961.83,2025-04-05 18:07:33.227897
4246,David Garcia,40,157919.79,2023-09-04 11:24:07.707834
4247,Sharon Morrison MD,34,149196.74,2025-04-15 02:47:14.044710
4248,Dylan Howe,52,56347.29,2025-03-15 13:09:28.941618
4249,Angela Anderson,28,73581.23,2025-12-18 11:34:21.789152
4250,Susan Guzman,52,82683.91,2026-04-13 14:41:18.843849
4251,William Bradford,32,45614.2,2024-11-13 18:41:42.260114
4252,Danielle Hutchinson,29,96044.33,2026-01-26 13:22:24.653501
4253,Christine Beltran,42,94661.37,2025-10-06 03:43:18.213399
4254,Michael Stein,31,185542.65,2025-11-02 18:15:00.898461
4255,Kevin Fitzgerald,55,50983.22,2025-05-11 02:52:46.386806
4256,Jordan Gonzalez,58,171074.34,2023-09-04 23:17:47.882182
4257,Andrew Rojas,66,191570.66,2025-04-05 00:21:46.199951
4258,Jay Davis,75,32253.47,2025-01-04 23:53:23.537991
4259,Timothy Wilson,58,166465.46,2023-09-28 09:26:00.593145
4260,Lisa Kennedy,66,166223.89,2024-11-21 03:18:51.663832
4261,Nicole Hernandez,36,118190.49,2025-10-29 06:22:25.013790
4262,Andrew Rangel,53,114390.3,2025-11-21 06:10:02.400151
4263,Mitchell Brown,43,122671.48,2023-10-11 07:14:07.150213
4264,Deborah Gonzalez,34,66091.24,2024-05-07 23:21:54.156516
4265,Gabriel Carpenter,50,135521.43,2024-12-31 02:33:28.685446
4266,Jennifer Hutchinson,38,92203.98,2025-09-16 16:13:40.782622
4267,David Brown,72,193807.29,2023-11-11 03:25:09.458899
4268,Teresa Romero,40,116162.98,2024-08-02 23:30:53.998968
4269,Jay Brown,36,50877.04,2023-08-02 01:11:08.174408
4270,Sheila Hernandez,53,165412.7,2024-10-22 06:21:25.906389
4271,Ivan Bailey,45,189854.23,2024-06-17 05:08:55.834443
4272,Amber Smith,21,37490.59,2025-07-04 17:15:52.914718
4273,Elizabeth Berg,28,64329.76,2024-11-20 05:09:36.482697
4274,Stephanie Schwartz,73,108780.27,2026-02-13 04:38:59.190333
4275,Kristy Boyd,30,133359.47,2026-04-13 01:45:27.901404
4276,David Wood,19,182711.88,2024-10-08 20:23:53.942110
4277,Emily Lucas,65,114218.56,2024-06-29 18:31:52.548047
4278,Samantha Francis DDS,53,168856.22,2024-11-03 09:31:27.067755
4279,Tiffany Baker,52,108018.7,2024-04-06 02:46:52.131173
4280,Kathleen Barnes,20,114616.58,2024-05-20 13:55:53.624947
4281,Karina Morrison,41,197703.86,2023-10-01 01:52:24.750566
4282,Dylan Salinas Jr.,70,161976.01,2024-01-17 01:34:09.791311
4283,Andrew Gonzalez,74,89658.44,2025-06-11 18:27:10.159494
4284,Jordan Nelson,47,85276.47,2023-08-07 06:51:49.418571
4285,Jose Roberts MD,25,31813.15,2025-05-07 02:03:24.011515
4286,Eric Bernard,38,64364.1,2024-11-07 21:43:11.337632
4287,Jose Wang,27,95802.07,2023-11-15 23:46:31.742225
4288,John Wiggins,75,178668.1,2026-03-24 20:39:54.997236
4289,Martha Jones,45,162160.19,2025-11-01 23:29:34.372705
4290,Sean Newman,63,68049.15,2025-06-26 10:22:44.265232
4291,Jason Chen,30,122492.0,2026-03-22 05:02:11.147561
4292,Derek Miller,58,69487.16,2025-11-01 15:25:12.549823
4293,Jeanne Johnson,72,56187.67,2023-11-16 06:24:18.728009
4294,Christopher Beasley,25,157437.68,2025-08-30 16:17:54.718627
4295,David Sosa,61,174519.89,2024-11-29 20:11:43.788843
4296,Darryl Medina,61,40453.72,2024-02-08 13:40:34.406250
4297,Robin Meyers DVM,66,154525.87,2024-06-26 11:43:20.093623
4298,Mark Richards,62,114631.9,2026-01-07 01:09:10.304841
4299,Amy Anderson,56,49706.13,2023-08-13 21:16:51.321917
4300,Tiffany Obrien,35,143662.12,2024-04-18 07:14:38.411704
4301,Thomas Hancock,72,91289.85,2023-11-14 22:37:34.658916
4302,Kelly Hunter,44,105346.97,2024-03-14 01:38:29.604046
4303,Amanda Robinson,53,174129.64,2026-02-01 02:09:00.847688
4304,Sandra Hunt,57,195705.65,2024-04-19 10:35:38.692512
4305,Frank Hobbs,72,190391.11,2025-08-31 06:46:53.553515
4306,Kevin Anderson,40,63988.32,2024-04-03 17:52:27.209884
4307,Kerry Marsh,72,136393.57,2023-10-30 22:44:08.886935
4308,Jack Williams,37,106807.7,2026-02-20 12:22:58.680130
4309,Brian Powell,43,189906.85,2025-10-21 19:36:43.254514
4310,Victoria Patel,73,171833.42,2023-07-22 01:09:17.601064
4311,Amber Farrell,69,94448.74,2024-07-11 18:01:16.712601
4312,Jesse Armstrong,61,171855.55,2025-05-17 02:41:48.318132
4313,Molly Norman,46,62723.51,2026-01-03 15:00:25.117738
4314,Christopher Davis,30,69860.73,2023-08-18 02:39:56.531998
4315,Jennifer Hebert,57,123941.86,2025-01-14 07:24:45.727767
4316,Kenneth Martinez,28,132789.18,2024-06-28 11:14:29.407658
4317,Marie Miles,60,143623.84,2024-05-25 10:16:01.133459
4318,Stacy Bridges,32,77998.49,2025-10-05 11:47:36.361144
4319,Garrett Thompson,42,87729.0,2023-07-11 21:00:18.907937
4320,Raymond Porter,31,61075.99,2023-08-06 18:17:02.029531
4321,Danielle Lawson,34,160392.77,2023-10-03 08:31:57.905196
4322,Matthew Owens,75,73401.51,2024-01-05 10:41:14.023682
4323,Scott Jackson,53,96477.33,2025-11-29 21:47:43.480686
4324,Emily Miller,57,52201.11,2023-11-02 03:01:15.110750
4325,Emily Butler,43,45291.23,2024-04-02 22:00:27.902935
4326,Samantha Thomas,41,63788.35,2025-11-05 13:20:22.270238
4327,John Flores MD,58,81083.1,2024-06-27 02:41:19.014268
4328,Anita Schultz,28,190142.17,2025-06-29 08:45:13.231960
4329,Christopher Rodriguez,75,66338.92,2026-02-15 00:12:51.480998
4330,David Estrada,56,120885.02,2024-11-15 13:28:48.461509
4331,Jennifer Grant,58,78259.2,2023-12-31 02:46:17.859116
4332,James Johnson,66,144834.18,2024-05-01 12:44:13.548207
4333,Sandra Rogers MD,70,122213.0,2025-01-17 09:33:16.150023
4334,Sara Kane,73,138939.33,2024-01-21 04:31:22.078788
4335,Shelby Walker,53,137249.59,2024-11-02 11:10:49.602527
4336,Jake Jensen,42,147865.99,2025-06-26 00:27:49.986859
4337,Dale Thomas,38,108222.21,2023-09-26 13:05:44.955859
4338,Bruce Wright,66,176795.92,2025-08-09 20:53:38.314857
4339,Henry Morgan,75,98385.28,2024-05-03 21:00:47.674971
4340,Jennifer Farrell,22,145137.32,2023-11-28 04:44:35.282825
4341,Brianna Griffith,51,62320.82,2023-12-03 01:38:13.414451
4342,Manuel Gonzalez,33,51470.83,2024-03-29 05:16:43.592426
4343,Chelsea Ellis,46,64988.86,2024-09-28 22:00:18.020570
4344,Scott Gordon,55,162723.81,2024-09-22 17:14:36.880640
4345,Robert Ramos,39,33167.78,2025-10-06 03:28:08.478155
4346,Diana Miller,57,85547.59,2023-08-19 09:22:49.726824
4347,Breanna Jones,58,132053.36,2025-11-03 09:52:09.188607
4348,Ronald Weber,56,68029.34,2023-08-24 01:48:08.917694
4349,James Barr,70,70456.63,2024-06-04 13:23:58.509382
4350,Linda Lynch,21,128132.09,2025-06-06 19:45:47.148782
4351,Gregory Roberts,68,126803.66,2024-05-21 18:53:01.281864
4352,Cynthia Bush,54,128178.83,2023-10-14 13:16:25.572688
4353,Mrs. Whitney Lane,43,125407.82,2025-02-20 05:02:34.706713
4354,Lisa Sanders,40,97195.96,2025-11-29 23:02:09.649972
4355,Brittany Donovan,66,83195.92,2023-12-16 08:57:22.491565
4356,Tiffany Love,47,140111.02,2025-02-18 00:33:42.164258
4357,Melissa Brennan,73,88681.34,2024-04-26 17:32:37.402554
4358,Karl Martinez,69,161985.57,2026-01-16 15:33:29.590403
4359,Amanda Ramos,75,177451.91,2025-08-22 20:57:24.858583
4360,Michele White,37,103203.28,2025-06-29 09:12:50.815737
4361,Lauren Williams,20,76760.79,2026-04-19 08:58:37.481552
4362,Donna Riley,60,114625.92,2025-03-10 02:58:16.529342
4363,Kyle Dunn,45,52144.65,2024-06-18 16:55:26.840559
4364,Douglas Torres,31,151119.15,2023-12-04 18:44:43.153060
4365,Richard Moore,32,153290.59,2024-08-13 14:18:16.544368
4366,Norma Miranda,52,41240.27,2025-08-16 09:45:48.834388
4367,Karen Williams,23,133479.24,2025-02-18 23:58:48.367085
4368,Kristen Walker,32,184574.87,2024-06-14 09:39:55.377592
4369,Ashley Taylor,64,78755.53,2024-12-06 00:13:07.049757
4370,Michelle Vaughn,74,157312.73,2026-02-27 05:04:13.133476
4371,Susan Vazquez,34,77586.61,2024-10-25 10:33:34.394301
4372,Joshua Morse,57,80526.54,2024-06-26 00:00:42.253731
4373,Brian Jones,38,138614.68,2024-08-19 06:44:53.377055
4374,Gail Zimmerman,51,142834.26,2026-06-12 13:48:29.070472
4375,Zachary Cervantes,18,151166.95,2025-10-11 10:26:54.254410
4376,John Bradford,34,82293.95,2024-12-04 06:44:46.209991
4377,Derek Hicks,52,163175.73,2025-02-22 16:23:16.134868
4378,Katherine Le,52,44289.11,2023-08-30 12:15:23.978566
4379,Patrick Thompson,48,160383.63,2023-10-16 12:12:43.828725
4380,Melinda Brown,31,121776.75,2024-01-20 06:52:38.464350
4381,Veronica Watkins,57,46130.4,2024-06-28 22:00:57.448155
4382,Allen Conley,25,38871.54,2024-06-30 03:54:35.676654
4383,Jamie Ramos,74,147646.66,2025-11-13 03:23:40.425966
4384,Vickie Young,68,101371.12,2026-03-25 10:48:44.540860
4385,Victoria Sullivan,29,83534.99,2025-02-05 11:44:12.073755
4386,Lance Love,72,92145.36,2024-11-06 08:33:46.254840
4387,Kiara Wilson,41,132283.23,2024-10-15 01:48:14.359585
4388,Gavin Mathis,64,106077.03,2026-05-23 14:46:32.945695
4389,Wendy Mitchell,39,167587.9,2023-11-11 00:51:14.025438
4390,Dr. Maria Nguyen PhD,35,112304.7,2023-12-17 12:58:16.053280
4391,Paul Thompson,34,125967.73,2025-01-05 00:21:06.223947
4392,Kenneth Moyer,35,96236.84,2025-05-17 14:00:33.494548
4393,David Smith,34,53567.66,2026-04-25 17:56:51.223831
4394,Patrick Knight,53,127556.58,2024-08-05 01:48:51.771792
4395,Stacy Jones DVM,74,86572.78,2026-01-28 16:53:12.626086
4396,Alexander Williams,48,129343.48,2024-06-12 16:02:58.288600
4397,Eric Cooper,75,138195.01,2026-06-03 17:17:38.407196
4398,Patrick Page,39,62665.85,2025-11-25 21:41:06.556164
4399,Benjamin Velasquez,68,81506.23,2025-10-31 18:22:05.141875
4400,Matthew Kennedy,21,57768.39,2025-12-26 00:01:38.668032
4401,Charles Casey,44,163397.14,2024-02-16 07:33:27.635597
4402,Brittany Richards,67,109408.82,2024-05-29 15:08:58.661212
4403,Adam Dickerson,58,125049.41,2025-07-05 07:54:03.201614
4404,Lori Thomas,50,36932.84,2024-09-17 21:00:42.156107
4405,Melinda Mathews,66,41004.95,2025-10-24 07:35:49.848498
4406,Nancy Henderson,33,123060.81,2024-10-28 20:53:09.839048
4407,David Cunningham,69,134098.81,2023-07-12 01:33:01.073405
4408,Christine Johnson,55,191293.29,2023-08-02 22:59:22.545027
4409,Sarah Sanchez,57,32427.05,2024-08-20 06:28:13.710377
4410,Betty Gonzalez,22,128845.79,2024-08-28 14:44:18.531841
4411,Tammy Banks,19,62898.18,2025-03-15 23:39:44.329072
4412,Aaron Wilkerson,50,109397.75,2024-03-13 16:58:55.376562
4413,Michelle Ashley,56,39080.9,2024-05-02 09:01:40.283945
4414,Donna Henderson,65,165027.66,2023-08-10 16:00:57.498277
4415,Joshua Oconnor,31,142429.34,2026-03-28 05:44:39.176935
4416,Ryan Vaughan MD,20,122647.84,2024-03-20 00:23:29.911321
4417,Ashley Freeman,75,128473.37,2025-03-16 20:19:06.916717
4418,Joseph Moreno,70,126011.5,2025-06-24 19:54:19.667625
4419,Scott Torres,46,141502.96,2024-01-26 12:01:31.104208
4420,John Summers,69,123973.06,2024-11-19 21:25:48.081832
4421,Roy Rivers,66,183393.37,2025-06-18 21:47:06.035311
4422,Nichole Soto,74,157936.86,2024-02-26 15:11:24.650270
4423,Katherine Barrett,52,155245.29,2025-03-23 06:11:26.951645
4424,Jennifer Gray,53,72724.93,2024-03-08 08:09:01.468235
4425,Megan Moore,34,80173.82,2026-02-22 00:50:36.152319
4426,Alyssa Hughes,62,196862.07,2024-11-18 11:33:32.269269
4427,Ryan Stephenson,60,104049.84,2025-01-04 20:06:45.431981
4428,Alexandra Carson,48,177787.28,2024-12-23 21:56:40.758225
4429,Gabriella Parsons,58,185102.06,2025-08-31 05:14:56.795096
4430,Judy Leonard,37,56568.06,2024-07-16 13:04:46.235221
4431,Tina Stokes,41,70898.49,2025-07-26 04:59:44.119159
4432,Stephen Wilson,45,100092.78,2026-03-01 08:38:26.872391
4433,Stephanie Baker,75,164278.85,2024-07-28 12:19:47.548537
4434,Allen Johnson,65,59349.94,2024-11-01 19:00:29.174369
4435,Rachel Stone,49,140422.02,2023-06-13 22:30:40.948393
4436,Victor Duncan,68,185977.28,2024-08-28 19:03:20.059212
4437,Mr. Jesus Juarez,50,97506.52,2026-05-23 01:18:54.329692
4438,Ethan Davis,35,100890.91,2024-09-28 04:43:48.521553
4439,Sharon Bond,53,82009.02,2024-09-15 14:49:18.722812
4440,Jenna Callahan,68,181658.41,2026-02-02 08:40:27.861337
4441,Thomas Mack,38,147277.43,2025-09-11 00:12:14.603613
4442,Lance Haas,29,38259.24,2025-05-27 09:34:05.890219
4443,Michelle Daniels,43,74237.32,2025-02-07 00:31:29.064131
4444,Diana Phillips,52,71172.15,2025-01-18 06:23:38.039898
4445,Michael Lopez,70,88466.91,2023-10-17 14:29:01.103940
4446,Don Roberts,44,165453.35,2023-11-03 05:36:29.523479
4447,Catherine Salazar,36,179069.91,2024-02-12 03:20:10.042064
4448,Samantha Bradley,73,117799.81,2023-09-20 07:29:19.444244
4449,Jeffery Johnson,31,113664.51,2024-05-19 14:48:58.843397
4450,Barbara Perez,56,68792.41,2026-03-21 02:47:32.807533
4451,Ricardo Pena,18,136506.58,2023-09-27 12:35:33.384210
4452,Kimberly Boyd,40,128796.89,2024-10-03 08:54:29.832029
4453,Amy Miller,25,157600.57,2023-11-28 15:51:05.013604
4454,Matthew Garrett,73,175812.9,2026-05-05 17:07:53.848345
4455,Larry Simmons,41,185839.22,2025-03-14 11:28:25.102538
4456,Vincent Chen,38,144573.68,2024-11-13 11:14:11.104622
4457,Katelyn Porter,35,167300.65,2024-11-03 12:42:00.676064
4458,Kevin Neal,63,69695.65,2024-08-25 06:13:22.747142
4459,Stephen Ashley,64,147293.28,2026-04-02 15:53:32.163955
4460,Ashley Roberts,48,103123.37,2025-06-16 05:43:53.893364
4461,Kimberly Pace,35,155679.41,2025-08-06 09:20:18.283043
4462,Gerald Mcclure,61,57113.12,2025-01-13 07:41:06.347651
4463,Brandon Moore,47,162141.15,2025-12-20 10:03:41.959892
4464,Matthew Parker,23,50064.6,2026-01-04 20:37:02.686876
4465,Maria Morse,73,123227.48,2025-08-22 21:54:54.985401
4466,Vanessa Peters,70,156905.75,2024-09-05 04:00:44.249870
4467,Kevin Martin,59,172350.55,2025-07-24 21:13:07.624653
4468,Stephen Cooper,28,31060.29,2023-12-29 19:19:55.441487
4469,Ryan Perez,46,180120.2,2025-11-05 23:09:36.173934
4470,David Baird,19,44919.26,2026-01-24 23:16:46.645011
4471,Jennifer Ryan,53,120851.55,2024-12-05 06:32:58.365804
4472,Valerie Miller,67,153011.43,2026-04-24 17:07:26.190720
4473,Ashley Green,64,151046.58,2026-04-20 16:11:52.971604
4474,Deanna Carr,55,94247.37,2026-05-14 09:16:10.470102
4475,Jamie Lyons,38,178310.81,2025-07-29 07:39:24.575012
4476,Courtney Johnson,75,66813.68,2024-12-17 20:02:13.662432
4477,Jose Baldwin,24,63191.93,2023-08-05 01:39:06.481029
4478,Daniel Roy,25,167344.84,2023-10-14 00:06:07.046824
4479,Heather Wright,24,79826.92,2025-11-07 05:53:27.283851
4480,Brittany Nichols,48,38806.73,2024-10-07 12:17:39.034397
4481,Shirley Ellis,35,157567.88,2025-07-15 09:41:02.081560
4482,Meredith Wright,43,106841.33,2024-11-14 01:57:37.516040
4483,Christopher Acosta,66,139367.57,2024-04-06 14:20:56.669178
4484,Nicholas Thompson DDS,38,178256.76,2026-03-13 18:31:50.426149
4485,Richard Anderson,60,98819.49,2025-11-30 07:23:41.360809
4486,Miss Linda Graham DDS,57,132225.32,2023-07-27 12:22:34.249224
4487,Karen Scott,75,145908.8,2025-12-30 05:07:14.450706
4488,Julie Stein,71,135253.31,2023-07-04 11:01:48.384359
4489,Joseph Stevens,32,58215.1,2023-08-20 00:33:54.119414
4490,Christopher Grant,74,186557.15,2025-01-01 10:28:31.778407
4491,Brooke Schmidt,31,162627.14,2023-10-10 08:15:28.750969
4492,Ashley Garcia,48,107725.71,2023-08-26 12:50:47.725389
4493,Shannon Wells,59,88880.87,2023-07-10 22:17:31.802932
4494,Dana Watson,29,146025.94,2025-07-02 22:46:22.496924
4495,Aaron Jones,67,123303.72,2026-03-01 00:01:02.420448
4496,Rhonda Lee,30,198732.65,2024-02-08 21:04:57.571177
4497,Amy Tucker,45,192926.07,2025-03-25 07:37:30.564167
4498,Stacie Bowen,47,85128.07,2025-03-02 09:09:14.932538
4499,Jacob Warren,51,115398.4,2024-01-21 05:45:24.008695
4500,Keith Stone,31,145143.28,2026-03-12 08:59:19.284344
4501,Victor Holmes,55,134204.27,2025-10-30 05:41:08.960973
4502,Jacob Kramer,65,86417.95,2025-04-08 21:39:21.154186
4503,Richard Vazquez,58,126098.43,2026-03-10 14:08:28.166885
4504,Dr. Mark Murphy,50,38170.76,2025-09-21 02:59:25.266919
4505,Lisa Eaton,67,73037.76,2025-11-14 11:24:40.962324
4506,Sandra Johnson,62,44979.06,2025-11-29 01:31:56.840185
4507,Anthony Navarro,47,72393.54,2023-11-23 07:01:57.854940
4508,Russell Cabrera,25,196835.15,2025-10-09 12:22:31.675465
4509,Alexander Sullivan,28,167254.71,2025-10-25 19:04:45.905784
4510,Brian Mullins,75,176225.36,2025-08-31 23:28:05.544937
4511,Victoria Atkins,22,44882.53,2025-03-03 04:10:51.978710
4512,Katrina Burns,31,72958.8,2024-03-17 06:08:06.731605
4513,Ruben Sullivan,63,106070.54,2024-05-31 19:04:20.954899
4514,Lori Taylor,30,53258.02,2025-10-28 15:43:09.419767
4515,Nancy Silva,73,159115.39,2025-02-03 01:13:24.511647
4516,Kevin Anderson,20,40761.66,2023-10-09 19:58:46.200432
4517,Clifford Moss,44,108115.6,2025-10-21 01:30:53.859748
4518,Tanner Savage,60,136615.19,2025-11-18 18:32:39.301779
4519,Eric Richards,46,146607.34,2023-08-20 03:14:48.608140
4520,Erica Miranda,65,184425.67,2024-10-12 02:22:13.516081
4521,Emma Benton,22,59070.55,2026-02-25 23:41:28.015564
4522,Benjamin Huerta,53,91755.82,2025-03-21 18:05:24.604784
4523,David Hill,47,180540.18,2024-01-08 15:33:18.597152
4524,Sarah Ross,67,133295.46,2023-12-19 15:57:26.352245
4525,Amber King,68,84334.83,2025-07-01 02:10:49.388077
4526,Monica Gonzalez,62,171510.87,2025-05-07 07:28:19.578853
4527,Donald Ward,37,124656.16,2026-02-20 15:21:19.696589
4528,Michael Stafford,52,92362.83,2023-08-14 15:43:25.404037
4529,Charles Ryan,51,196662.72,2024-09-08 10:41:32.859393
4530,Jeremiah Robertson,66,44754.67,2024-05-04 03:12:38.418524
4531,James Jennings,43,41121.3,2024-02-17 05:53:33.350362
4532,Lisa Allison,23,199528.24,2024-11-11 13:56:43.390352
4533,Steven Atkinson,22,129312.01,2024-10-14 07:06:47.611100
4534,Stephanie Johnson,30,184248.81,2025-10-13 02:39:38.487741
4535,Robert Solomon,44,46550.7,2024-02-06 17:51:35.992225
4536,Lori Henderson,61,188084.41,2025-01-23 20:45:50.988214
4537,Karen Garrett,42,66839.12,2025-04-19 15:02:13.086346
4538,Mrs. Suzanne Grant,69,109145.59,2023-10-19 14:12:43.023416
4539,Donna Moore,18,184809.27,2024-06-14 03:28:32.993045
4540,Bobby Thornton,21,113298.03,2023-07-05 17:15:48.865443
4541,Rachel Smith,60,118062.12,2023-10-01 04:29:07.043442
4542,Marvin Juarez,41,109186.24,2025-04-21 18:34:04.904926
4543,Ryan Austin,23,63348.94,2024-03-08 08:18:33.559085
4544,Angelica Martin,59,189070.83,2025-11-09 12:16:02.658877
4545,Debra Morgan,25,71130.45,2025-02-08 17:19:15.697299
4546,Tyler Escobar,21,186410.45,2026-05-13 12:58:33.921008
4547,Nathaniel Elliott,31,36667.49,2024-04-14 16:21:03.226029
4548,Aaron Hernandez,35,75097.44,2024-02-06 20:41:29.989531
4549,Michelle Rice,35,190878.52,2023-12-12 18:24:18.621039
4550,Margaret Phelps,40,182740.32,2024-11-13 22:05:55.371521
4551,Adrienne Matthews,61,100600.56,2023-10-14 18:43:17.893889
4552,Brandi Collins,53,103424.22,2026-01-09 09:48:41.323069
4553,David Young,23,141691.72,2026-03-10 17:38:42.123755
4554,James Benitez,22,50870.62,2025-08-27 03:13:09.799907
4555,Elizabeth Steele,60,150191.61,2023-07-07 02:09:00.111684
4556,Robert Malone,55,65296.67,2023-06-29 18:06:46.349350
4557,Tiffany Stevens,26,176790.4,2025-01-26 12:45:10.861671
4558,Patricia Cook,49,197093.82,2026-05-19 19:57:53.605753
4559,Danny Allen,74,155040.98,2024-03-24 14:39:42.843227
4560,Rhonda Spencer,69,65103.3,2024-10-04 22:41:14.537234
4561,Michael Underwood,60,110149.42,2024-07-25 23:15:00.603820
4562,Ryan King,52,178815.41,2023-06-21 07:07:04.893429
4563,John George,62,195014.71,2025-10-07 16:34:52.860576
4564,Ryan Dominguez,40,37414.52,2024-01-10 12:24:51.445608
4565,Colin Gonzalez,50,45874.24,2024-05-03 09:49:43.162798
4566,Tracy Bell,25,187135.56,2025-10-16 01:42:03.231802
4567,William Barton,61,97363.45,2025-12-13 20:58:58.998456
4568,Robert Crosby,18,180005.75,2023-08-10 19:51:06.948642
4569,Samantha Gonzalez,35,87254.16,2025-06-24 07:10:10.026633
4570,Robert Briggs,35,127253.65,2025-06-18 22:04:52.773798
4571,Anthony Knight,31,153216.91,2024-12-28 20:54:54.790768
4572,Sandra Hudson,21,184540.09,2023-06-26 09:33:15.115636
4573,Misty Lopez,63,164481.88,2024-12-15 11:25:30.480808
4574,Jared Chaney,23,156692.32,2023-12-21 20:10:35.811054
4575,Rebecca Gomez,58,88335.76,2024-07-23 03:12:02.979670
4576,Melissa Williams,73,56513.18,2025-10-22 02:15:52.567594
4577,Kara Johnson,29,62684.84,2026-04-15 11:32:33.984507
4578,Rebecca Roberts,62,122989.18,2023-10-10 01:54:54.695109
4579,Timothy Anderson,58,137447.5,2025-04-15 05:41:04.081474
4580,Mikayla Frazier,71,152113.14,2024-07-02 09:32:12.934390
4581,Jeffery Lopez,21,108070.05,2025-02-07 06:31:49.261054
4582,Blake Wilson,74,164131.19,2025-12-14 19:29:27.196410
4583,William Jones,61,158926.43,2023-10-03 13:22:05.041745
4584,Sarah Brewer,44,146365.58,2026-05-28 21:50:03.217466
4585,Jacqueline Bennett,26,145121.56,2025-06-08 23:52:32.563875
4586,Travis Burton,70,49525.83,2026-02-01 19:29:21.214226
4587,Tammy Berry,64,99310.89,2025-06-01 02:57:24.048023
4588,Christopher Porter,72,172920.57,2023-10-06 08:57:20.514431
4589,Cheryl Lucas,22,178827.98,2025-08-18 07:08:14.733469
4590,Ashley Moore,18,79676.95,2024-05-29 14:09:29.275481
4591,James Johnson,72,174604.88,2025-04-20 21:09:44.597948
4592,Jason Boyer,26,187185.88,2024-08-13 13:55:43.751500
4593,Chad Reid,24,177592.27,2025-08-31 16:02:00.615194
4594,Diana Mccarty,29,149897.97,2025-07-21 13:32:01.529860
4595,Micheal King,52,129756.62,2025-07-21 17:50:05.509139
4596,Denise Castillo,57,197167.66,2025-08-07 10:03:18.490816
4597,John Jackson,61,48286.79,2024-05-06 21:20:25.801727
4598,Danielle Mccarty,51,69255.86,2024-10-17 23:27:06.141234
4599,Johnny Lee,74,197712.94,2024-09-17 19:54:29.901533
4600,Brenda Yates,71,84677.11,2025-03-12 00:13:09.432127
4601,Drew Haley,47,186837.31,2026-01-18 23:09:44.958443
4602,Bradley Guzman,32,137129.87,2025-02-13 03:57:24.364239
4603,Cynthia Oliver,34,117594.67,2024-11-05 04:12:43.940541
4604,Samantha Butler,36,174972.39,2025-03-06 00:23:42.746600
4605,Jessica Preston,41,133278.18,2026-04-04 21:03:45.779921
4606,Charlotte Reilly,20,41006.01,2025-09-07 22:12:34.152096
4607,Lauren Warner,71,39336.1,2024-10-05 22:17:49.092301
4608,Rebecca Washington,65,61006.97,2025-05-28 17:19:24.707241
4609,Linda Kent,72,148343.91,2024-05-19 16:40:08.628817
4610,Cindy Montgomery,64,163404.49,2025-10-27 14:11:22.435390
4611,Jason Smith,39,143141.59,2023-11-17 03:52:22.920880
4612,Gina Jennings,38,148944.77,2024-08-12 06:54:14.031078
4613,Anna Hopkins,63,175786.81,2025-09-30 08:33:54.928003
4614,Tina Petersen,51,137608.79,2025-02-25 02:15:30.883784
4615,Karen Hawkins,25,162951.88,2026-02-08 23:04:37.805852
4616,Sara Stewart,57,170170.97,2026-03-11 10:58:51.769922
4617,Michael Johnson,59,96231.17,2026-03-30 08:46:14.472695
4618,Daniel Peterson,70,197667.58,2025-09-29 02:16:11.551453
4619,Keith Green,61,87665.43,2025-08-18 16:10:00.306026
4620,Maria Allen,68,102819.49,2024-01-20 19:50:07.683865
4621,Ryan Lucas,46,189816.34,2025-05-08 12:19:04.368402
4622,Nicole Walker,37,33271.37,2023-11-26 14:20:44.722516
4623,Jason Walker,48,157760.07,2026-05-01 04:11:35.818268
4624,Jennifer Ho,44,92544.27,2024-02-21 00:52:28.180667
4625,Christopher Levy,39,125218.89,2025-05-01 16:09:32.008733
4626,Terry Murray,67,186576.11,2025-04-11 09:23:49.604727
4627,Mark Barnett,22,102481.91,2025-06-01 05:48:52.927618
4628,Dana Mann,47,75585.78,2025-11-10 06:38:03.829000
4629,Ricardo Clark,48,138652.76,2025-12-14 21:24:43.160171
4630,Evan Rodriguez,23,120257.88,2026-05-18 22:40:12.070286
4631,Stephanie Jacobs,31,197624.43,2026-04-23 13:20:35.965250
4632,Mr. Steven Ford,42,196384.1,2025-05-30 14:47:44.873111
4633,Dana Shields,50,46160.99,2026-01-30 13:04:30.451902
4634,Steven Patel,45,125477.15,2023-11-01 06:58:22.746089
4635,Gary Murillo,57,199785.78,2026-01-01 17:21:35.282042
4636,Candace Evans,30,94399.96,2026-03-22 20:36:38.586721
4637,Robert Dalton,45,108916.22,2024-02-03 03:57:35.852539
4638,Shelley Bond,70,91511.47,2026-02-11 07:52:10.198430
4639,Mr. Adam Fox,32,191487.37,2024-03-04 00:36:18.721936
4640,Debra Miller,74,85719.73,2023-09-04 07:21:27.042851
4641,Ms. Kaitlyn Walls,27,74893.56,2025-11-12 12:54:10.646890
4642,Mary Taylor,65,156018.84,2024-10-20 20:56:38.905908
4643,Crystal Santos,67,74590.49,2023-12-09 05:43:14.028274
4644,Stephen Waters,50,146533.93,2026-03-05 19:36:18.312977
4645,Margaret Wilcox,42,70610.52,2026-02-02 07:56:25.332414
4646,Desiree Gonzalez,45,84506.61,2024-01-25 13:57:36.559326
4647,William Bowman,48,56418.31,2026-04-28 04:37:51.724194
4648,Cesar Lopez,75,97856.74,2026-02-08 22:04:28.797965
4649,Isaiah Collins,72,186101.7,2025-01-10 15:58:42.563306
4650,Charlotte Lee,46,136036.74,2024-01-06 02:19:33.947223
4651,Kevin Mejia,73,186230.43,2025-04-06 10:49:46.688514
4652,Faith Bell,63,96213.55,2024-08-17 20:20:53.315176
4653,Steve Holden,40,127550.05,2026-01-17 11:05:04.200480
4654,Katelyn Elliott,48,87375.46,2025-07-19 06:12:27.637577
4655,Laura Owens,18,58598.83,2024-07-19 16:00:15.515231
4656,Evelyn Jensen,34,164285.3,2025-02-28 03:38:55.221816
4657,Kelly Anderson,27,67938.19,2024-07-05 03:45:14.213812
4658,Melissa Jackson,52,104011.96,2024-02-11 22:43:20.205596
4659,Susan Sullivan,59,91203.14,2025-10-02 14:36:08.903645
4660,Michelle Bartlett,71,124254.46,2025-03-14 15:29:27.903108
4661,Brittany Roman,51,53916.6,2023-12-27 17:29:36.180243
4662,Kristine Parks,53,78452.98,2024-03-28 19:11:41.647627
4663,Timothy Hill,50,59043.18,2024-09-15 13:31:40.525119
4664,Brett Marshall,45,193241.11,2023-12-24 14:52:39.877041
4665,Mike Lawson,25,33845.05,2026-03-29 17:54:05.365418
4666,Dakota Townsend,74,138798.83,2023-08-21 02:29:51.400467
4667,Tony Cooper,28,49779.71,2023-09-22 02:20:12.542492
4668,Kimberly Salas,54,61611.26,2026-02-20 00:28:10.849782
4669,Gina Schmidt,51,115069.85,2025-02-20 17:33:08.684426
4670,Matthew Anderson,44,173300.67,2025-07-06 18:45:12.399228
4671,Deborah Velazquez,38,70710.4,2026-02-18 06:15:53.033226
4672,Erin Wilson,24,101856.75,2026-01-20 22:51:39.357861
4673,Leslie Schwartz,48,48294.25,2026-01-20 10:00:10.982701
4674,Hannah Williams,66,80875.17,2024-12-29 15:17:19.982554
4675,Stacy Fox,32,40786.41,2024-03-26 18:21:55.219197
4676,Cindy Rush,32,146080.25,2024-08-31 02:22:05.988244
4677,Victoria Brown MD,72,178297.96,2023-12-29 07:18:40.518050
4678,Erin Williams,34,134900.18,2026-02-13 22:07:30.547318
4679,Kaylee Jones,49,144648.67,2026-01-14 05:48:52.318624
4680,Eric Costa,38,125331.32,2026-01-20 00:27:26.770170
4681,Gail Weber,37,197189.63,2026-06-07 03:48:37.679225
4682,Destiny Aguirre,48,114081.91,2023-08-17 20:14:05.357395
4683,Chad Murphy,61,199065.94,2024-11-24 20:26:29.479514
4684,David Leonard,71,149633.42,2023-06-21 14:51:32.567539
4685,Christopher Pittman,25,35771.88,2025-02-18 11:08:56.121386
4686,Laura Fuller,69,113087.98,2024-02-03 06:00:43.164830
4687,Jeffrey Price,69,138806.04,2024-01-16 18:50:07.438094
4688,Scott Shields,56,54216.94,2024-02-25 00:47:28.399433
4689,Melissa Brown,32,176266.51,2024-02-27 05:31:02.550150
4690,James Wood,70,106185.08,2025-09-11 10:41:18.064707
4691,Chad Davis,33,105496.74,2023-11-06 19:41:15.351317
4692,Mark Ferguson,27,192564.87,2025-09-18 23:51:28.012758
4693,Laura Sandoval,48,186063.58,2024-04-10 05:11:24.308654
4694,Jeffrey Gomez,31,55314.24,2024-07-16 01:17:57.933589
4695,Kirk Sanchez,67,53046.44,2024-08-15 21:35:58.923881
4696,Betty Knight,75,126408.85,2024-09-25 22:21:21.323473
4697,Erin Fernandez,57,49669.25,2024-04-20 07:08:28.087614
4698,Mrs. Mary Ellison,31,131245.04,2024-06-03 15:38:06.244596
4699,Abigail Taylor,53,155306.54,2025-12-29 06:08:53.214259
4700,Jorge Griffith,21,152344.51,2023-09-19 13:51:28.509290
4701,Chelsea Jones,40,108420.93,2024-03-12 21:32:07.701169
4702,Kristen Villanueva,27,155364.02,2026-05-13 00:21:19.009675
4703,George Hernandez,67,72726.9,2025-06-10 06:05:16.447646
4704,Carla Coleman,46,156306.56,2026-05-02 15:32:22.431719
4705,Christopher Gutierrez,67,101496.96,2026-02-15 00:23:11.715087
4706,Christopher Brown,66,169227.94,2024-11-22 03:24:08.789819
4707,Misty Martin,41,70747.48,2026-01-15 13:23:45.007370
4708,Stephen Walker,26,145184.27,2024-09-08 10:35:02.844401
4709,Brian Clark,31,77974.89,2024-08-29 08:05:09.191832
4710,Todd Pacheco,49,129908.78,2024-12-16 09:54:57.790801
4711,Christina Delgado,23,184608.29,2025-08-04 20:28:13.658012
4712,Jonathan Stokes,55,41746.76,2024-01-31 21:04:59.521747
4713,Jaclyn Morris,32,195763.97,2024-01-01 13:03:06.028623
4714,Ernest Taylor,55,95761.22,2026-06-06 09:14:44.940374
4715,Christina Garcia,27,65392.07,2026-02-11 22:04:37.966230
4716,Dawn Fields,68,119846.64,2024-09-20 14:39:44.719717
4717,Clayton Mcclure,69,118379.12,2023-07-31 16:57:19.603979
4718,Haley Murphy,41,68562.22,2024-02-08 20:24:33.047481
4719,Jose Figueroa,21,85172.86,2024-01-01 10:40:17.606638
4720,Kelly Hester,49,100380.38,2025-11-22 06:21:12.531037
4721,Michelle Harrell,70,183596.37,2023-07-16 18:22:10.526875
4722,Daniel Chavez,44,41233.64,2025-12-27 04:16:56.922357
4723,Eric Gilmore,59,117988.61,2024-08-09 20:21:44.645271
4724,Renee Fowler,58,82150.31,2024-07-04 02:40:26.593690
4725,Carla Oneal,42,43507.11,2024-12-28 23:19:34.794229
4726,Keith Salazar,39,194269.17,2024-02-16 07:37:36.462618
4727,Elizabeth Patterson,52,113544.86,2026-03-13 13:09:28.254508
4728,Lindsay Jacobs,43,93157.22,2024-06-09 05:27:13.185957
4729,Kurt Carter,18,187194.86,2024-12-15 02:58:35.567715
4730,Richard Galvan,30,88390.32,2024-01-05 07:26:21.263759
4731,Hannah Ferrell,21,185397.53,2025-09-07 04:54:13.502043
4732,Joshua Richmond,42,98117.02,2024-11-25 13:10:19.501791
4733,Jessica Morales,47,190445.27,2025-01-30 20:25:31.986158
4734,James Taylor,18,117697.19,2025-04-28 17:53:05.182418
4735,Raymond Farley,30,43985.61,2026-05-07 10:15:57.214112
4736,Mark Trevino,44,50951.22,2025-12-20 16:02:56.018293
4737,Xavier Wilson,25,130151.8,2026-03-23 04:32:36.161237
4738,Jennifer Taylor,55,170220.92,2025-05-28 11:20:08.164338
4739,John Cooley,65,115410.87,2025-10-14 13:55:14.594619
4740,Heather Miller,48,71011.71,2024-01-11 08:29:24.678328
4741,Michael French,44,83749.03,2025-03-29 13:46:25.787465
4742,Amy Morgan,33,199028.12,2024-02-10 13:26:31.918943
4743,Phillip Erickson,26,132002.14,2024-06-21 03:28:43.955869
4744,Melanie Dixon DVM,43,179636.05,2026-06-09 00:24:10.914570
4745,Alexander Martin,33,113635.95,2026-02-05 18:19:51.741336
4746,Dennis Hernandez,73,162621.57,2025-07-07 20:30:55.425348
4747,Anne Mcneil,50,55256.67,2023-10-20 04:47:27.905014
4748,Paul Dunlap,18,192500.79,2024-06-03 00:51:53.976713
4749,Dr. Francis Morrow,69,137308.06,2023-09-11 01:32:09.575312
4750,Jacob Martinez,55,133925.99,2024-05-03 20:53:57.392137
4751,Allen Pineda,44,62406.94,2024-07-30 07:51:59.296141
4752,Victoria Gonzalez,38,195380.18,2024-07-05 05:58:21.862120
4753,Daniel Pena,30,100714.81,2024-09-28 03:00:37.970443
4754,Anthony Clark,23,136146.33,2025-12-15 00:34:17.783967
4755,Taylor Scott,44,180849.09,2024-06-21 15:17:28.798404
4756,Travis Walsh,41,171152.68,2023-07-19 03:50:01.233834
4757,Joshua Bishop,60,122552.61,2023-09-25 09:04:27.795759
4758,Kyle Wyatt,18,69878.2,2025-07-01 14:15:25.343279
4759,Kirsten Melton,21,84013.52,2026-06-01 14:13:33.121736
4760,Gregory Lewis,18,121927.49,2025-12-05 16:55:42.243571
4761,Dr. Jenna Swanson,63,143715.94,2025-09-02 23:17:49.464942
4762,Tammy Davis,70,160864.01,2023-10-17 03:10:46.112360
4763,Melissa Thomas,60,175354.56,2024-10-28 23:25:09.957051
4764,Douglas Stein,51,95883.57,2025-07-11 09:24:56.504126
4765,Anne Combs,24,60805.14,2025-12-09 07:01:25.009926
4766,Kelly Blevins,45,165811.14,2025-03-11 12:56:55.819475
4767,Harold Munoz,44,116099.02,2023-08-14 12:11:14.469611
4768,Patrick Johnson,59,174874.43,2024-08-11 04:19:40.194864
4769,Stephen Ramirez,60,108544.64,2025-07-29 09:04:18.100992
4770,Kathy Sheppard,37,78231.98,2025-08-29 02:47:43.377171
4771,Courtney Torres,25,150156.42,2023-09-18 18:56:36.877151
4772,Kenneth Jackson,75,63663.91,2026-02-26 20:28:07.122945
4773,Brenda Gibson,42,173658.4,2025-05-23 09:12:09.917696
4774,Brianna Mcpherson,64,92788.98,2025-04-18 00:43:13.946030
4775,Rodney Brooks,74,108038.72,2025-03-15 03:26:36.603834
4776,Kelly Strong,55,151897.94,2024-03-31 05:16:49.209348
4777,April Norris,42,161690.03,2023-07-18 13:08:32.991319
4778,Jennifer Carroll,65,132049.27,2025-03-25 08:02:03.041035
4779,Michael Ward,61,50699.67,2025-03-28 14:10:21.866068
4780,Timothy Lyons,54,174091.69,2023-08-12 00:01:07.995836
4781,Emily Sanchez,19,105445.87,2024-04-20 16:14:19.511864
4782,Joshua Kerr,24,160547.21,2024-06-17 06:28:42.652131
4783,Charles Thomas,42,154841.56,2025-01-20 21:14:59.190154
4784,Sheila Ayala,26,133249.89,2026-03-05 17:00:33.403405
4785,Patrick Scott,31,137610.35,2025-05-28 20:47:10.231600
4786,Jenny Spencer,20,157568.36,2024-07-25 05:11:52.782595
4787,David Mccormick,67,128962.46,2023-06-15 20:00:56.888546
4788,Courtney Holmes,51,78723.12,2025-04-01 13:41:31.985906
4789,Shelly Campos,42,40139.96,2024-03-20 19:10:18.663966
4790,Angel Kidd,35,117442.13,2025-12-16 00:58:50.019180
4791,Emily Carpenter,60,168202.42,2025-05-27 17:20:05.621509
4792,Rachel Wilson MD,38,146203.27,2024-07-10 19:13:22.067319
4793,Tracy Hammond,31,79804.47,2023-10-22 08:16:07.985527
4794,Kayla Bennett,55,112690.74,2025-04-10 20:09:12.479022
4795,Sarah Johnson,51,57595.49,2025-08-21 00:58:38.864924
4796,Jennifer Bowman,18,148743.58,2025-08-16 05:59:28.750074
4797,Christy Robertson,67,73833.72,2024-03-16 14:40:45.205059
4798,Donald Garza,45,141093.48,2025-03-14 16:35:47.501093
4799,Eric Andersen,69,143439.25,2024-01-03 15:38:43.744913
4800,Joseph Gonzalez,50,76803.9,2026-05-10 01:05:09.874194
4801,Katelyn Johnson,50,167527.46,2024-12-05 23:27:17.540946
4802,Richard Wagner,48,152069.12,2025-08-20 19:10:22.071133
4803,Cheryl Peterson,20,135050.25,2023-08-25 03:27:28.968818
4804,Duane Peterson,27,64665.74,2026-01-24 18:00:54.656471
4805,Mary Lee,65,67796.54,2023-09-21 11:19:46.445740
4806,Charles Benson,39,126733.33,2026-05-01 10:54:47.350494
4807,April Blankenship,38,99255.72,2025-07-27 08:29:41.806640
4808,Alyssa Waters,46,177406.56,2025-05-17 04:24:02.331877
4809,Mckenzie Smith MD,34,188681.29,2025-06-17 03:18:37.173857
4810,David Richardson,18,167375.33,2024-02-16 00:24:50.006616
4811,Joseph Smith,42,178662.47,2025-01-26 19:36:35.040680
4812,Jennifer Johnson,28,38814.6,2026-05-21 08:10:23.953752
4813,Laura Collins,73,199731.76,2023-08-26 06:42:39.246753
4814,Laura Simpson,72,63554.18,2024-01-28 07:03:54.850977
4815,Yolanda Bennett,61,87412.35,2023-10-20 22:20:34.421474
4816,Cory Caldwell,43,161223.13,2025-01-31 06:34:11.054837
4817,Hector Wilson,60,35407.26,2025-06-30 05:17:07.946697
4818,Caitlin Coleman,70,148385.48,2026-05-09 16:38:58.556014
4819,Tina Cruz,18,187007.48,2025-06-23 18:17:32.036171
4820,Brandi Johnston,75,189166.11,2023-10-31 09:06:06.164908
4821,Martin Murphy,73,61876.41,2026-01-06 07:20:24.224509
4822,Alexis Hurst,73,152825.38,2026-02-19 21:55:10.784971
4823,Kathleen Travis,32,135355.02,2025-12-17 03:34:22.084666
4824,Patrick Ross,18,36971.75,2023-08-24 18:18:21.132053
4825,Scott Fisher,25,78140.07,2025-11-15 18:47:08.289456
4826,Lauren Stewart,50,133636.36,2025-07-10 10:20:35.039140
4827,Joshua Stevens,53,97455.74,2024-01-20 19:11:39.949639
4828,Donna Fuller,26,165124.91,2025-05-26 11:37:31.036992
4829,Mariah Garcia,69,87681.44,2024-11-23 23:17:45.863263
4830,Laura Macias,58,179043.62,2025-02-24 07:30:18.842355
4831,Johnny Richards,31,63576.03,2025-09-24 01:35:41.006984
4832,Thomas Martin,32,64673.01,2024-02-04 21:49:02.873266
4833,Ernest Baker,69,158662.06,2025-01-16 16:45:57.762315
4834,Scott Ellis,35,163315.48,2024-06-07 04:57:20.286811
4835,Paula Smith,73,125011.67,2026-05-20 14:14:48.775472
4836,Denise Lozano,64,115687.47,2025-02-21 08:13:52.783127
4837,Gary Wallace,75,139496.38,2024-07-23 13:17:32.040975
4838,Eric Jones,51,62077.0,2024-08-04 10:24:22.448970
4839,Margaret Thomas,36,109906.47,2025-01-08 16:17:58.628984
4840,Rebecca Ewing,18,197040.08,2023-11-22 15:41:41.907194
4841,Traci Harris,18,193131.94,2023-09-25 09:55:11.771749
4842,Joseph Alvarez,67,112106.71,2024-04-04 04:35:55.326861
4843,Tammie Salazar,32,44820.98,2026-02-26 05:36:49.058728
4844,Anthony Moore,59,42507.02,2026-01-02 07:08:05.432175
4845,Mary Green,45,72943.68,2023-12-13 07:04:36.824807
4846,Nicole Lin,48,74296.42,2024-08-17 13:16:11.402427
4847,Mark Johnson,65,47599.83,2025-09-27 11:37:03.307108
4848,Charles Todd,24,104208.1,2026-02-05 13:29:04.944209
4849,Jacob Brown,67,99695.97,2025-06-03 18:12:35.030986
4850,Megan Gordon,49,159579.14,2024-08-09 20:54:45.342350
4851,Tina Howell,36,72210.25,2024-10-03 02:26:47.740293
4852,Dominic Campos,24,45820.82,2025-10-25 20:58:06.907089
4853,Amanda Cole,22,155054.98,2025-07-30 06:14:27.591854
4854,Diana Wilson,43,151433.21,2026-03-06 01:58:18.459768
4855,Courtney Escobar,20,58419.98,2025-11-24 00:48:37.180440
4856,Nancy Mendoza,30,78584.55,2023-07-31 05:02:24.473584
4857,William Rose,58,35304.39,2023-09-15 20:16:07.743554
4858,Sheila Perez,32,197366.62,2025-11-02 10:08:18.886880
4859,Alison Wilson,67,66770.56,2024-06-27 02:55:35.655692
4860,Joseph Campos,20,71846.15,2026-01-06 07:34:39.964267
4861,Eric Lowe MD,75,110856.64,2026-06-03 19:55:01.289295
4862,Jacob Nicholson,67,71093.54,2023-09-13 14:36:28.293795
4863,Larry Johnson,57,182629.88,2024-05-15 13:37:37.386672
4864,Emily Lopez,75,166926.6,2025-01-07 13:32:58.560649
4865,John Nelson,65,96965.88,2025-10-20 20:28:02.943572
4866,Charles Thomas,35,51436.07,2025-01-28 18:28:15.186341
4867,Brooke Lowe,19,48539.23,2025-02-21 03:04:33.458955
4868,Robert Jimenez,55,142593.21,2025-05-13 01:26:07.539649
4869,Ashley Deleon,19,185488.78,2023-12-02 17:35:46.305003
4870,Jennifer Hall,18,88557.37,2023-11-17 11:47:57.403708
4871,James Barr,63,175706.21,2024-04-10 07:37:13.151432
4872,Donald Sanchez,55,117243.53,2026-05-17 18:54:33.640229
4873,Sandra Weiss,21,64396.59,2024-09-06 17:54:31.774121
4874,Leah Pearson,48,91852.56,2025-03-31 07:46:09.244806
4875,Susan Smith,59,173744.14,2024-03-27 18:42:07.660354
4876,Mark Hess,73,158778.17,2024-07-22 04:50:23.276420
4877,Christina Guerrero,75,133614.03,2024-07-25 12:54:26.780216
4878,Charles Ross,45,60257.14,2024-07-02 15:13:06.208198
4879,Elizabeth Wilson,51,88115.57,2025-11-07 13:56:15.150818
4880,Tonya Ward,23,94307.86,2025-08-26 05:37:33.141318
4881,Laura Lee,20,164179.09,2023-06-29 20:37:16.635767
4882,David Lewis,53,154782.84,2025-06-27 05:43:41.126182
4883,Jennifer Stevens,23,80880.53,2024-10-05 05:51:39.575239
4884,Karen Aguilar,39,81799.84,2025-11-06 14:14:07.516191
4885,Scott Russell,56,177818.52,2023-06-25 00:41:04.327360
4886,Mr. Robert Graves Jr.,57,79650.88,2025-04-26 16:56:11.460525
4887,William Wood,47,72628.16,2024-04-11 10:43:57.827549
4888,Elizabeth Woodard,68,198744.62,2023-08-04 23:47:47.064323
4889,Paula Cordova,30,101658.0,2026-02-05 09:41:58.389562
4890,Kelly Valencia,29,58869.45,2024-10-24 14:44:49.743358
4891,Jesus Hernandez,50,39976.51,2024-01-27 18:05:23.423666
4892,Susan Scott,26,152256.64,2024-11-23 04:57:32.935654
4893,Matthew Smith,73,131305.27,2023-10-23 06:20:23.643847
4894,Kevin White,25,84471.74,2024-09-03 11:43:57.776114
4895,Rachael Gardner,67,42106.57,2024-10-24 05:45:25.554976
4896,Monica Lyons,41,116739.46,2026-04-25 19:43:27.985086
4897,Samantha Stevens,73,189052.73,2025-10-01 04:20:27.739789
4898,Regina Freeman,57,31023.7,2023-08-09 17:38:01.025338
4899,Travis Riddle,55,141731.53,2026-04-06 23:04:46.523011
4900,Maria Fritz,56,186277.01,2025-06-27 05:27:14.049383
4901,Thomas Guerrero,35,95490.27,2023-09-23 21:50:49.003803
4902,Leslie Vincent,23,137755.68,2024-10-06 10:35:00.256536
4903,Brian Baker,22,133497.82,2024-08-20 02:11:52.442120
4904,Brittany Carson,41,96266.57,2024-10-08 05:38:50.626150
4905,Keith Joseph,70,46960.03,2024-04-14 13:58:51.449380
4906,Christopher White,30,111108.05,2024-09-14 04:54:58.055379
4907,Heather Austin,38,103963.81,2026-05-20 21:25:30.019433
4908,James Thomas,34,166977.19,2025-06-25 11:21:50.949011
4909,Lawrence Stevenson,35,120391.43,2023-09-15 14:41:20.365536
4910,Chelsea Allen,67,189957.75,2023-12-21 16:03:55.894512
4911,Michael Diaz,26,33718.95,2026-04-21 03:55:24.037755
4912,Gary Buchanan,45,170248.18,2023-10-23 08:39:06.646433
4913,Kevin Riddle,57,118841.17,2024-01-26 23:37:41.655705
4914,Mary Hanson,70,163176.98,2025-12-09 06:28:41.580810
4915,Amanda Hughes,70,74427.1,2024-12-29 14:01:38.118528
4916,Michael Webb,26,148873.24,2023-09-27 00:32:03.209134
4917,Kaitlin Lewis,25,135058.29,2025-02-27 15:42:57.712109
4918,Howard Davis,26,70776.81,2025-06-30 11:16:10.817441
4919,Alan Garcia,71,56803.29,2026-03-31 06:02:05.726556
4920,Luis Kramer,64,127999.9,2025-05-30 07:44:21.459188
4921,Luis Johnson,34,81370.83,2024-07-21 12:32:13.144398
4922,Matthew Johns,72,98972.18,2024-10-04 07:21:57.617642
4923,Kenneth Walls Jr.,29,90403.56,2024-05-20 07:28:11.320956
4924,Joann Sutton,32,188190.61,2025-02-28 08:15:25.327190
4925,John Hawkins,36,36764.06,2025-12-03 08:35:41.182271
4926,Walter Roberts,27,134456.54,2023-08-04 23:44:03.109142
4927,Matthew Barr,27,169235.43,2025-07-18 00:57:16.092722
4928,Wanda Powell,66,102795.9,2025-01-27 03:36:41.553297
4929,Ethan Wong,75,105896.19,2024-07-16 17:34:25.275071
4930,Megan Smith,50,115636.37,2023-07-15 10:02:29.144663
4931,Jeffrey Schneider,47,147981.86,2023-07-30 22:21:08.169508
4932,Michelle Noble,61,145944.93,2023-12-05 17:46:04.206561
4933,Chad Taylor,24,188945.2,2025-07-27 06:41:27.834844
4934,Jason Cervantes,62,70805.91,2024-05-22 22:10:04.978630
4935,Richard Webb,43,182292.84,2026-01-10 13:15:14.126576
4936,Laurie Alvarez,51,35396.81,2024-05-15 09:14:29.189531
4937,Alexis Jones,68,152174.93,2023-12-25 10:04:47.393622
4938,Olivia Sullivan,19,154642.6,2024-06-17 07:03:15.956783
4939,Nicole Cisneros,48,108826.77,2025-04-08 16:39:44.933099
4940,Leon Smith,30,93257.15,2025-11-03 22:49:03.920334
4941,Cynthia Moss,28,183509.82,2024-06-23 03:38:08.285682
4942,Benjamin Cruz,34,197107.56,2024-10-23 12:47:14.522473
4943,Gerald Scott,70,143549.77,2024-08-18 21:03:59.416363
4944,Jennifer Rodriguez,42,190538.84,2023-12-14 04:49:15.156438
4945,Gary Hall,37,168483.17,2023-11-03 19:20:32.185990
4946,Paula Lambert,33,115066.04,2026-05-31 19:32:43.324480
4947,Chelsea Durham,55,65008.2,2023-10-17 02:14:48.731806
4948,Maria Glass,55,53636.59,2025-12-13 20:38:50.535535
4949,Patricia Estes,40,174959.51,2023-10-21 13:13:42.574049
4950,Timothy Smith,68,58324.68,2025-06-23 12:13:41.822893
4951,Doris Avery,43,182204.59,2025-07-20 07:21:15.643759
4952,Shawn Valdez,58,171162.31,2025-11-28 15:22:16.840019
4953,Robert Griffith,66,87130.56,2024-10-03 01:24:07.805366
4954,Laura Wagner,66,111536.38,2025-07-25 05:47:10.525472
4955,Linda Thomas,41,139823.14,2024-09-24 07:40:23.285256
4956,Mary Griffith,74,101218.77,2026-03-04 15:29:15.182137
4957,Amber Aguilar,55,113271.12,2024-10-07 00:21:01.820090
4958,Kerry Mccoy,27,152387.94,2024-10-10 09:48:37.269760
4959,Kevin Andrews,32,80464.16,2024-04-15 18:17:50.105526
4960,David Cross,26,77721.59,2024-01-11 04:29:04.060486
4961,Courtney Gentry,34,115773.51,2026-04-07 20:12:12.435148
4962,Samuel Olson,38,66052.21,2024-12-19 20:18:44.491203
4963,Jane Owens,70,162449.0,2026-05-22 07:42:17.925907
4964,Dr. Michelle Duarte,18,63058.47,2026-05-05 19:07:02.725290
4965,Bonnie Ortiz,18,117621.72,2023-12-05 17:44:47.430197
4966,Duane Peck,72,136165.46,2026-01-01 11:50:48.312053
4967,Chad Evans,37,69013.45,2026-06-11 12:57:24.006343
4968,Cheryl Kelly,64,79649.89,2025-04-22 20:33:17.341997
4969,John Nelson,47,118527.81,2024-09-05 06:17:23.061398
4970,Karen Escobar,54,146319.13,2025-10-28 01:05:57.972860
4971,Chloe Brown MD,32,124565.17,2024-04-04 12:13:16.286821
4972,Joseph Walsh,20,164764.37,2026-02-23 05:10:05.659296
4973,Diana Gill,68,87361.04,2023-08-28 10:09:45.984622
4974,Martha Hicks,32,177686.08,2023-08-09 00:45:22.631393
4975,Heather Gonzalez,70,96068.27,2024-04-30 09:28:24.563223
4976,Andre Callahan,73,69079.96,2024-05-13 05:02:11.609106
4977,Samantha Kelley,59,45719.93,2026-04-19 19:03:45.396580
4978,Max Young,23,54932.15,2024-07-21 03:10:40.516001
4979,Samantha Smith,38,73265.09,2023-09-14 11:21:23.856577
4980,Kimberly Johnson,50,132655.64,2025-01-13 04:20:02.072513
4981,Phillip Luna,52,197550.71,2026-01-16 23:50:27.069032
4982,Lucas Brown,23,105315.87,2023-10-20 19:40:24.106569
4983,Bailey Torres,18,98650.61,2025-12-28 17:53:45.720336
4984,Luke Jackson,40,120312.6,2024-03-03 09:57:09.328693
4985,Danielle Garcia,23,159592.9,2026-02-24 16:15:15.659031
4986,Amy Wilkins,66,149999.68,2024-11-03 15:47:25.427257
4987,Richard Ferguson,56,157195.08,2025-03-23 09:09:04.243547
4988,Spencer Jones,42,187154.61,2025-07-21 03:39:14.558086
4989,Alyssa Peterson,65,32957.6,2025-08-15 07:31:11.490186
4990,Charlene Thompson,67,64869.66,2024-06-19 07:38:53.420423
4991,Linda Cameron,74,166467.1,2025-05-09 00:47:52.422159
4992,Brandon Harrison,73,125737.56,2023-12-29 05:21:55.527306
4993,Brian Graves,24,78281.01,2025-08-24 20:07:24.218539
4994,Dr. Stacey Miller,28,45759.21,2024-10-17 17:39:44.949016
4995,Robert Nash,30,146481.73,2026-03-27 20:21:08.007930
4996,Lisa Ryan,58,43051.2,2023-12-26 00:53:52.126057
4997,Scott Thompson,42,141453.16,2024-04-10 02:34:17.750314
4998,Susan Hoffman,48,47416.99,2024-05-03 20:26:27.888472
4999,Kathy Smith,45,121891.54,2023-09-22 14:13:18.580410
5000,Alex Davis,47,50001.46,2025-09-30 05:43:42.351588
